blind_id,axis,obligation_id,requirement_mode,evaluator_status,evaluator_rationale,failure_family_if_blocking,ia_codes_if_fail
C01,S_STRUCTURAL,PO00,M,PASS,Frozen packet supplies affirmative evidence for source/target grounding.,,
C01,S_STRUCTURAL,PO01,M,PASS,Frozen packet supplies affirmative evidence for explicit mapping declaration.,,
C01,S_STRUCTURAL,PO02,M,PASS,Frozen packet supplies affirmative evidence for type and role compatibility.,,
C01,S_STRUCTURAL,PO03,M,PASS,Frozen packet supplies affirmative evidence for relation preservation.,,
C01,S_STRUCTURAL,PO16,M,PASS,Frozen packet supplies affirmative evidence for provenance completeness.,,
C01,F_FORMAL,PO00,M,PASS,Frozen packet supplies affirmative evidence for source/target grounding.,,
C01,F_FORMAL,PO01,M,PASS,Frozen packet supplies affirmative evidence for explicit mapping declaration.,,
C01,F_FORMAL,PO02,M,PASS,Frozen packet supplies affirmative evidence for type and role compatibility.,,
C01,F_FORMAL,PO03,M,PASS,Frozen packet supplies affirmative evidence for relation preservation.,,
C01,F_FORMAL,PO04,M,PASS,Frozen packet supplies affirmative evidence for target formal well-formedness.,,
C01,F_FORMAL,PO05,C,NOT_APPLICABLE,Dimensional/metrological validity is not activated by this bounded axis claim.,,
C01,F_FORMAL,PO06,M,PASS,Frozen packet supplies affirmative evidence for assumption transport.,,
C01,F_FORMAL,PO07,M,PASS,"Frozen packet supplies affirmative evidence for boundary, scale, and regime coverage.",,
C01,F_FORMAL,PO09,C,NOT_APPLICABLE,Invariant/conservation compatibility is not activated by this bounded axis claim.,,
C01,F_FORMAL,PO10,C,PASS,Frozen packet supplies affirmative evidence for parameter transport/calibration.,,
C01,F_FORMAL,PO11,C,NOT_APPLICABLE,Empirical-envelope compatibility is not activated by this bounded axis claim.,,
C01,F_FORMAL,PO16,M,PASS,Frozen packet supplies affirmative evidence for provenance completeness.,,
C01,M_MECHANISTIC,PO00,M,PASS,Frozen packet supplies affirmative evidence for source/target grounding.,,
C01,M_MECHANISTIC,PO01,M,PASS,Frozen packet supplies affirmative evidence for explicit mapping declaration.,,
C01,M_MECHANISTIC,PO02,M,PASS,Frozen packet supplies affirmative evidence for type and role compatibility.,,
C01,M_MECHANISTIC,PO03,M,PASS,Frozen packet supplies affirmative evidence for relation preservation.,,
C01,M_MECHANISTIC,PO04,M,PASS,Frozen packet supplies affirmative evidence for target formal well-formedness.,,
C01,M_MECHANISTIC,PO05,C,NOT_APPLICABLE,Dimensional/metrological validity is not activated by this bounded axis claim.,,
C01,M_MECHANISTIC,PO06,M,PASS,Frozen packet supplies affirmative evidence for assumption transport.,,
C01,M_MECHANISTIC,PO07,M,PASS,"Frozen packet supplies affirmative evidence for boundary, scale, and regime coverage.",,
C01,M_MECHANISTIC,PO08,M,PASS,Frozen packet supplies affirmative evidence for causal/mechanistic compatibility.,,
C01,M_MECHANISTIC,PO09,M,PASS,Frozen packet supplies affirmative evidence for invariant/conservation compatibility.,,
C01,M_MECHANISTIC,PO10,M,PASS,Frozen packet supplies affirmative evidence for parameter transport/calibration.,,
C01,M_MECHANISTIC,PO11,M,PASS,Frozen packet supplies affirmative evidence for empirical-envelope compatibility.,,
C01,M_MECHANISTIC,PO12,C,NOT_APPLICABLE,Uncertainty/sensitivity is not activated by this bounded axis claim.,,
C01,M_MECHANISTIC,PO16,M,PASS,Frozen packet supplies affirmative evidence for provenance completeness.,,
C01,P_PREDICTIVE,PO00,M,PASS,Frozen packet supplies affirmative evidence for source/target grounding.,,
C01,P_PREDICTIVE,PO01,M,PASS,Frozen packet supplies affirmative evidence for explicit mapping declaration.,,
C01,P_PREDICTIVE,PO02,M,PASS,Frozen packet supplies affirmative evidence for type and role compatibility.,,
C01,P_PREDICTIVE,PO03,M,PASS,Frozen packet supplies affirmative evidence for relation preservation.,,
C01,P_PREDICTIVE,PO04,M,PASS,Frozen packet supplies affirmative evidence for target formal well-formedness.,,
C01,P_PREDICTIVE,PO05,C,NOT_APPLICABLE,Dimensional/metrological validity is not activated by this bounded axis claim.,,
C01,P_PREDICTIVE,PO06,M,PASS,Frozen packet supplies affirmative evidence for assumption transport.,,
C01,P_PREDICTIVE,PO07,M,PASS,"Frozen packet supplies affirmative evidence for boundary, scale, and regime coverage.",,
C01,P_PREDICTIVE,PO08,C,PASS,Frozen packet supplies affirmative evidence for causal/mechanistic compatibility.,,
C01,P_PREDICTIVE,PO09,C,NOT_APPLICABLE,Invariant/conservation compatibility is not activated by this bounded axis claim.,,
C01,P_PREDICTIVE,PO10,C,PASS,Frozen packet supplies affirmative evidence for parameter transport/calibration.,,
C01,P_PREDICTIVE,PO11,M,PASS,Frozen packet supplies affirmative evidence for empirical-envelope compatibility.,,
C01,P_PREDICTIVE,PO12,M,PASS,Frozen packet supplies affirmative evidence for uncertainty/sensitivity.,,
C01,P_PREDICTIVE,PO13,M,PASS,Frozen packet supplies affirmative evidence for discriminating target prediction.,,
C01,P_PREDICTIVE,PO14,M,PASS,Frozen packet supplies affirmative evidence for falsification route/negative control.,,
C01,P_PREDICTIVE,PO15,C,NOT_APPLICABLE,Novelty/prior-art check is not activated by this bounded axis claim.,,
C01,P_PREDICTIVE,PO16,M,PASS,Frozen packet supplies affirmative evidence for provenance completeness.,,
C01,V_VALIDATED,PO00,M,PASS,Frozen packet supplies affirmative evidence for source/target grounding.,,
C01,V_VALIDATED,PO01,M,PASS,Frozen packet supplies affirmative evidence for explicit mapping declaration.,,
C01,V_VALIDATED,PO02,M,PASS,Frozen packet supplies affirmative evidence for type and role compatibility.,,
C01,V_VALIDATED,PO03,M,PASS,Frozen packet supplies affirmative evidence for relation preservation.,,
C01,V_VALIDATED,PO04,M,PASS,Frozen packet supplies affirmative evidence for target formal well-formedness.,,
C01,V_VALIDATED,PO05,C,NOT_APPLICABLE,Dimensional/metrological validity is not activated by this bounded axis claim.,,
C01,V_VALIDATED,PO06,M,PASS,Frozen packet supplies affirmative evidence for assumption transport.,,
C01,V_VALIDATED,PO07,M,PASS,"Frozen packet supplies affirmative evidence for boundary, scale, and regime coverage.",,
C01,V_VALIDATED,PO08,C,PASS,Frozen packet supplies affirmative evidence for causal/mechanistic compatibility.,,
C01,V_VALIDATED,PO09,C,NOT_APPLICABLE,Invariant/conservation compatibility is not activated by this bounded axis claim.,,
C01,V_VALIDATED,PO10,C,PASS,Frozen packet supplies affirmative evidence for parameter transport/calibration.,,
C01,V_VALIDATED,PO11,M,PASS,Frozen packet supplies affirmative evidence for empirical-envelope compatibility.,,
C01,V_VALIDATED,PO12,M,PASS,Frozen packet supplies affirmative evidence for uncertainty/sensitivity.,,
C01,V_VALIDATED,PO13,M,PASS,Frozen packet supplies affirmative evidence for discriminating target prediction.,,
C01,V_VALIDATED,PO14,M,PASS,Frozen packet supplies affirmative evidence for falsification route/negative control.,,
C01,V_VALIDATED,PO15,C,NOT_APPLICABLE,Novelty/prior-art check is not activated by this bounded axis claim.,,
C01,V_VALIDATED,PO16,M,PASS,Frozen packet supplies affirmative evidence for provenance completeness.,,
C01,V_VALIDATED,PO17,M,UNKNOWN,Frozen packet does not supply sufficient evidence for validation of transferred prediction.,,
C02,S_STRUCTURAL,PO00,M,PASS,Frozen packet supplies affirmative evidence for source/target grounding.,,
C02,S_STRUCTURAL,PO01,M,PASS,Frozen packet supplies affirmative evidence for explicit mapping declaration.,,
C02,S_STRUCTURAL,PO02,M,PASS,Frozen packet supplies affirmative evidence for type and role compatibility.,,
C02,S_STRUCTURAL,PO03,M,PASS,Frozen packet supplies affirmative evidence for relation preservation.,,
C02,S_STRUCTURAL,PO16,M,PASS,Frozen packet supplies affirmative evidence for provenance completeness.,,
C02,F_FORMAL,PO00,M,PASS,Frozen packet supplies affirmative evidence for source/target grounding.,,
C02,F_FORMAL,PO01,M,PASS,Frozen packet supplies affirmative evidence for explicit mapping declaration.,,
C02,F_FORMAL,PO02,M,PASS,Frozen packet supplies affirmative evidence for type and role compatibility.,,
C02,F_FORMAL,PO03,M,PASS,Frozen packet supplies affirmative evidence for relation preservation.,,
C02,F_FORMAL,PO04,M,PASS,Frozen packet supplies affirmative evidence for target formal well-formedness.,,
C02,F_FORMAL,PO05,C,PASS,Frozen packet supplies affirmative evidence for dimensional/metrological validity.,,
C02,F_FORMAL,PO06,M,PASS,Frozen packet supplies affirmative evidence for assumption transport.,,
C02,F_FORMAL,PO07,M,PASS,"Frozen packet supplies affirmative evidence for boundary, scale, and regime coverage.",,
C02,F_FORMAL,PO09,C,PASS,Frozen packet supplies affirmative evidence for invariant/conservation compatibility.,,
C02,F_FORMAL,PO10,C,PASS,Frozen packet supplies affirmative evidence for parameter transport/calibration.,,
C02,F_FORMAL,PO11,C,PASS,Frozen packet supplies affirmative evidence for empirical-envelope compatibility.,,
C02,F_FORMAL,PO16,M,PASS,Frozen packet supplies affirmative evidence for provenance completeness.,,
C02,M_MECHANISTIC,PO00,M,PASS,Frozen packet supplies affirmative evidence for source/target grounding.,,
C02,M_MECHANISTIC,PO01,M,PASS,Frozen packet supplies affirmative evidence for explicit mapping declaration.,,
C02,M_MECHANISTIC,PO02,M,PASS,Frozen packet supplies affirmative evidence for type and role compatibility.,,
C02,M_MECHANISTIC,PO03,M,PASS,Frozen packet supplies affirmative evidence for relation preservation.,,
C02,M_MECHANISTIC,PO04,M,PASS,Frozen packet supplies affirmative evidence for target formal well-formedness.,,
C02,M_MECHANISTIC,PO05,C,PASS,Frozen packet supplies affirmative evidence for dimensional/metrological validity.,,
C02,M_MECHANISTIC,PO06,M,PASS,Frozen packet supplies affirmative evidence for assumption transport.,,
C02,M_MECHANISTIC,PO07,M,PASS,"Frozen packet supplies affirmative evidence for boundary, scale, and regime coverage.",,
C02,M_MECHANISTIC,PO08,M,PASS,Frozen packet supplies affirmative evidence for causal/mechanistic compatibility.,,
C02,M_MECHANISTIC,PO09,M,PASS,Frozen packet supplies affirmative evidence for invariant/conservation compatibility.,,
C02,M_MECHANISTIC,PO10,M,PASS,Frozen packet supplies affirmative evidence for parameter transport/calibration.,,
C02,M_MECHANISTIC,PO11,M,PASS,Frozen packet supplies affirmative evidence for empirical-envelope compatibility.,,
C02,M_MECHANISTIC,PO12,C,PASS,Frozen packet supplies affirmative evidence for uncertainty/sensitivity.,,
C02,M_MECHANISTIC,PO16,M,PASS,Frozen packet supplies affirmative evidence for provenance completeness.,,
C02,P_PREDICTIVE,PO00,M,PASS,Frozen packet supplies affirmative evidence for source/target grounding.,,
C02,P_PREDICTIVE,PO01,M,PASS,Frozen packet supplies affirmative evidence for explicit mapping declaration.,,
C02,P_PREDICTIVE,PO02,M,PASS,Frozen packet supplies affirmative evidence for type and role compatibility.,,
C02,P_PREDICTIVE,PO03,M,PASS,Frozen packet supplies affirmative evidence for relation preservation.,,
C02,P_PREDICTIVE,PO04,M,PASS,Frozen packet supplies affirmative evidence for target formal well-formedness.,,
C02,P_PREDICTIVE,PO05,C,PASS,Frozen packet supplies affirmative evidence for dimensional/metrological validity.,,
C02,P_PREDICTIVE,PO06,M,PASS,Frozen packet supplies affirmative evidence for assumption transport.,,
C02,P_PREDICTIVE,PO07,M,PASS,"Frozen packet supplies affirmative evidence for boundary, scale, and regime coverage.",,
C02,P_PREDICTIVE,PO08,C,PASS,Frozen packet supplies affirmative evidence for causal/mechanistic compatibility.,,
C02,P_PREDICTIVE,PO09,C,PASS,Frozen packet supplies affirmative evidence for invariant/conservation compatibility.,,
C02,P_PREDICTIVE,PO10,C,PASS,Frozen packet supplies affirmative evidence for parameter transport/calibration.,,
C02,P_PREDICTIVE,PO11,M,PASS,Frozen packet supplies affirmative evidence for empirical-envelope compatibility.,,
C02,P_PREDICTIVE,PO12,M,PASS,Frozen packet supplies affirmative evidence for uncertainty/sensitivity.,,
C02,P_PREDICTIVE,PO13,M,PASS,Frozen packet supplies affirmative evidence for discriminating target prediction.,,
C02,P_PREDICTIVE,PO14,M,PASS,Frozen packet supplies affirmative evidence for falsification route/negative control.,,
C02,P_PREDICTIVE,PO15,C,NOT_APPLICABLE,Novelty/prior-art check is not activated by this bounded axis claim.,,
C02,P_PREDICTIVE,PO16,M,PASS,Frozen packet supplies affirmative evidence for provenance completeness.,,
C02,V_VALIDATED,PO00,M,PASS,Frozen packet supplies affirmative evidence for source/target grounding.,,
C02,V_VALIDATED,PO01,M,PASS,Frozen packet supplies affirmative evidence for explicit mapping declaration.,,
C02,V_VALIDATED,PO02,M,PASS,Frozen packet supplies affirmative evidence for type and role compatibility.,,
C02,V_VALIDATED,PO03,M,PASS,Frozen packet supplies affirmative evidence for relation preservation.,,
C02,V_VALIDATED,PO04,M,PASS,Frozen packet supplies affirmative evidence for target formal well-formedness.,,
C02,V_VALIDATED,PO05,C,PASS,Frozen packet supplies affirmative evidence for dimensional/metrological validity.,,
C02,V_VALIDATED,PO06,M,PASS,Frozen packet supplies affirmative evidence for assumption transport.,,
C02,V_VALIDATED,PO07,M,PASS,"Frozen packet supplies affirmative evidence for boundary, scale, and regime coverage.",,
C02,V_VALIDATED,PO08,C,PASS,Frozen packet supplies affirmative evidence for causal/mechanistic compatibility.,,
C02,V_VALIDATED,PO09,C,PASS,Frozen packet supplies affirmative evidence for invariant/conservation compatibility.,,
C02,V_VALIDATED,PO10,C,PASS,Frozen packet supplies affirmative evidence for parameter transport/calibration.,,
C02,V_VALIDATED,PO11,M,PASS,Frozen packet supplies affirmative evidence for empirical-envelope compatibility.,,
C02,V_VALIDATED,PO12,M,PASS,Frozen packet supplies affirmative evidence for uncertainty/sensitivity.,,
C02,V_VALIDATED,PO13,M,PASS,Frozen packet supplies affirmative evidence for discriminating target prediction.,,
C02,V_VALIDATED,PO14,M,PASS,Frozen packet supplies affirmative evidence for falsification route/negative control.,,
C02,V_VALIDATED,PO15,C,NOT_APPLICABLE,Novelty/prior-art check is not activated by this bounded axis claim.,,
C02,V_VALIDATED,PO16,M,PASS,Frozen packet supplies affirmative evidence for provenance completeness.,,
C02,V_VALIDATED,PO17,M,PASS,Frozen packet supplies affirmative evidence for validation of transferred prediction.,,
C03,S_STRUCTURAL,PO00,M,PASS,Frozen packet supplies affirmative evidence for source/target grounding.,,
C03,S_STRUCTURAL,PO01,M,PASS,Frozen packet supplies affirmative evidence for explicit mapping declaration.,,
C03,S_STRUCTURAL,PO02,M,PASS,Frozen packet supplies affirmative evidence for type and role compatibility.,,
C03,S_STRUCTURAL,PO03,M,PASS,Frozen packet supplies affirmative evidence for relation preservation.,,
C03,S_STRUCTURAL,PO16,M,PASS,Frozen packet supplies affirmative evidence for provenance completeness.,,
C03,F_FORMAL,PO00,M,PASS,Frozen packet supplies affirmative evidence for source/target grounding.,,
C03,F_FORMAL,PO01,M,PASS,Frozen packet supplies affirmative evidence for explicit mapping declaration.,,
C03,F_FORMAL,PO02,M,PASS,Frozen packet supplies affirmative evidence for type and role compatibility.,,
C03,F_FORMAL,PO03,M,PASS,Frozen packet supplies affirmative evidence for relation preservation.,,
C03,F_FORMAL,PO04,M,PASS,Frozen packet supplies affirmative evidence for target formal well-formedness.,,
C03,F_FORMAL,PO05,C,NOT_APPLICABLE,Dimensional/metrological validity is not activated by this bounded axis claim.,,
C03,F_FORMAL,PO06,M,PASS,Frozen packet supplies affirmative evidence for assumption transport.,,
C03,F_FORMAL,PO07,M,PASS,"Frozen packet supplies affirmative evidence for boundary, scale, and regime coverage.",,
C03,F_FORMAL,PO09,C,PASS,Frozen packet supplies affirmative evidence for invariant/conservation compatibility.,,
C03,F_FORMAL,PO10,C,PASS,Frozen packet supplies affirmative evidence for parameter transport/calibration.,,
C03,F_FORMAL,PO11,C,PASS,Frozen packet supplies affirmative evidence for empirical-envelope compatibility.,,
C03,F_FORMAL,PO16,M,PASS,Frozen packet supplies affirmative evidence for provenance completeness.,,
C03,M_MECHANISTIC,PO00,M,PASS,Frozen packet supplies affirmative evidence for source/target grounding.,,
C03,M_MECHANISTIC,PO01,M,PASS,Frozen packet supplies affirmative evidence for explicit mapping declaration.,,
C03,M_MECHANISTIC,PO02,M,PASS,Frozen packet supplies affirmative evidence for type and role compatibility.,,
C03,M_MECHANISTIC,PO03,M,PASS,Frozen packet supplies affirmative evidence for relation preservation.,,
C03,M_MECHANISTIC,PO04,M,PASS,Frozen packet supplies affirmative evidence for target formal well-formedness.,,
C03,M_MECHANISTIC,PO05,C,NOT_APPLICABLE,Dimensional/metrological validity is not activated by this bounded axis claim.,,
C03,M_MECHANISTIC,PO06,M,PASS,Frozen packet supplies affirmative evidence for assumption transport.,,
C03,M_MECHANISTIC,PO07,M,PASS,"Frozen packet supplies affirmative evidence for boundary, scale, and regime coverage.",,
C03,M_MECHANISTIC,PO08,M,PASS,Frozen packet supplies affirmative evidence for causal/mechanistic compatibility.,,
C03,M_MECHANISTIC,PO09,M,PASS,Frozen packet supplies affirmative evidence for invariant/conservation compatibility.,,
C03,M_MECHANISTIC,PO10,M,PASS,Frozen packet supplies affirmative evidence for parameter transport/calibration.,,
C03,M_MECHANISTIC,PO11,M,PASS,Frozen packet supplies affirmative evidence for empirical-envelope compatibility.,,
C03,M_MECHANISTIC,PO12,C,NOT_APPLICABLE,Uncertainty/sensitivity is not activated by this bounded axis claim.,,
C03,M_MECHANISTIC,PO16,M,PASS,Frozen packet supplies affirmative evidence for provenance completeness.,,
C03,P_PREDICTIVE,PO00,M,PASS,Frozen packet supplies affirmative evidence for source/target grounding.,,
C03,P_PREDICTIVE,PO01,M,PASS,Frozen packet supplies affirmative evidence for explicit mapping declaration.,,
C03,P_PREDICTIVE,PO02,M,PASS,Frozen packet supplies affirmative evidence for type and role compatibility.,,
C03,P_PREDICTIVE,PO03,M,PASS,Frozen packet supplies affirmative evidence for relation preservation.,,
C03,P_PREDICTIVE,PO04,M,PASS,Frozen packet supplies affirmative evidence for target formal well-formedness.,,
C03,P_PREDICTIVE,PO05,C,NOT_APPLICABLE,Dimensional/metrological validity is not activated by this bounded axis claim.,,
C03,P_PREDICTIVE,PO06,M,PASS,Frozen packet supplies affirmative evidence for assumption transport.,,
C03,P_PREDICTIVE,PO07,M,PASS,"Frozen packet supplies affirmative evidence for boundary, scale, and regime coverage.",,
C03,P_PREDICTIVE,PO08,C,PASS,Frozen packet supplies affirmative evidence for causal/mechanistic compatibility.,,
C03,P_PREDICTIVE,PO09,C,PASS,Frozen packet supplies affirmative evidence for invariant/conservation compatibility.,,
C03,P_PREDICTIVE,PO10,C,PASS,Frozen packet supplies affirmative evidence for parameter transport/calibration.,,
C03,P_PREDICTIVE,PO11,M,PASS,Frozen packet supplies affirmative evidence for empirical-envelope compatibility.,,
C03,P_PREDICTIVE,PO12,M,PASS,Frozen packet supplies affirmative evidence for uncertainty/sensitivity.,,
C03,P_PREDICTIVE,PO13,M,PASS,Frozen packet supplies affirmative evidence for discriminating target prediction.,,
C03,P_PREDICTIVE,PO14,M,PASS,Frozen packet supplies affirmative evidence for falsification route/negative control.,,
C03,P_PREDICTIVE,PO15,C,NOT_APPLICABLE,Novelty/prior-art check is not activated by this bounded axis claim.,,
C03,P_PREDICTIVE,PO16,M,PASS,Frozen packet supplies affirmative evidence for provenance completeness.,,
C03,V_VALIDATED,PO00,M,PASS,Frozen packet supplies affirmative evidence for source/target grounding.,,
C03,V_VALIDATED,PO01,M,PASS,Frozen packet supplies affirmative evidence for explicit mapping declaration.,,
C03,V_VALIDATED,PO02,M,PASS,Frozen packet supplies affirmative evidence for type and role compatibility.,,
C03,V_VALIDATED,PO03,M,PASS,Frozen packet supplies affirmative evidence for relation preservation.,,
C03,V_VALIDATED,PO04,M,PASS,Frozen packet supplies affirmative evidence for target formal well-formedness.,,
C03,V_VALIDATED,PO05,C,NOT_APPLICABLE,Dimensional/metrological validity is not activated by this bounded axis claim.,,
C03,V_VALIDATED,PO06,M,PASS,Frozen packet supplies affirmative evidence for assumption transport.,,
C03,V_VALIDATED,PO07,M,PASS,"Frozen packet supplies affirmative evidence for boundary, scale, and regime coverage.",,
C03,V_VALIDATED,PO08,C,PASS,Frozen packet supplies affirmative evidence for causal/mechanistic compatibility.,,
C03,V_VALIDATED,PO09,C,PASS,Frozen packet supplies affirmative evidence for invariant/conservation compatibility.,,
C03,V_VALIDATED,PO10,C,PASS,Frozen packet supplies affirmative evidence for parameter transport/calibration.,,
C03,V_VALIDATED,PO11,M,PASS,Frozen packet supplies affirmative evidence for empirical-envelope compatibility.,,
C03,V_VALIDATED,PO12,M,PASS,Frozen packet supplies affirmative evidence for uncertainty/sensitivity.,,
C03,V_VALIDATED,PO13,M,PASS,Frozen packet supplies affirmative evidence for discriminating target prediction.,,
C03,V_VALIDATED,PO14,M,PASS,Frozen packet supplies affirmative evidence for falsification route/negative control.,,
C03,V_VALIDATED,PO15,C,NOT_APPLICABLE,Novelty/prior-art check is not activated by this bounded axis claim.,,
C03,V_VALIDATED,PO16,M,PASS,Frozen packet supplies affirmative evidence for provenance completeness.,,
C03,V_VALIDATED,PO17,M,PASS,Frozen packet supplies affirmative evidence for validation of transferred prediction.,,
C04,S_STRUCTURAL,PO00,M,PASS,Frozen packet supplies affirmative evidence for source/target grounding.,,
C04,S_STRUCTURAL,PO01,M,PASS,Frozen packet supplies affirmative evidence for explicit mapping declaration.,,
C04,S_STRUCTURAL,PO02,M,PASS,Frozen packet supplies affirmative evidence for type and role compatibility.,,
C04,S_STRUCTURAL,PO03,M,PASS,Frozen packet supplies affirmative evidence for relation preservation.,,
C04,S_STRUCTURAL,PO16,M,PASS,Frozen packet supplies affirmative evidence for provenance completeness.,,
C04,F_FORMAL,PO00,M,PASS,Frozen packet supplies affirmative evidence for source/target grounding.,,
C04,F_FORMAL,PO01,M,PASS,Frozen packet supplies affirmative evidence for explicit mapping declaration.,,
C04,F_FORMAL,PO02,M,PASS,Frozen packet supplies affirmative evidence for type and role compatibility.,,
C04,F_FORMAL,PO03,M,PASS,Frozen packet supplies affirmative evidence for relation preservation.,,
C04,F_FORMAL,PO04,M,PASS,Frozen packet supplies affirmative evidence for target formal well-formedness.,,
C04,F_FORMAL,PO05,C,PASS,Frozen packet supplies affirmative evidence for dimensional/metrological validity.,,
C04,F_FORMAL,PO06,M,PASS,Frozen packet supplies affirmative evidence for assumption transport.,,
C04,F_FORMAL,PO07,M,PASS,"Frozen packet supplies affirmative evidence for boundary, scale, and regime coverage.",,
C04,F_FORMAL,PO09,C,PASS,Frozen packet supplies affirmative evidence for invariant/conservation compatibility.,,
C04,F_FORMAL,PO10,C,PASS,Frozen packet supplies affirmative evidence for parameter transport/calibration.,,
C04,F_FORMAL,PO11,C,PASS,Frozen packet supplies affirmative evidence for empirical-envelope compatibility.,,
C04,F_FORMAL,PO16,M,PASS,Frozen packet supplies affirmative evidence for provenance completeness.,,
C04,M_MECHANISTIC,PO00,M,PASS,Frozen packet supplies affirmative evidence for source/target grounding.,,
C04,M_MECHANISTIC,PO01,M,PASS,Frozen packet supplies affirmative evidence for explicit mapping declaration.,,
C04,M_MECHANISTIC,PO02,M,PASS,Frozen packet supplies affirmative evidence for type and role compatibility.,,
C04,M_MECHANISTIC,PO03,M,PASS,Frozen packet supplies affirmative evidence for relation preservation.,,
C04,M_MECHANISTIC,PO04,M,PASS,Frozen packet supplies affirmative evidence for target formal well-formedness.,,
C04,M_MECHANISTIC,PO05,C,PASS,Frozen packet supplies affirmative evidence for dimensional/metrological validity.,,
C04,M_MECHANISTIC,PO06,M,PASS,Frozen packet supplies affirmative evidence for assumption transport.,,
C04,M_MECHANISTIC,PO07,M,PASS,"Frozen packet supplies affirmative evidence for boundary, scale, and regime coverage.",,
C04,M_MECHANISTIC,PO08,M,PASS,Frozen packet supplies affirmative evidence for causal/mechanistic compatibility.,,
C04,M_MECHANISTIC,PO09,M,PASS,Frozen packet supplies affirmative evidence for invariant/conservation compatibility.,,
C04,M_MECHANISTIC,PO10,M,PASS,Frozen packet supplies affirmative evidence for parameter transport/calibration.,,
C04,M_MECHANISTIC,PO11,M,PASS,Frozen packet supplies affirmative evidence for empirical-envelope compatibility.,,
C04,M_MECHANISTIC,PO12,C,PASS,Frozen packet supplies affirmative evidence for uncertainty/sensitivity.,,
C04,M_MECHANISTIC,PO16,M,PASS,Frozen packet supplies affirmative evidence for provenance completeness.,,
C04,P_PREDICTIVE,PO00,M,PASS,Frozen packet supplies affirmative evidence for source/target grounding.,,
C04,P_PREDICTIVE,PO01,M,PASS,Frozen packet supplies affirmative evidence for explicit mapping declaration.,,
C04,P_PREDICTIVE,PO02,M,PASS,Frozen packet supplies affirmative evidence for type and role compatibility.,,
C04,P_PREDICTIVE,PO03,M,PASS,Frozen packet supplies affirmative evidence for relation preservation.,,
C04,P_PREDICTIVE,PO04,M,PASS,Frozen packet supplies affirmative evidence for target formal well-formedness.,,
C04,P_PREDICTIVE,PO05,C,PASS,Frozen packet supplies affirmative evidence for dimensional/metrological validity.,,
C04,P_PREDICTIVE,PO06,M,PASS,Frozen packet supplies affirmative evidence for assumption transport.,,
C04,P_PREDICTIVE,PO07,M,PASS,"Frozen packet supplies affirmative evidence for boundary, scale, and regime coverage.",,
C04,P_PREDICTIVE,PO08,C,PASS,Frozen packet supplies affirmative evidence for causal/mechanistic compatibility.,,
C04,P_PREDICTIVE,PO09,C,PASS,Frozen packet supplies affirmative evidence for invariant/conservation compatibility.,,
C04,P_PREDICTIVE,PO10,C,PASS,Frozen packet supplies affirmative evidence for parameter transport/calibration.,,
C04,P_PREDICTIVE,PO11,M,PASS,Frozen packet supplies affirmative evidence for empirical-envelope compatibility.,,
C04,P_PREDICTIVE,PO12,M,PASS,Frozen packet supplies affirmative evidence for uncertainty/sensitivity.,,
C04,P_PREDICTIVE,PO13,M,PASS,Frozen packet supplies affirmative evidence for discriminating target prediction.,,
C04,P_PREDICTIVE,PO14,M,PASS,Frozen packet supplies affirmative evidence for falsification route/negative control.,,
C04,P_PREDICTIVE,PO15,C,NOT_APPLICABLE,Novelty/prior-art check is not activated by this bounded axis claim.,,
C04,P_PREDICTIVE,PO16,M,PASS,Frozen packet supplies affirmative evidence for provenance completeness.,,
C04,V_VALIDATED,PO00,M,PASS,Frozen packet supplies affirmative evidence for source/target grounding.,,
C04,V_VALIDATED,PO01,M,PASS,Frozen packet supplies affirmative evidence for explicit mapping declaration.,,
C04,V_VALIDATED,PO02,M,PASS,Frozen packet supplies affirmative evidence for type and role compatibility.,,
C04,V_VALIDATED,PO03,M,PASS,Frozen packet supplies affirmative evidence for relation preservation.,,
C04,V_VALIDATED,PO04,M,PASS,Frozen packet supplies affirmative evidence for target formal well-formedness.,,
C04,V_VALIDATED,PO05,C,PASS,Frozen packet supplies affirmative evidence for dimensional/metrological validity.,,
C04,V_VALIDATED,PO06,M,PASS,Frozen packet supplies affirmative evidence for assumption transport.,,
C04,V_VALIDATED,PO07,M,PASS,"Frozen packet supplies affirmative evidence for boundary, scale, and regime coverage.",,
C04,V_VALIDATED,PO08,C,PASS,Frozen packet supplies affirmative evidence for causal/mechanistic compatibility.,,
C04,V_VALIDATED,PO09,C,PASS,Frozen packet supplies affirmative evidence for invariant/conservation compatibility.,,
C04,V_VALIDATED,PO10,C,PASS,Frozen packet supplies affirmative evidence for parameter transport/calibration.,,
C04,V_VALIDATED,PO11,M,PASS,Frozen packet supplies affirmative evidence for empirical-envelope compatibility.,,
C04,V_VALIDATED,PO12,M,PASS,Frozen packet supplies affirmative evidence for uncertainty/sensitivity.,,
C04,V_VALIDATED,PO13,M,PASS,Frozen packet supplies affirmative evidence for discriminating target prediction.,,
C04,V_VALIDATED,PO14,M,PASS,Frozen packet supplies affirmative evidence for falsification route/negative control.,,
C04,V_VALIDATED,PO15,C,NOT_APPLICABLE,Novelty/prior-art check is not activated by this bounded axis claim.,,
C04,V_VALIDATED,PO16,M,PASS,Frozen packet supplies affirmative evidence for provenance completeness.,,
C04,V_VALIDATED,PO17,M,UNKNOWN,Frozen packet does not supply sufficient evidence for validation of transferred prediction.,,
C05,S_STRUCTURAL,PO00,M,PASS,Frozen packet supplies affirmative evidence for source/target grounding.,,
C05,S_STRUCTURAL,PO01,M,PASS,Frozen packet supplies affirmative evidence for explicit mapping declaration.,,
C05,S_STRUCTURAL,PO02,M,PASS,Frozen packet supplies affirmative evidence for type and role compatibility.,,
C05,S_STRUCTURAL,PO03,M,PASS,Frozen packet supplies affirmative evidence for relation preservation.,,
C05,S_STRUCTURAL,PO16,M,PASS,Frozen packet supplies affirmative evidence for provenance completeness.,,
C05,F_FORMAL,PO00,M,PASS,Frozen packet supplies affirmative evidence for source/target grounding.,,
C05,F_FORMAL,PO01,M,PASS,Frozen packet supplies affirmative evidence for explicit mapping declaration.,,
C05,F_FORMAL,PO02,M,PASS,Frozen packet supplies affirmative evidence for type and role compatibility.,,
C05,F_FORMAL,PO03,M,PASS,Frozen packet supplies affirmative evidence for relation preservation.,,
C05,F_FORMAL,PO04,M,PASS,Frozen packet supplies affirmative evidence for target formal well-formedness.,,
C05,F_FORMAL,PO05,C,PASS,Frozen packet supplies affirmative evidence for dimensional/metrological validity.,,
C05,F_FORMAL,PO06,M,PASS,Frozen packet supplies affirmative evidence for assumption transport.,,
C05,F_FORMAL,PO07,M,PASS,"Frozen packet supplies affirmative evidence for boundary, scale, and regime coverage.",,
C05,F_FORMAL,PO09,C,PASS,Frozen packet supplies affirmative evidence for invariant/conservation compatibility.,,
C05,F_FORMAL,PO10,C,PASS,Frozen packet supplies affirmative evidence for parameter transport/calibration.,,
C05,F_FORMAL,PO11,C,PASS,Frozen packet supplies affirmative evidence for empirical-envelope compatibility.,,
C05,F_FORMAL,PO16,M,PASS,Frozen packet supplies affirmative evidence for provenance completeness.,,
C05,M_MECHANISTIC,PO00,M,PASS,Frozen packet supplies affirmative evidence for source/target grounding.,,
C05,M_MECHANISTIC,PO01,M,PASS,Frozen packet supplies affirmative evidence for explicit mapping declaration.,,
C05,M_MECHANISTIC,PO02,M,PASS,Frozen packet supplies affirmative evidence for type and role compatibility.,,
C05,M_MECHANISTIC,PO03,M,PASS,Frozen packet supplies affirmative evidence for relation preservation.,,
C05,M_MECHANISTIC,PO04,M,PASS,Frozen packet supplies affirmative evidence for target formal well-formedness.,,
C05,M_MECHANISTIC,PO05,C,PASS,Frozen packet supplies affirmative evidence for dimensional/metrological validity.,,
C05,M_MECHANISTIC,PO06,M,FAIL,Landauer operation/thermal-environment assumptions are not satisfied by a universal static-bit claim.,ASSUMPTION_REGIME,IA06_ASSUMPTION_LAUNDERING
C05,M_MECHANISTIC,PO07,M,FAIL,The claim is universal although the frozen physical result is operation- and regime-bounded.,ASSUMPTION_REGIME,IA07_REGIME_EXTRAPOLATION
C05,M_MECHANISTIC,PO08,M,FAIL,No target operation/state mechanism turns an abstract stored bit into a recoverable energy reservoir.,MECHANISM_CAUSALITY,IA08_MECHANISM_SMUGGLING
C05,M_MECHANISTIC,PO09,M,FAIL,The asserted static energy reservoir is incompatible with the operation-dependent thermodynamic accounting frozen in the packet.,INVARIANT_PARAMETER,IA10_CONSERVATION_INVARIANT_VIOLATION
C05,M_MECHANISTIC,PO10,M,FAIL,kT ln2 is imported as an intrinsic stored-energy parameter without target operation/state calibration.,INVARIANT_PARAMETER,IA11_PARAMETER_SMUGGLING
C05,M_MECHANISTIC,PO11,M,FAIL,Frozen information-thermodynamics evidence distinguishes operation costs from intrinsic energy per stored bit.,EMPIRICAL,IA12_EMPIRICAL_COLLISION
C05,M_MECHANISTIC,PO12,C,NOT_APPLICABLE,Uncertainty/sensitivity is not activated by this bounded axis claim.,,
C05,M_MECHANISTIC,PO16,M,PASS,Frozen packet supplies affirmative evidence for provenance completeness.,,
C06,S_STRUCTURAL,PO00,M,PASS,Frozen packet supplies affirmative evidence for source/target grounding.,,
C06,S_STRUCTURAL,PO01,M,PASS,Frozen packet supplies affirmative evidence for explicit mapping declaration.,,
C06,S_STRUCTURAL,PO02,M,PASS,Frozen packet supplies affirmative evidence for type and role compatibility.,,
C06,S_STRUCTURAL,PO03,M,PASS,Frozen packet supplies affirmative evidence for relation preservation.,,
C06,S_STRUCTURAL,PO16,M,PASS,Frozen packet supplies affirmative evidence for provenance completeness.,,
C06,F_FORMAL,PO00,M,PASS,Frozen packet supplies affirmative evidence for source/target grounding.,,
C06,F_FORMAL,PO01,M,PASS,Frozen packet supplies affirmative evidence for explicit mapping declaration.,,
C06,F_FORMAL,PO02,M,PASS,Frozen packet supplies affirmative evidence for type and role compatibility.,,
C06,F_FORMAL,PO03,M,PASS,Frozen packet supplies affirmative evidence for relation preservation.,,
C06,F_FORMAL,PO04,M,PASS,Frozen packet supplies affirmative evidence for target formal well-formedness.,,
C06,F_FORMAL,PO05,C,PASS,Frozen packet supplies affirmative evidence for dimensional/metrological validity.,,
C06,F_FORMAL,PO06,M,PASS,Frozen packet supplies affirmative evidence for assumption transport.,,
C06,F_FORMAL,PO07,M,PASS,"Frozen packet supplies affirmative evidence for boundary, scale, and regime coverage.",,
C06,F_FORMAL,PO09,C,PASS,Frozen packet supplies affirmative evidence for invariant/conservation compatibility.,,
C06,F_FORMAL,PO10,C,PASS,Frozen packet supplies affirmative evidence for parameter transport/calibration.,,
C06,F_FORMAL,PO11,C,PASS,Frozen packet supplies affirmative evidence for empirical-envelope compatibility.,,
C06,F_FORMAL,PO16,M,PASS,Frozen packet supplies affirmative evidence for provenance completeness.,,
C06,M_MECHANISTIC,PO00,M,PASS,Frozen packet supplies affirmative evidence for source/target grounding.,,
C06,M_MECHANISTIC,PO01,M,PASS,Frozen packet supplies affirmative evidence for explicit mapping declaration.,,
C06,M_MECHANISTIC,PO02,M,PASS,Frozen packet supplies affirmative evidence for type and role compatibility.,,
C06,M_MECHANISTIC,PO03,M,PASS,Frozen packet supplies affirmative evidence for relation preservation.,,
C06,M_MECHANISTIC,PO04,M,PASS,Frozen packet supplies affirmative evidence for target formal well-formedness.,,
C06,M_MECHANISTIC,PO05,C,PASS,Frozen packet supplies affirmative evidence for dimensional/metrological validity.,,
C06,M_MECHANISTIC,PO06,M,PASS,Frozen packet supplies affirmative evidence for assumption transport.,,
C06,M_MECHANISTIC,PO07,M,PASS,"Frozen packet supplies affirmative evidence for boundary, scale, and regime coverage.",,
C06,M_MECHANISTIC,PO08,M,PASS,Frozen packet supplies affirmative evidence for causal/mechanistic compatibility.,,
C06,M_MECHANISTIC,PO09,M,PASS,Frozen packet supplies affirmative evidence for invariant/conservation compatibility.,,
C06,M_MECHANISTIC,PO10,M,PASS,Frozen packet supplies affirmative evidence for parameter transport/calibration.,,
C06,M_MECHANISTIC,PO11,M,UNKNOWN,Frozen packet does not supply sufficient evidence for empirical-envelope compatibility.,,
C06,M_MECHANISTIC,PO12,C,PASS,Frozen packet supplies affirmative evidence for uncertainty/sensitivity.,,
C06,M_MECHANISTIC,PO16,M,PASS,Frozen packet supplies affirmative evidence for provenance completeness.,,
C06,P_PREDICTIVE,PO00,M,PASS,Frozen packet supplies affirmative evidence for source/target grounding.,,
C06,P_PREDICTIVE,PO01,M,PASS,Frozen packet supplies affirmative evidence for explicit mapping declaration.,,
C06,P_PREDICTIVE,PO02,M,PASS,Frozen packet supplies affirmative evidence for type and role compatibility.,,
C06,P_PREDICTIVE,PO03,M,PASS,Frozen packet supplies affirmative evidence for relation preservation.,,
C06,P_PREDICTIVE,PO04,M,PASS,Frozen packet supplies affirmative evidence for target formal well-formedness.,,
C06,P_PREDICTIVE,PO05,C,PASS,Frozen packet supplies affirmative evidence for dimensional/metrological validity.,,
C06,P_PREDICTIVE,PO06,M,PASS,Frozen packet supplies affirmative evidence for assumption transport.,,
C06,P_PREDICTIVE,PO07,M,PASS,"Frozen packet supplies affirmative evidence for boundary, scale, and regime coverage.",,
C06,P_PREDICTIVE,PO08,C,PASS,Frozen packet supplies affirmative evidence for causal/mechanistic compatibility.,,
C06,P_PREDICTIVE,PO09,C,PASS,Frozen packet supplies affirmative evidence for invariant/conservation compatibility.,,
C06,P_PREDICTIVE,PO10,C,PASS,Frozen packet supplies affirmative evidence for parameter transport/calibration.,,
C06,P_PREDICTIVE,PO11,M,UNKNOWN,Frozen packet does not supply sufficient evidence for empirical-envelope compatibility.,,
C06,P_PREDICTIVE,PO12,M,PASS,Frozen packet supplies affirmative evidence for uncertainty/sensitivity.,,
C06,P_PREDICTIVE,PO13,M,PASS,Frozen packet supplies affirmative evidence for discriminating target prediction.,,
C06,P_PREDICTIVE,PO14,M,PASS,Frozen packet supplies affirmative evidence for falsification route/negative control.,,
C06,P_PREDICTIVE,PO15,C,NOT_APPLICABLE,Novelty/prior-art check is not activated by this bounded axis claim.,,
C06,P_PREDICTIVE,PO16,M,PASS,Frozen packet supplies affirmative evidence for provenance completeness.,,
C06,V_VALIDATED,PO00,M,PASS,Frozen packet supplies affirmative evidence for source/target grounding.,,
C06,V_VALIDATED,PO01,M,PASS,Frozen packet supplies affirmative evidence for explicit mapping declaration.,,
C06,V_VALIDATED,PO02,M,PASS,Frozen packet supplies affirmative evidence for type and role compatibility.,,
C06,V_VALIDATED,PO03,M,PASS,Frozen packet supplies affirmative evidence for relation preservation.,,
C06,V_VALIDATED,PO04,M,PASS,Frozen packet supplies affirmative evidence for target formal well-formedness.,,
C06,V_VALIDATED,PO05,C,PASS,Frozen packet supplies affirmative evidence for dimensional/metrological validity.,,
C06,V_VALIDATED,PO06,M,PASS,Frozen packet supplies affirmative evidence for assumption transport.,,
C06,V_VALIDATED,PO07,M,PASS,"Frozen packet supplies affirmative evidence for boundary, scale, and regime coverage.",,
C06,V_VALIDATED,PO08,C,PASS,Frozen packet supplies affirmative evidence for causal/mechanistic compatibility.,,
C06,V_VALIDATED,PO09,C,PASS,Frozen packet supplies affirmative evidence for invariant/conservation compatibility.,,
C06,V_VALIDATED,PO10,C,PASS,Frozen packet supplies affirmative evidence for parameter transport/calibration.,,
C06,V_VALIDATED,PO11,M,UNKNOWN,Frozen packet does not supply sufficient evidence for empirical-envelope compatibility.,,
C06,V_VALIDATED,PO12,M,PASS,Frozen packet supplies affirmative evidence for uncertainty/sensitivity.,,
C06,V_VALIDATED,PO13,M,PASS,Frozen packet supplies affirmative evidence for discriminating target prediction.,,
C06,V_VALIDATED,PO14,M,PASS,Frozen packet supplies affirmative evidence for falsification route/negative control.,,
C06,V_VALIDATED,PO15,C,NOT_APPLICABLE,Novelty/prior-art check is not activated by this bounded axis claim.,,
C06,V_VALIDATED,PO16,M,PASS,Frozen packet supplies affirmative evidence for provenance completeness.,,
C06,V_VALIDATED,PO17,M,UNKNOWN,Frozen packet does not supply sufficient evidence for validation of transferred prediction.,,
C07,S_STRUCTURAL,PO00,M,PASS,Frozen packet supplies affirmative evidence for source/target grounding.,,
C07,S_STRUCTURAL,PO01,M,PASS,Frozen packet supplies affirmative evidence for explicit mapping declaration.,,
C07,S_STRUCTURAL,PO02,M,PASS,Frozen packet supplies affirmative evidence for type and role compatibility.,,
C07,S_STRUCTURAL,PO03,M,PASS,Frozen packet supplies affirmative evidence for relation preservation.,,
C07,S_STRUCTURAL,PO16,M,PASS,Frozen packet supplies affirmative evidence for provenance completeness.,,
C07,F_FORMAL,PO00,M,PASS,Frozen packet supplies affirmative evidence for source/target grounding.,,
C07,F_FORMAL,PO01,M,PASS,Frozen packet supplies affirmative evidence for explicit mapping declaration.,,
C07,F_FORMAL,PO02,M,PASS,Frozen packet supplies affirmative evidence for type and role compatibility.,,
C07,F_FORMAL,PO03,M,PASS,Frozen packet supplies affirmative evidence for relation preservation.,,
C07,F_FORMAL,PO04,M,PASS,Frozen packet supplies affirmative evidence for target formal well-formedness.,,
C07,F_FORMAL,PO05,C,NOT_APPLICABLE,Dimensional/metrological validity is not activated by this bounded axis claim.,,
C07,F_FORMAL,PO06,M,PASS,Frozen packet supplies affirmative evidence for assumption transport.,,
C07,F_FORMAL,PO07,M,PASS,"Frozen packet supplies affirmative evidence for boundary, scale, and regime coverage.",,
C07,F_FORMAL,PO09,C,PASS,Frozen packet supplies affirmative evidence for invariant/conservation compatibility.,,
C07,F_FORMAL,PO10,C,PASS,Frozen packet supplies affirmative evidence for parameter transport/calibration.,,
C07,F_FORMAL,PO11,C,PASS,Frozen packet supplies affirmative evidence for empirical-envelope compatibility.,,
C07,F_FORMAL,PO16,M,PASS,Frozen packet supplies affirmative evidence for provenance completeness.,,
C07,P_PREDICTIVE,PO00,M,PASS,Frozen packet supplies affirmative evidence for source/target grounding.,,
C07,P_PREDICTIVE,PO01,M,PASS,Frozen packet supplies affirmative evidence for explicit mapping declaration.,,
C07,P_PREDICTIVE,PO02,M,PASS,Frozen packet supplies affirmative evidence for type and role compatibility.,,
C07,P_PREDICTIVE,PO03,M,PASS,Frozen packet supplies affirmative evidence for relation preservation.,,
C07,P_PREDICTIVE,PO04,M,PASS,Frozen packet supplies affirmative evidence for target formal well-formedness.,,
C07,P_PREDICTIVE,PO05,C,NOT_APPLICABLE,Dimensional/metrological validity is not activated by this bounded axis claim.,,
C07,P_PREDICTIVE,PO06,M,PASS,Frozen packet supplies affirmative evidence for assumption transport.,,
C07,P_PREDICTIVE,PO07,M,PASS,"Frozen packet supplies affirmative evidence for boundary, scale, and regime coverage.",,
C07,P_PREDICTIVE,PO08,C,NOT_APPLICABLE,Causal/mechanistic compatibility is not activated by this bounded axis claim.,,
C07,P_PREDICTIVE,PO09,C,PASS,Frozen packet supplies affirmative evidence for invariant/conservation compatibility.,,
C07,P_PREDICTIVE,PO10,C,PASS,Frozen packet supplies affirmative evidence for parameter transport/calibration.,,
C07,P_PREDICTIVE,PO11,M,PASS,Frozen packet supplies affirmative evidence for empirical-envelope compatibility.,,
C07,P_PREDICTIVE,PO12,M,PASS,Frozen packet supplies affirmative evidence for uncertainty/sensitivity.,,
C07,P_PREDICTIVE,PO13,M,PASS,Frozen packet supplies affirmative evidence for discriminating target prediction.,,
C07,P_PREDICTIVE,PO14,M,PASS,Frozen packet supplies affirmative evidence for falsification route/negative control.,,
C07,P_PREDICTIVE,PO15,C,NOT_APPLICABLE,Novelty/prior-art check is not activated by this bounded axis claim.,,
C07,P_PREDICTIVE,PO16,M,PASS,Frozen packet supplies affirmative evidence for provenance completeness.,,
C07,V_VALIDATED,PO00,M,PASS,Frozen packet supplies affirmative evidence for source/target grounding.,,
C07,V_VALIDATED,PO01,M,PASS,Frozen packet supplies affirmative evidence for explicit mapping declaration.,,
C07,V_VALIDATED,PO02,M,PASS,Frozen packet supplies affirmative evidence for type and role compatibility.,,
C07,V_VALIDATED,PO03,M,PASS,Frozen packet supplies affirmative evidence for relation preservation.,,
C07,V_VALIDATED,PO04,M,PASS,Frozen packet supplies affirmative evidence for target formal well-formedness.,,
C07,V_VALIDATED,PO05,C,NOT_APPLICABLE,Dimensional/metrological validity is not activated by this bounded axis claim.,,
C07,V_VALIDATED,PO06,M,PASS,Frozen packet supplies affirmative evidence for assumption transport.,,
C07,V_VALIDATED,PO07,M,PASS,"Frozen packet supplies affirmative evidence for boundary, scale, and regime coverage.",,
C07,V_VALIDATED,PO08,C,NOT_APPLICABLE,Causal/mechanistic compatibility is not activated by this bounded axis claim.,,
C07,V_VALIDATED,PO09,C,PASS,Frozen packet supplies affirmative evidence for invariant/conservation compatibility.,,
C07,V_VALIDATED,PO10,C,PASS,Frozen packet supplies affirmative evidence for parameter transport/calibration.,,
C07,V_VALIDATED,PO11,M,PASS,Frozen packet supplies affirmative evidence for empirical-envelope compatibility.,,
C07,V_VALIDATED,PO12,M,PASS,Frozen packet supplies affirmative evidence for uncertainty/sensitivity.,,
C07,V_VALIDATED,PO13,M,PASS,Frozen packet supplies affirmative evidence for discriminating target prediction.,,
C07,V_VALIDATED,PO14,M,PASS,Frozen packet supplies affirmative evidence for falsification route/negative control.,,
C07,V_VALIDATED,PO15,C,NOT_APPLICABLE,Novelty/prior-art check is not activated by this bounded axis claim.,,
C07,V_VALIDATED,PO16,M,PASS,Frozen packet supplies affirmative evidence for provenance completeness.,,
C07,V_VALIDATED,PO17,M,UNKNOWN,Frozen packet does not supply sufficient evidence for validation of transferred prediction.,,
C08,S_STRUCTURAL,PO00,M,PASS,Frozen packet supplies affirmative evidence for source/target grounding.,,
C08,S_STRUCTURAL,PO01,M,PASS,Frozen packet supplies affirmative evidence for explicit mapping declaration.,,
C08,S_STRUCTURAL,PO02,M,PASS,Frozen packet supplies affirmative evidence for type and role compatibility.,,
C08,S_STRUCTURAL,PO03,M,PASS,Frozen packet supplies affirmative evidence for relation preservation.,,
C08,S_STRUCTURAL,PO16,M,PASS,Frozen packet supplies affirmative evidence for provenance completeness.,,
C08,F_FORMAL,PO00,M,PASS,Frozen packet supplies affirmative evidence for source/target grounding.,,
C08,F_FORMAL,PO01,M,FAIL,No literal source-to-target map from market quantities to thermodynamic state variables is supplied.,MAPPING_TYPE_RELATION,IA02_TYPE_ROLE_MISMATCH
C08,F_FORMAL,PO02,M,FAIL,"Price, money, and utility are not shown compatible with physical temperature or energy roles.",MAPPING_TYPE_RELATION,IA02_TYPE_ROLE_MISMATCH
C08,F_FORMAL,PO03,M,FAIL,The literal thermodynamic relations are not preserved in the target vocabulary.,MAPPING_TYPE_RELATION,IA03_RELATION_BREAK
C08,F_FORMAL,PO04,M,FAIL,No semantically valid target thermodynamic state-equation formalism is supplied.,FORMAL_METROLOGY,IA04_FORMAL_DOMAIN_ERROR
C08,F_FORMAL,PO05,C,FAIL,No unit-consistent map makes currency/price/utility physical energy or temperature.,FORMAL_METROLOGY,IA05_DIMENSIONAL_ERROR
C08,F_FORMAL,PO06,M,FAIL,"Closed-system, equilibrium, and conservation assumptions are not target-verified.",ASSUMPTION_REGIME,IA06_ASSUMPTION_LAUNDERING
C08,F_FORMAL,PO07,M,FAIL,"The claim exceeds the frozen open, adaptive, nonstationary-market regime.",ASSUMPTION_REGIME,IA07_REGIME_EXTRAPOLATION
C08,F_FORMAL,PO09,C,FAIL,The asserted literal conservation/state-law transfer lacks target invariant compatibility.,INVARIANT_PARAMETER,IA10_CONSERVATION_INVARIANT_VIOLATION
C08,F_FORMAL,PO10,C,FAIL,No calibration maps economic quantities to physical thermodynamic parameters.,INVARIANT_PARAMETER,IA11_PARAMETER_SMUGGLING
C08,F_FORMAL,PO11,C,FAIL,Frozen market properties conflict with the literal thermodynamic-law assertion.,EMPIRICAL,IA12_EMPIRICAL_COLLISION
C08,F_FORMAL,PO16,M,PASS,Frozen packet supplies affirmative evidence for provenance completeness.,,
C08,M_MECHANISTIC,PO00,M,PASS,Frozen packet supplies affirmative evidence for source/target grounding.,,
C08,M_MECHANISTIC,PO01,M,FAIL,No literal market-to-thermodynamic mechanism map is supplied.,MAPPING_TYPE_RELATION,IA02_TYPE_ROLE_MISMATCH
C08,M_MECHANISTIC,PO02,M,FAIL,Economic and molecular-thermal roles are not compatible for the claimed identity.,MAPPING_TYPE_RELATION,IA02_TYPE_ROLE_MISMATCH
C08,M_MECHANISTIC,PO03,M,FAIL,The material thermodynamic relations do not survive the literal market translation.,MAPPING_TYPE_RELATION,IA03_RELATION_BREAK
C08,M_MECHANISTIC,PO04,M,FAIL,The target lacks a valid formal model establishing the literal physical-law claim.,FORMAL_METROLOGY,IA04_FORMAL_DOMAIN_ERROR
C08,M_MECHANISTIC,PO05,C,NOT_APPLICABLE,Dimensional/metrological validity is not activated by this bounded axis claim.,,
C08,M_MECHANISTIC,PO06,M,FAIL,Required closed-system/equilibrium assumptions are not target-verified.,ASSUMPTION_REGIME,IA06_ASSUMPTION_LAUNDERING
C08,M_MECHANISTIC,PO07,M,FAIL,"Open, strategic, nonstationary markets are outside the asserted physical-equilibrium regime.",ASSUMPTION_REGIME,IA07_REGIME_EXTRAPOLATION
C08,M_MECHANISTIC,PO08,M,FAIL,No molecular collision or heat-bath causal mechanism is evidenced in markets.,MECHANISM_CAUSALITY,IA08_MECHANISM_SMUGGLING
C08,M_MECHANISTIC,PO09,M,FAIL,No compatible target conservation/invariant basis is supplied.,INVARIANT_PARAMETER,IA10_CONSERVATION_INVARIANT_VIOLATION
C08,M_MECHANISTIC,PO10,M,FAIL,No physical calibration for market quantities is supplied.,INVARIANT_PARAMETER,IA11_PARAMETER_SMUGGLING
C08,M_MECHANISTIC,PO11,M,FAIL,Frozen target evidence is inconsistent with the literal thermal mechanism.,EMPIRICAL,IA12_EMPIRICAL_COLLISION
C08,M_MECHANISTIC,PO12,C,NOT_APPLICABLE,Uncertainty/sensitivity is not activated by this bounded axis claim.,,
C08,M_MECHANISTIC,PO16,M,PASS,Frozen packet supplies affirmative evidence for provenance completeness.,,
C09,S_STRUCTURAL,PO00,M,PASS,Frozen packet supplies affirmative evidence for source/target grounding.,,
C09,S_STRUCTURAL,PO01,M,PASS,Frozen packet supplies affirmative evidence for explicit mapping declaration.,,
C09,S_STRUCTURAL,PO02,M,PASS,Frozen packet supplies affirmative evidence for type and role compatibility.,,
C09,S_STRUCTURAL,PO03,M,PASS,Frozen packet supplies affirmative evidence for relation preservation.,,
C09,S_STRUCTURAL,PO16,M,PASS,Frozen packet supplies affirmative evidence for provenance completeness.,,
C09,F_FORMAL,PO00,M,PASS,Frozen packet supplies affirmative evidence for source/target grounding.,,
C09,F_FORMAL,PO01,M,PASS,Frozen packet supplies affirmative evidence for explicit mapping declaration.,,
C09,F_FORMAL,PO02,M,PASS,Frozen packet supplies affirmative evidence for type and role compatibility.,,
C09,F_FORMAL,PO03,M,PASS,Frozen packet supplies affirmative evidence for relation preservation.,,
C09,F_FORMAL,PO04,M,PASS,Frozen packet supplies affirmative evidence for target formal well-formedness.,,
C09,F_FORMAL,PO05,C,NOT_APPLICABLE,Dimensional/metrological validity is not activated by this bounded axis claim.,,
C09,F_FORMAL,PO06,M,PASS,Frozen packet supplies affirmative evidence for assumption transport.,,
C09,F_FORMAL,PO07,M,PASS,"Frozen packet supplies affirmative evidence for boundary, scale, and regime coverage.",,
C09,F_FORMAL,PO09,C,NOT_APPLICABLE,Invariant/conservation compatibility is not activated by this bounded axis claim.,,
C09,F_FORMAL,PO10,C,PASS,Frozen packet supplies affirmative evidence for parameter transport/calibration.,,
C09,F_FORMAL,PO11,C,NOT_APPLICABLE,Empirical-envelope compatibility is not activated by this bounded axis claim.,,
C09,F_FORMAL,PO16,M,PASS,Frozen packet supplies affirmative evidence for provenance completeness.,,
C09,M_MECHANISTIC,PO00,M,PASS,Frozen packet supplies affirmative evidence for source/target grounding.,,
C09,M_MECHANISTIC,PO01,M,PASS,Frozen packet supplies affirmative evidence for explicit mapping declaration.,,
C09,M_MECHANISTIC,PO02,M,FAIL,"Social resharing, forgetting, incentives, and platform effects do not occupy literal infection/immunity roles.",MAPPING_TYPE_RELATION,IA02_TYPE_ROLE_MISMATCH
C09,M_MECHANISTIC,PO03,M,FAIL,Biological infection/recovery/immunity relations are not preserved by the target process.,MAPPING_TYPE_RELATION,IA03_RELATION_BREAK
C09,M_MECHANISTIC,PO04,M,PASS,Frozen packet supplies affirmative evidence for target formal well-formedness.,,
C09,M_MECHANISTIC,PO05,C,NOT_APPLICABLE,Dimensional/metrological validity is not activated by this bounded axis claim.,,
C09,M_MECHANISTIC,PO06,M,FAIL,Biological immunity/recovery assumptions are silently inherited despite explicit target differences.,ASSUMPTION_REGIME,IA06_ASSUMPTION_LAUNDERING
C09,M_MECHANISTIC,PO07,M,FAIL,The literal biological claim exceeds the stated target approximation regime.,ASSUMPTION_REGIME,IA07_REGIME_EXTRAPOLATION
C09,M_MECHANISTIC,PO08,M,FAIL,A fitted social ODE is presented as a biological infection mechanism without causal support.,MECHANISM_CAUSALITY,IA08_MECHANISM_SMUGGLING
C09,M_MECHANISTIC,PO09,M,PASS,Frozen packet supplies affirmative evidence for invariant/conservation compatibility.,,
C09,M_MECHANISTIC,PO10,M,FAIL,A biological R0/recovery constant is treated as the same target parameter.,INVARIANT_PARAMETER,IA11_PARAMETER_SMUGGLING
C09,M_MECHANISTIC,PO11,M,PASS,Frozen packet supplies affirmative evidence for empirical-envelope compatibility.,,
C09,M_MECHANISTIC,PO12,C,NOT_APPLICABLE,Uncertainty/sensitivity is not activated by this bounded axis claim.,,
C09,M_MECHANISTIC,PO16,M,PASS,Frozen packet supplies affirmative evidence for provenance completeness.,,
C10,S_STRUCTURAL,PO00,M,PASS,Frozen packet supplies affirmative evidence for source/target grounding.,,
C10,S_STRUCTURAL,PO01,M,PASS,Frozen packet supplies affirmative evidence for explicit mapping declaration.,,
C10,S_STRUCTURAL,PO02,M,PASS,Frozen packet supplies affirmative evidence for type and role compatibility.,,
C10,S_STRUCTURAL,PO03,M,PASS,Frozen packet supplies affirmative evidence for relation preservation.,,
C10,S_STRUCTURAL,PO16,M,PASS,Frozen packet supplies affirmative evidence for provenance completeness.,,
C10,F_FORMAL,PO00,M,PASS,Frozen packet supplies affirmative evidence for source/target grounding.,,
C10,F_FORMAL,PO01,M,FAIL,No semantics-preserving compiler/interpreter mapping is supplied.,MAPPING_TYPE_RELATION,IA01_LEXICAL_SUBSTITUTION
C10,F_FORMAL,PO02,M,FAIL,Programmer-defined instruction roles are not shown compatible with molecular regulation.,MAPPING_TYPE_RELATION,IA02_TYPE_ROLE_MISMATCH
C10,F_FORMAL,PO03,M,FAIL,Ordinary software execution relations are not preserved in gene regulation.,MAPPING_TYPE_RELATION,IA03_RELATION_BREAK
C10,F_FORMAL,PO04,M,FAIL,No valid target execution semantics formalism is supplied.,FORMAL_METROLOGY,IA04_FORMAL_DOMAIN_ERROR
C10,F_FORMAL,PO05,C,NOT_APPLICABLE,Dimensional/metrological validity is not activated by this bounded axis claim.,,
C10,F_FORMAL,PO06,M,FAIL,Software runtime/semantic assumptions are not target-verified.,ASSUMPTION_REGIME,IA06_ASSUMPTION_LAUNDERING
C10,F_FORMAL,PO07,M,FAIL,No bounded target regime licenses literal software execution semantics.,ASSUMPTION_REGIME,IA07_REGIME_EXTRAPOLATION
C10,F_FORMAL,PO09,C,NOT_APPLICABLE,Invariant/conservation compatibility is not activated by this bounded axis claim.,,
C10,F_FORMAL,PO10,C,NOT_APPLICABLE,Parameter transport/calibration is not activated by this bounded axis claim.,,
C10,F_FORMAL,PO11,C,FAIL,Frozen molecular-genetics constraints conflict with literal software execution semantics.,EMPIRICAL,IA12_EMPIRICAL_COLLISION
C10,F_FORMAL,PO16,M,PASS,Frozen packet supplies affirmative evidence for provenance completeness.,,
C10,M_MECHANISTIC,PO00,M,PASS,Frozen packet supplies affirmative evidence for source/target grounding.,,
C10,M_MECHANISTIC,PO01,M,FAIL,No semantics-preserving compiler/interpreter mapping is supplied.,MAPPING_TYPE_RELATION,IA01_LEXICAL_SUBSTITUTION
C10,M_MECHANISTIC,PO02,M,FAIL,Programmer-defined instruction roles are not shown compatible with molecular regulation.,MAPPING_TYPE_RELATION,IA02_TYPE_ROLE_MISMATCH
C10,M_MECHANISTIC,PO03,M,FAIL,Ordinary software execution relations are not preserved in gene regulation.,MAPPING_TYPE_RELATION,IA03_RELATION_BREAK
C10,M_MECHANISTIC,PO04,M,FAIL,No valid target execution semantics formalism is supplied.,FORMAL_METROLOGY,IA04_FORMAL_DOMAIN_ERROR
C10,M_MECHANISTIC,PO05,C,NOT_APPLICABLE,Dimensional/metrological validity is not activated by this bounded axis claim.,,
C10,M_MECHANISTIC,PO06,M,FAIL,Software runtime/semantic assumptions are not target-verified.,ASSUMPTION_REGIME,IA06_ASSUMPTION_LAUNDERING
C10,M_MECHANISTIC,PO07,M,FAIL,No bounded target regime licenses literal software execution semantics.,ASSUMPTION_REGIME,IA07_REGIME_EXTRAPOLATION
C10,M_MECHANISTIC,PO08,M,FAIL,Lexical code similarity is the only support for a programmer-defined molecular mechanism.,MECHANISM_CAUSALITY,IA08_MECHANISM_SMUGGLING
C10,M_MECHANISTIC,PO09,M,PASS,Frozen packet supplies affirmative evidence for invariant/conservation compatibility.,,
C10,M_MECHANISTIC,PO10,M,PASS,Frozen packet supplies affirmative evidence for parameter transport/calibration.,,
C10,M_MECHANISTIC,PO11,M,FAIL,Frozen molecular-genetics constraints conflict with literal software execution semantics.,EMPIRICAL,IA12_EMPIRICAL_COLLISION
C10,M_MECHANISTIC,PO12,C,NOT_APPLICABLE,Uncertainty/sensitivity is not activated by this bounded axis claim.,,
C10,M_MECHANISTIC,PO16,M,PASS,Frozen packet supplies affirmative evidence for provenance completeness.,,
C11,S_STRUCTURAL,PO00,M,PASS,Frozen packet supplies affirmative evidence for source/target grounding.,,
C11,S_STRUCTURAL,PO01,M,PASS,Frozen packet supplies affirmative evidence for explicit mapping declaration.,,
C11,S_STRUCTURAL,PO02,M,PASS,Frozen packet supplies affirmative evidence for type and role compatibility.,,
C11,S_STRUCTURAL,PO03,M,PASS,Frozen packet supplies affirmative evidence for relation preservation.,,
C11,S_STRUCTURAL,PO16,M,PASS,Frozen packet supplies affirmative evidence for provenance completeness.,,
C11,F_FORMAL,PO00,M,PASS,Frozen packet supplies affirmative evidence for source/target grounding.,,
C11,F_FORMAL,PO01,M,PASS,Frozen packet supplies affirmative evidence for explicit mapping declaration.,,
C11,F_FORMAL,PO02,M,PASS,Frozen packet supplies affirmative evidence for type and role compatibility.,,
C11,F_FORMAL,PO03,M,PASS,Frozen packet supplies affirmative evidence for relation preservation.,,
C11,F_FORMAL,PO04,M,PASS,Frozen packet supplies affirmative evidence for target formal well-formedness.,,
C11,F_FORMAL,PO05,C,NOT_APPLICABLE,Dimensional/metrological validity is not activated by this bounded axis claim.,,
C11,F_FORMAL,PO06,M,PASS,Frozen packet supplies affirmative evidence for assumption transport.,,
C11,F_FORMAL,PO07,M,PASS,"Frozen packet supplies affirmative evidence for boundary, scale, and regime coverage.",,
C11,F_FORMAL,PO09,C,NOT_APPLICABLE,Invariant/conservation compatibility is not activated by this bounded axis claim.,,
C11,F_FORMAL,PO10,C,PASS,Frozen packet supplies affirmative evidence for parameter transport/calibration.,,
C11,F_FORMAL,PO11,C,NOT_APPLICABLE,Empirical-envelope compatibility is not activated by this bounded axis claim.,,
C11,F_FORMAL,PO16,M,PASS,Frozen packet supplies affirmative evidence for provenance completeness.,,
C11,M_MECHANISTIC,PO00,M,PASS,Frozen packet supplies affirmative evidence for source/target grounding.,,
C11,M_MECHANISTIC,PO01,M,FAIL,No mapping for the gravitational source/curvature dynamics claimed by full equivalence is supplied.,MAPPING_TYPE_RELATION,IA03_RELATION_BREAK
C11,M_MECHANISTIC,PO02,M,FAIL,Fluid-acoustic and dynamical-spacetime roles are not compatible for physical identity.,MAPPING_TYPE_RELATION,IA02_TYPE_ROLE_MISMATCH
C11,M_MECHANISTIC,PO03,M,FAIL,Einstein gravitational dynamics are explicitly unmapped by the acoustic formalism.,MAPPING_TYPE_RELATION,IA03_RELATION_BREAK
C11,M_MECHANISTIC,PO04,M,FAIL,An effective acoustic metric is not a target formalism for full Einstein dynamics.,FORMAL_METROLOGY,IA04_FORMAL_DOMAIN_ERROR
C11,M_MECHANISTIC,PO05,C,NOT_APPLICABLE,Dimensional/metrological validity is not activated by this bounded axis claim.,,
C11,M_MECHANISTIC,PO06,M,FAIL,Fluid perturbation assumptions do not establish full dynamical spacetime gravity.,ASSUMPTION_REGIME,IA06_ASSUMPTION_LAUNDERING
C11,M_MECHANISTIC,PO07,M,FAIL,Full GR is explicitly outside the frozen effective-metric scope.,ASSUMPTION_REGIME,IA07_REGIME_EXTRAPOLATION
C11,M_MECHANISTIC,PO08,M,FAIL,The fluid does not instantiate gravitational source/curvature dynamics.,MECHANISM_CAUSALITY,IA08_MECHANISM_SMUGGLING
C11,M_MECHANISTIC,PO09,M,PASS,Frozen packet supplies affirmative evidence for invariant/conservation compatibility.,,
C11,M_MECHANISTIC,PO10,M,FAIL,Acoustic parameters are not black-hole mass/spacetime parameters by identity.,INVARIANT_PARAMETER,IA11_PARAMETER_SMUGGLING
C11,M_MECHANISTIC,PO11,M,FAIL,Analogue experiments do not test the full Einstein-dynamics claim.,EMPIRICAL,IA12_EMPIRICAL_COLLISION
C11,M_MECHANISTIC,PO12,C,NOT_APPLICABLE,Uncertainty/sensitivity is not activated by this bounded axis claim.,,
C11,M_MECHANISTIC,PO16,M,PASS,Frozen packet supplies affirmative evidence for provenance completeness.,,
C12,S_STRUCTURAL,PO00,M,PASS,Frozen packet supplies affirmative evidence for source/target grounding.,,
C12,S_STRUCTURAL,PO01,M,PASS,Frozen packet supplies affirmative evidence for explicit mapping declaration.,,
C12,S_STRUCTURAL,PO02,M,PASS,Frozen packet supplies affirmative evidence for type and role compatibility.,,
C12,S_STRUCTURAL,PO03,M,PASS,Frozen packet supplies affirmative evidence for relation preservation.,,
C12,S_STRUCTURAL,PO16,M,PASS,Frozen packet supplies affirmative evidence for provenance completeness.,,
C12,F_FORMAL,PO00,M,PASS,Frozen packet supplies affirmative evidence for source/target grounding.,,
C12,F_FORMAL,PO01,M,PASS,Frozen packet supplies affirmative evidence for explicit mapping declaration.,,
C12,F_FORMAL,PO02,M,PASS,Frozen packet supplies affirmative evidence for type and role compatibility.,,
C12,F_FORMAL,PO03,M,PASS,Frozen packet supplies affirmative evidence for relation preservation.,,
C12,F_FORMAL,PO04,M,PASS,Frozen packet supplies affirmative evidence for target formal well-formedness.,,
C12,F_FORMAL,PO05,C,NOT_APPLICABLE,Dimensional/metrological validity is not activated by this bounded axis claim.,,
C12,F_FORMAL,PO06,M,PASS,Frozen packet supplies affirmative evidence for assumption transport.,,
C12,F_FORMAL,PO07,M,PASS,"Frozen packet supplies affirmative evidence for boundary, scale, and regime coverage.",,
C12,F_FORMAL,PO09,C,NOT_APPLICABLE,Invariant/conservation compatibility is not activated by this bounded axis claim.,,
C12,F_FORMAL,PO10,C,NOT_APPLICABLE,Parameter transport/calibration is not activated by this bounded axis claim.,,
C12,F_FORMAL,PO11,C,NOT_APPLICABLE,Empirical-envelope compatibility is not activated by this bounded axis claim.,,
C12,F_FORMAL,PO16,M,PASS,Frozen packet supplies affirmative evidence for provenance completeness.,,
C12,M_MECHANISTIC,PO00,M,PASS,Frozen packet supports source/target grounding at the bounded structural/formal scope; no mechanism is claimed.,,
C12,M_MECHANISTIC,PO01,M,PASS,Frozen packet supports explicit mapping declaration at the bounded structural/formal scope; no mechanism is claimed.,,
C12,M_MECHANISTIC,PO02,M,PASS,Frozen packet supports type and role compatibility at the bounded structural/formal scope; no mechanism is claimed.,,
C12,M_MECHANISTIC,PO03,M,PASS,Frozen packet supports relation preservation at the bounded structural/formal scope; no mechanism is claimed.,,
C12,M_MECHANISTIC,PO04,M,PASS,Frozen packet supports target formal well-formedness at the bounded structural/formal scope; no mechanism is claimed.,,
C12,M_MECHANISTIC,PO05,C,NOT_APPLICABLE,Dimensional/metrological validity is not activated by this unclaimed axis.,,
C12,M_MECHANISTIC,PO06,M,PASS,Frozen packet supports assumption transport at the bounded structural/formal scope; no mechanism is claimed.,,
C12,M_MECHANISTIC,PO07,M,PASS,"Frozen packet supports boundary, scale, and regime coverage at the bounded structural/formal scope; no mechanism is claimed.",,
C12,M_MECHANISTIC,PO08,M,UNKNOWN,No positive claim or frozen evidence establishes causal/mechanistic compatibility on this axis.,,
C12,M_MECHANISTIC,PO09,M,UNKNOWN,No positive claim or frozen evidence establishes invariant/conservation compatibility on this axis.,,
C12,M_MECHANISTIC,PO10,M,PASS,Frozen packet supports parameter transport/calibration at the bounded structural/formal scope; no mechanism is claimed.,,
C12,M_MECHANISTIC,PO11,M,UNKNOWN,No positive claim or frozen evidence establishes empirical-envelope compatibility on this axis.,,
C12,M_MECHANISTIC,PO12,C,NOT_APPLICABLE,Uncertainty/sensitivity is not activated by this unclaimed axis.,,
C12,M_MECHANISTIC,PO16,M,PASS,Frozen packet supports provenance completeness at the bounded structural/formal scope; no mechanism is claimed.,,
C13,S_STRUCTURAL,PO00,M,PASS,Frozen packet supplies affirmative evidence for source/target grounding.,,
C13,S_STRUCTURAL,PO01,M,PASS,Frozen packet supplies affirmative evidence for explicit mapping declaration.,,
C13,S_STRUCTURAL,PO02,M,PASS,Frozen packet supplies affirmative evidence for type and role compatibility.,,
C13,S_STRUCTURAL,PO03,M,PASS,Frozen packet supplies affirmative evidence for relation preservation.,,
C13,S_STRUCTURAL,PO16,M,PASS,Frozen packet supplies affirmative evidence for provenance completeness.,,
C13,F_FORMAL,PO00,M,PASS,Frozen packet supplies affirmative evidence for source/target grounding.,,
C13,F_FORMAL,PO01,M,UNKNOWN,Frozen packet does not supply sufficient evidence for explicit mapping declaration.,,
C13,F_FORMAL,PO02,M,UNKNOWN,Frozen packet does not supply sufficient evidence for type and role compatibility.,,
C13,F_FORMAL,PO03,M,UNKNOWN,Frozen packet does not supply sufficient evidence for relation preservation.,,
C13,F_FORMAL,PO04,M,UNKNOWN,Frozen packet does not supply sufficient evidence for target formal well-formedness.,,
C13,F_FORMAL,PO05,C,NOT_APPLICABLE,Dimensional/metrological validity is not activated by this bounded axis claim.,,
C13,F_FORMAL,PO06,M,UNKNOWN,Frozen packet does not supply sufficient evidence for assumption transport.,,
C13,F_FORMAL,PO07,M,UNKNOWN,"Frozen packet does not supply sufficient evidence for boundary, scale, and regime coverage.",,
C13,F_FORMAL,PO09,C,NOT_APPLICABLE,Invariant/conservation compatibility is not activated by this bounded axis claim.,,
C13,F_FORMAL,PO10,C,NOT_APPLICABLE,Parameter transport/calibration is not activated by this bounded axis claim.,,
C13,F_FORMAL,PO11,C,UNKNOWN,Frozen packet does not supply sufficient evidence for empirical-envelope compatibility.,,
C13,F_FORMAL,PO16,M,PASS,Frozen packet supplies affirmative evidence for provenance completeness.,,
C13,M_MECHANISTIC,PO00,M,PASS,Frozen packet supplies affirmative evidence for source/target grounding.,,
C13,M_MECHANISTIC,PO01,M,UNKNOWN,Frozen packet does not supply sufficient evidence for explicit mapping declaration.,,
C13,M_MECHANISTIC,PO02,M,UNKNOWN,Frozen packet does not supply sufficient evidence for type and role compatibility.,,
C13,M_MECHANISTIC,PO03,M,UNKNOWN,Frozen packet does not supply sufficient evidence for relation preservation.,,
C13,M_MECHANISTIC,PO04,M,UNKNOWN,Frozen packet does not supply sufficient evidence for target formal well-formedness.,,
C13,M_MECHANISTIC,PO05,C,NOT_APPLICABLE,Dimensional/metrological validity is not activated by this bounded axis claim.,,
C13,M_MECHANISTIC,PO06,M,UNKNOWN,Frozen packet does not supply sufficient evidence for assumption transport.,,
C13,M_MECHANISTIC,PO07,M,UNKNOWN,"Frozen packet does not supply sufficient evidence for boundary, scale, and regime coverage.",,
C13,M_MECHANISTIC,PO08,M,FAIL,Structural resemblance is the sole support for a literal hidden-fluid electron mechanism.,MECHANISM_CAUSALITY,IA08_MECHANISM_SMUGGLING
C13,M_MECHANISTIC,PO09,M,UNKNOWN,Frozen packet does not supply sufficient evidence for invariant/conservation compatibility.,,
C13,M_MECHANISTIC,PO10,M,UNKNOWN,Frozen packet does not supply sufficient evidence for parameter transport/calibration.,,
C13,M_MECHANISTIC,PO11,M,UNKNOWN,Frozen packet does not supply sufficient evidence for empirical-envelope compatibility.,,
C13,M_MECHANISTIC,PO12,C,NOT_APPLICABLE,Uncertainty/sensitivity is not activated by this bounded axis claim.,,
C13,M_MECHANISTIC,PO16,M,PASS,Frozen packet supplies affirmative evidence for provenance completeness.,,
C14,S_STRUCTURAL,PO00,M,PASS,Frozen packet supplies affirmative evidence for source/target grounding.,,
C14,S_STRUCTURAL,PO01,M,PASS,Frozen packet supplies affirmative evidence for explicit mapping declaration.,,
C14,S_STRUCTURAL,PO02,M,PASS,Frozen packet supplies affirmative evidence for type and role compatibility.,,
C14,S_STRUCTURAL,PO03,M,PASS,Frozen packet supplies affirmative evidence for relation preservation.,,
C14,S_STRUCTURAL,PO16,M,PASS,Frozen packet supplies affirmative evidence for provenance completeness.,,
C14,F_FORMAL,PO00,M,PASS,Frozen packet supplies affirmative evidence for source/target grounding.,,
C14,F_FORMAL,PO01,M,PASS,Frozen packet supplies affirmative evidence for explicit mapping declaration.,,
C14,F_FORMAL,PO02,M,PASS,Frozen packet supplies affirmative evidence for type and role compatibility.,,
C14,F_FORMAL,PO03,M,PASS,Frozen packet supplies affirmative evidence for relation preservation.,,
C14,F_FORMAL,PO04,M,PASS,Frozen packet supplies affirmative evidence for target formal well-formedness.,,
C14,F_FORMAL,PO05,C,PASS,Frozen packet supplies affirmative evidence for dimensional/metrological validity.,,
C14,F_FORMAL,PO06,M,PASS,Frozen packet supplies affirmative evidence for assumption transport.,,
C14,F_FORMAL,PO07,M,PASS,"Frozen packet supplies affirmative evidence for boundary, scale, and regime coverage.",,
C14,F_FORMAL,PO09,C,NOT_APPLICABLE,Invariant/conservation compatibility is not activated by this bounded axis claim.,,
C14,F_FORMAL,PO10,C,PASS,Frozen packet supplies affirmative evidence for parameter transport/calibration.,,
C14,F_FORMAL,PO11,C,NOT_APPLICABLE,Empirical-envelope compatibility is not activated by this bounded axis claim.,,
C14,F_FORMAL,PO16,M,PASS,Frozen packet supplies affirmative evidence for provenance completeness.,,
C14,M_MECHANISTIC,PO00,M,PASS,Frozen packet supports source/target grounding at the bounded structural/formal scope; no mechanism is claimed.,,
C14,M_MECHANISTIC,PO01,M,PASS,Frozen packet supports explicit mapping declaration at the bounded structural/formal scope; no mechanism is claimed.,,
C14,M_MECHANISTIC,PO02,M,PASS,Frozen packet supports type and role compatibility at the bounded structural/formal scope; no mechanism is claimed.,,
C14,M_MECHANISTIC,PO03,M,PASS,Frozen packet supports relation preservation at the bounded structural/formal scope; no mechanism is claimed.,,
C14,M_MECHANISTIC,PO04,M,PASS,Frozen packet supports target formal well-formedness at the bounded structural/formal scope; no mechanism is claimed.,,
C14,M_MECHANISTIC,PO05,C,NOT_APPLICABLE,Dimensional/metrological validity is not activated by this unclaimed axis.,,
C14,M_MECHANISTIC,PO06,M,PASS,Frozen packet supports assumption transport at the bounded structural/formal scope; no mechanism is claimed.,,
C14,M_MECHANISTIC,PO07,M,PASS,"Frozen packet supports boundary, scale, and regime coverage at the bounded structural/formal scope; no mechanism is claimed.",,
C14,M_MECHANISTIC,PO08,M,UNKNOWN,No positive claim or frozen evidence establishes causal/mechanistic compatibility on this axis.,,
C14,M_MECHANISTIC,PO09,M,PASS,Frozen packet supports invariant/conservation compatibility at the bounded structural/formal scope; no mechanism is claimed.,,
C14,M_MECHANISTIC,PO10,M,PASS,Frozen packet supports parameter transport/calibration at the bounded structural/formal scope; no mechanism is claimed.,,
C14,M_MECHANISTIC,PO11,M,UNKNOWN,No positive claim or frozen evidence establishes empirical-envelope compatibility on this axis.,,
C14,M_MECHANISTIC,PO12,C,NOT_APPLICABLE,Uncertainty/sensitivity is not activated by this unclaimed axis.,,
C14,M_MECHANISTIC,PO16,M,PASS,Frozen packet supports provenance completeness at the bounded structural/formal scope; no mechanism is claimed.,,
C15,S_STRUCTURAL,PO00,M,PASS,Frozen packet supplies affirmative evidence for source/target grounding.,,
C15,S_STRUCTURAL,PO01,M,PASS,Frozen packet supplies affirmative evidence for explicit mapping declaration.,,
C15,S_STRUCTURAL,PO02,M,PASS,Frozen packet supplies affirmative evidence for type and role compatibility.,,
C15,S_STRUCTURAL,PO03,M,PASS,Frozen packet supplies affirmative evidence for relation preservation.,,
C15,S_STRUCTURAL,PO16,M,PASS,Frozen packet supplies affirmative evidence for provenance completeness.,,
C15,F_FORMAL,PO00,M,PASS,Frozen packet supplies affirmative evidence for source/target grounding.,,
C15,F_FORMAL,PO01,M,UNKNOWN,Frozen packet does not supply sufficient evidence for explicit mapping declaration.,,
C15,F_FORMAL,PO02,M,UNKNOWN,Frozen packet does not supply sufficient evidence for type and role compatibility.,,
C15,F_FORMAL,PO03,M,UNKNOWN,Frozen packet does not supply sufficient evidence for relation preservation.,,
C15,F_FORMAL,PO04,M,UNKNOWN,Frozen packet does not supply sufficient evidence for target formal well-formedness.,,
C15,F_FORMAL,PO05,C,NOT_APPLICABLE,Dimensional/metrological validity is not activated by this bounded axis claim.,,
C15,F_FORMAL,PO06,M,UNKNOWN,Frozen packet does not supply sufficient evidence for assumption transport.,,
C15,F_FORMAL,PO07,M,UNKNOWN,"Frozen packet does not supply sufficient evidence for boundary, scale, and regime coverage.",,
C15,F_FORMAL,PO09,C,NOT_APPLICABLE,Invariant/conservation compatibility is not activated by this bounded axis claim.,,
C15,F_FORMAL,PO10,C,NOT_APPLICABLE,Parameter transport/calibration is not activated by this bounded axis claim.,,
C15,F_FORMAL,PO11,C,UNKNOWN,Frozen packet does not supply sufficient evidence for empirical-envelope compatibility.,,
C15,F_FORMAL,PO16,M,PASS,Frozen packet supplies affirmative evidence for provenance completeness.,,
C15,M_MECHANISTIC,PO00,M,PASS,Frozen packet supplies affirmative evidence for source/target grounding.,,
C15,M_MECHANISTIC,PO01,M,UNKNOWN,Frozen packet does not supply sufficient evidence for explicit mapping declaration.,,
C15,M_MECHANISTIC,PO02,M,UNKNOWN,Frozen packet does not supply sufficient evidence for type and role compatibility.,,
C15,M_MECHANISTIC,PO03,M,UNKNOWN,Frozen packet does not supply sufficient evidence for relation preservation.,,
C15,M_MECHANISTIC,PO04,M,UNKNOWN,Frozen packet does not supply sufficient evidence for target formal well-formedness.,,
C15,M_MECHANISTIC,PO05,C,NOT_APPLICABLE,Dimensional/metrological validity is not activated by this bounded axis claim.,,
C15,M_MECHANISTIC,PO06,M,UNKNOWN,Frozen packet does not supply sufficient evidence for assumption transport.,,
C15,M_MECHANISTIC,PO07,M,UNKNOWN,"Frozen packet does not supply sufficient evidence for boundary, scale, and regime coverage.",,
C15,M_MECHANISTIC,PO08,M,FAIL,Artificial representation-learning success is the sole support for biological causal identity.,MECHANISM_CAUSALITY,IA08_MECHANISM_SMUGGLING
C15,M_MECHANISTIC,PO09,M,UNKNOWN,Frozen packet does not supply sufficient evidence for invariant/conservation compatibility.,,
C15,M_MECHANISTIC,PO10,M,UNKNOWN,Frozen packet does not supply sufficient evidence for parameter transport/calibration.,,
C15,M_MECHANISTIC,PO11,M,FAIL,Frozen biological constraints are absent from the literal ANN/transformer identity claim.,EMPIRICAL,IA12_EMPIRICAL_COLLISION
C15,M_MECHANISTIC,PO12,C,NOT_APPLICABLE,Uncertainty/sensitivity is not activated by this bounded axis claim.,,
C15,M_MECHANISTIC,PO16,M,PASS,Frozen packet supplies affirmative evidence for provenance completeness.,,
C16,S_STRUCTURAL,PO00,M,PASS,Frozen packet supplies affirmative evidence for source/target grounding.,,
C16,S_STRUCTURAL,PO01,M,FAIL,Only metaphors are supplied; no target quantum-to-decision mapping is declared.,MAPPING_TYPE_RELATION,IA01_LEXICAL_SUBSTITUTION
C16,S_STRUCTURAL,PO02,M,FAIL,Cognitive metaphors are not compatible with quantum state/potential/amplitude roles.,MAPPING_TYPE_RELATION,IA02_TYPE_ROLE_MISMATCH
C16,S_STRUCTURAL,PO03,M,FAIL,No tunneling relation is translated into target decision variables.,MAPPING_TYPE_RELATION,IA03_RELATION_BREAK
C16,S_STRUCTURAL,PO16,M,PASS,Frozen packet supplies affirmative evidence for provenance completeness.,,
C16,F_FORMAL,PO00,M,PASS,Frozen packet supplies affirmative evidence for source/target grounding.,,
C16,F_FORMAL,PO01,M,FAIL,Only metaphors are supplied; no target quantum-to-decision mapping is declared.,MAPPING_TYPE_RELATION,IA01_LEXICAL_SUBSTITUTION
C16,F_FORMAL,PO02,M,FAIL,Cognitive metaphors are not compatible with quantum state/potential/amplitude roles.,MAPPING_TYPE_RELATION,IA02_TYPE_ROLE_MISMATCH
C16,F_FORMAL,PO03,M,FAIL,No tunneling relation is translated into target decision variables.,MAPPING_TYPE_RELATION,IA03_RELATION_BREAK
C16,F_FORMAL,PO04,M,FAIL,"No Schrödinger-type target state, Hamiltonian, or current relation is defined.",FORMAL_METROLOGY,IA04_FORMAL_DOMAIN_ERROR
C16,F_FORMAL,PO05,C,NOT_APPLICABLE,Dimensional/metrological validity is not activated by this bounded axis claim.,,
C16,F_FORMAL,PO06,M,FAIL,Quantum coherence/dynamics assumptions are not established for cognitive variables.,ASSUMPTION_REGIME,IA06_ASSUMPTION_LAUNDERING
C16,F_FORMAL,PO07,M,FAIL,No supported cognitive regime for the quantum transfer is declared.,ASSUMPTION_REGIME,IA07_REGIME_EXTRAPOLATION
C16,F_FORMAL,PO09,C,NOT_APPLICABLE,Invariant/conservation compatibility is not activated by this bounded axis claim.,,
C16,F_FORMAL,PO10,C,NOT_APPLICABLE,Parameter transport/calibration is not activated by this bounded axis claim.,,
C16,F_FORMAL,PO11,C,PASS,Frozen packet supplies affirmative evidence for empirical-envelope compatibility.,,
C16,F_FORMAL,PO16,M,PASS,Frozen packet supplies affirmative evidence for provenance completeness.,,
C16,M_MECHANISTIC,PO00,M,PASS,Frozen packet supplies affirmative evidence for source/target grounding.,,
C16,M_MECHANISTIC,PO01,M,FAIL,Only metaphors are supplied; no target quantum-to-decision mapping is declared.,MAPPING_TYPE_RELATION,IA01_LEXICAL_SUBSTITUTION
C16,M_MECHANISTIC,PO02,M,FAIL,Cognitive metaphors are not compatible with quantum state/potential/amplitude roles.,MAPPING_TYPE_RELATION,IA02_TYPE_ROLE_MISMATCH
C16,M_MECHANISTIC,PO03,M,FAIL,No tunneling relation is translated into target decision variables.,MAPPING_TYPE_RELATION,IA03_RELATION_BREAK
C16,M_MECHANISTIC,PO04,M,FAIL,"No Schrödinger-type target state, Hamiltonian, or current relation is defined.",FORMAL_METROLOGY,IA04_FORMAL_DOMAIN_ERROR
C16,M_MECHANISTIC,PO05,C,NOT_APPLICABLE,Dimensional/metrological validity is not activated by this bounded axis claim.,,
C16,M_MECHANISTIC,PO06,M,FAIL,Quantum coherence/dynamics assumptions are not established for cognitive variables.,ASSUMPTION_REGIME,IA06_ASSUMPTION_LAUNDERING
C16,M_MECHANISTIC,PO07,M,FAIL,No supported cognitive regime for the quantum transfer is declared.,ASSUMPTION_REGIME,IA07_REGIME_EXTRAPOLATION
C16,M_MECHANISTIC,PO08,M,FAIL,No physical tunneling process is supplied in the cognitive target.,MECHANISM_CAUSALITY,IA08_MECHANISM_SMUGGLING
C16,M_MECHANISTIC,PO09,M,PASS,Frozen packet supplies affirmative evidence for invariant/conservation compatibility.,,
C16,M_MECHANISTIC,PO10,M,PASS,Frozen packet supplies affirmative evidence for parameter transport/calibration.,,
C16,M_MECHANISTIC,PO11,M,PASS,Frozen packet supplies affirmative evidence for empirical-envelope compatibility.,,
C16,M_MECHANISTIC,PO12,C,NOT_APPLICABLE,Uncertainty/sensitivity is not activated by this bounded axis claim.,,
C16,M_MECHANISTIC,PO16,M,PASS,Frozen packet supplies affirmative evidence for provenance completeness.,,
C17,S_STRUCTURAL,PO00,M,PASS,Frozen packet supplies affirmative evidence for source/target grounding.,,
C17,S_STRUCTURAL,PO01,M,PASS,Frozen packet supplies affirmative evidence for explicit mapping declaration.,,
C17,S_STRUCTURAL,PO02,M,PASS,Frozen packet supplies affirmative evidence for type and role compatibility.,,
C17,S_STRUCTURAL,PO03,M,PASS,Frozen packet supplies affirmative evidence for relation preservation.,,
C17,S_STRUCTURAL,PO16,M,PASS,Frozen packet supplies affirmative evidence for provenance completeness.,,
C17,F_FORMAL,PO00,M,PASS,Frozen packet supplies affirmative evidence for source/target grounding.,,
C17,F_FORMAL,PO01,M,PASS,Frozen packet supplies affirmative evidence for explicit mapping declaration.,,
C17,F_FORMAL,PO02,M,PASS,Frozen packet supplies affirmative evidence for type and role compatibility.,,
C17,F_FORMAL,PO03,M,PASS,Frozen packet supplies affirmative evidence for relation preservation.,,
C17,F_FORMAL,PO04,M,PASS,Frozen packet supplies affirmative evidence for target formal well-formedness.,,
C17,F_FORMAL,PO05,C,PASS,Frozen packet supplies affirmative evidence for dimensional/metrological validity.,,
C17,F_FORMAL,PO06,M,PASS,Frozen packet supplies affirmative evidence for assumption transport.,,
C17,F_FORMAL,PO07,M,PASS,"Frozen packet supplies affirmative evidence for boundary, scale, and regime coverage.",,
C17,F_FORMAL,PO09,C,PASS,Frozen packet supplies affirmative evidence for invariant/conservation compatibility.,,
C17,F_FORMAL,PO10,C,PASS,Frozen packet supplies affirmative evidence for parameter transport/calibration.,,
C17,F_FORMAL,PO11,C,PASS,Frozen packet supplies affirmative evidence for empirical-envelope compatibility.,,
C17,F_FORMAL,PO16,M,PASS,Frozen packet supplies affirmative evidence for provenance completeness.,,
C17,M_MECHANISTIC,PO00,M,PASS,Frozen packet supplies affirmative evidence for source/target grounding.,,
C17,M_MECHANISTIC,PO01,M,PASS,Frozen packet supplies affirmative evidence for explicit mapping declaration.,,
C17,M_MECHANISTIC,PO02,M,PASS,Frozen packet supplies affirmative evidence for type and role compatibility.,,
C17,M_MECHANISTIC,PO03,M,PASS,Frozen packet supplies affirmative evidence for relation preservation.,,
C17,M_MECHANISTIC,PO04,M,PASS,Frozen packet supplies affirmative evidence for target formal well-formedness.,,
C17,M_MECHANISTIC,PO05,C,PASS,Frozen packet supplies affirmative evidence for dimensional/metrological validity.,,
C17,M_MECHANISTIC,PO06,M,PASS,Frozen packet supplies affirmative evidence for assumption transport.,,
C17,M_MECHANISTIC,PO07,M,PASS,"Frozen packet supplies affirmative evidence for boundary, scale, and regime coverage.",,
C17,M_MECHANISTIC,PO08,M,PASS,Frozen packet supplies affirmative evidence for causal/mechanistic compatibility.,,
C17,M_MECHANISTIC,PO09,M,PASS,Frozen packet supplies affirmative evidence for invariant/conservation compatibility.,,
C17,M_MECHANISTIC,PO10,M,PASS,Frozen packet supplies affirmative evidence for parameter transport/calibration.,,
C17,M_MECHANISTIC,PO11,M,PASS,Frozen packet supplies affirmative evidence for empirical-envelope compatibility.,,
C17,M_MECHANISTIC,PO12,C,PASS,Frozen packet supplies affirmative evidence for uncertainty/sensitivity.,,
C17,M_MECHANISTIC,PO16,M,PASS,Frozen packet supplies affirmative evidence for provenance completeness.,,
C17,P_PREDICTIVE,PO00,M,PASS,Frozen packet supplies affirmative evidence for source/target grounding.,,
C17,P_PREDICTIVE,PO01,M,PASS,Frozen packet supplies affirmative evidence for explicit mapping declaration.,,
C17,P_PREDICTIVE,PO02,M,PASS,Frozen packet supplies affirmative evidence for type and role compatibility.,,
C17,P_PREDICTIVE,PO03,M,PASS,Frozen packet supplies affirmative evidence for relation preservation.,,
C17,P_PREDICTIVE,PO04,M,PASS,Frozen packet supplies affirmative evidence for target formal well-formedness.,,
C17,P_PREDICTIVE,PO05,C,PASS,Frozen packet supplies affirmative evidence for dimensional/metrological validity.,,
C17,P_PREDICTIVE,PO06,M,PASS,Frozen packet supplies affirmative evidence for assumption transport.,,
C17,P_PREDICTIVE,PO07,M,PASS,"Frozen packet supplies affirmative evidence for boundary, scale, and regime coverage.",,
C17,P_PREDICTIVE,PO08,C,PASS,Frozen packet supplies affirmative evidence for causal/mechanistic compatibility.,,
C17,P_PREDICTIVE,PO09,C,PASS,Frozen packet supplies affirmative evidence for invariant/conservation compatibility.,,
C17,P_PREDICTIVE,PO10,C,PASS,Frozen packet supplies affirmative evidence for parameter transport/calibration.,,
C17,P_PREDICTIVE,PO11,M,PASS,Frozen packet supplies affirmative evidence for empirical-envelope compatibility.,,
C17,P_PREDICTIVE,PO12,M,PASS,Frozen packet supplies affirmative evidence for uncertainty/sensitivity.,,
C17,P_PREDICTIVE,PO13,M,PASS,Frozen packet supplies affirmative evidence for discriminating target prediction.,,
C17,P_PREDICTIVE,PO14,M,PASS,Frozen packet supplies affirmative evidence for falsification route/negative control.,,
C17,P_PREDICTIVE,PO15,C,NOT_APPLICABLE,Novelty/prior-art check is not activated by this bounded axis claim.,,
C17,P_PREDICTIVE,PO16,M,PASS,Frozen packet supplies affirmative evidence for provenance completeness.,,
C17,V_VALIDATED,PO00,M,PASS,Frozen packet supplies affirmative evidence for source/target grounding.,,
C17,V_VALIDATED,PO01,M,PASS,Frozen packet supplies affirmative evidence for explicit mapping declaration.,,
C17,V_VALIDATED,PO02,M,PASS,Frozen packet supplies affirmative evidence for type and role compatibility.,,
C17,V_VALIDATED,PO03,M,PASS,Frozen packet supplies affirmative evidence for relation preservation.,,
C17,V_VALIDATED,PO04,M,PASS,Frozen packet supplies affirmative evidence for target formal well-formedness.,,
C17,V_VALIDATED,PO05,C,PASS,Frozen packet supplies affirmative evidence for dimensional/metrological validity.,,
C17,V_VALIDATED,PO06,M,PASS,Frozen packet supplies affirmative evidence for assumption transport.,,
C17,V_VALIDATED,PO07,M,PASS,"Frozen packet supplies affirmative evidence for boundary, scale, and regime coverage.",,
C17,V_VALIDATED,PO08,C,PASS,Frozen packet supplies affirmative evidence for causal/mechanistic compatibility.,,
C17,V_VALIDATED,PO09,C,PASS,Frozen packet supplies affirmative evidence for invariant/conservation compatibility.,,
C17,V_VALIDATED,PO10,C,PASS,Frozen packet supplies affirmative evidence for parameter transport/calibration.,,
C17,V_VALIDATED,PO11,M,PASS,Frozen packet supplies affirmative evidence for empirical-envelope compatibility.,,
C17,V_VALIDATED,PO12,M,PASS,Frozen packet supplies affirmative evidence for uncertainty/sensitivity.,,
C17,V_VALIDATED,PO13,M,PASS,Frozen packet supplies affirmative evidence for discriminating target prediction.,,
C17,V_VALIDATED,PO14,M,PASS,Frozen packet supplies affirmative evidence for falsification route/negative control.,,
C17,V_VALIDATED,PO15,C,NOT_APPLICABLE,Novelty/prior-art check is not activated by this bounded axis claim.,,
C17,V_VALIDATED,PO16,M,PASS,Frozen packet supplies affirmative evidence for provenance completeness.,,
C17,V_VALIDATED,PO17,M,PASS,Frozen packet supplies affirmative evidence for validation of transferred prediction.,,
C18,S_STRUCTURAL,PO00,M,PASS,Frozen packet supplies affirmative evidence for source/target grounding.,,
C18,S_STRUCTURAL,PO01,M,PASS,Frozen packet supplies affirmative evidence for explicit mapping declaration.,,
C18,S_STRUCTURAL,PO02,M,PASS,Frozen packet supplies affirmative evidence for type and role compatibility.,,
C18,S_STRUCTURAL,PO03,M,PASS,Frozen packet supplies affirmative evidence for relation preservation.,,
C18,S_STRUCTURAL,PO16,M,PASS,Frozen packet supplies affirmative evidence for provenance completeness.,,
C18,F_FORMAL,PO00,M,PASS,Frozen packet supplies affirmative evidence for source/target grounding.,,
C18,F_FORMAL,PO01,M,PASS,Frozen packet supplies affirmative evidence for explicit mapping declaration.,,
C18,F_FORMAL,PO02,M,PASS,Frozen packet supplies affirmative evidence for type and role compatibility.,,
C18,F_FORMAL,PO03,M,PASS,Frozen packet supplies affirmative evidence for relation preservation.,,
C18,F_FORMAL,PO04,M,PASS,Frozen packet supplies affirmative evidence for target formal well-formedness.,,
C18,F_FORMAL,PO05,C,NOT_APPLICABLE,Dimensional/metrological validity is not activated by this bounded axis claim.,,
C18,F_FORMAL,PO06,M,PASS,Frozen packet supplies affirmative evidence for assumption transport.,,
C18,F_FORMAL,PO07,M,PASS,"Frozen packet supplies affirmative evidence for boundary, scale, and regime coverage.",,
C18,F_FORMAL,PO09,C,NOT_APPLICABLE,Invariant/conservation compatibility is not activated by this bounded axis claim.,,
C18,F_FORMAL,PO10,C,NOT_APPLICABLE,Parameter transport/calibration is not activated by this bounded axis claim.,,
C18,F_FORMAL,PO11,C,NOT_APPLICABLE,Empirical-envelope compatibility is not activated by this bounded axis claim.,,
C18,F_FORMAL,PO16,M,PASS,Frozen packet supplies affirmative evidence for provenance completeness.,,
C18,M_MECHANISTIC,PO00,M,PASS,Frozen packet supplies affirmative evidence for source/target grounding.,,
C18,M_MECHANISTIC,PO01,M,FAIL,No gravitational conducting-shell/mobile-charge mechanism map is supplied.,MAPPING_TYPE_RELATION,IA03_RELATION_BREAK
C18,M_MECHANISTIC,PO02,M,FAIL,Mobile electric charge has no evidenced compatible gravitational target role.,MAPPING_TYPE_RELATION,IA02_TYPE_ROLE_MISMATCH
C18,M_MECHANISTIC,PO03,M,FAIL,Faraday-cage cancellation relations do not transfer to gravity.,MAPPING_TYPE_RELATION,IA03_RELATION_BREAK
C18,M_MECHANISTIC,PO04,M,FAIL,The bounded gravitoelectromagnetic analogy supplies no shielding formalism.,FORMAL_METROLOGY,IA04_FORMAL_DOMAIN_ERROR
C18,M_MECHANISTIC,PO05,C,NOT_APPLICABLE,Dimensional/metrological validity is not activated by this bounded axis claim.,,
C18,M_MECHANISTIC,PO06,M,FAIL,Conductor-equilibrium assumptions are explicitly not transferred into gravity.,ASSUMPTION_REGIME,IA06_ASSUMPTION_LAUNDERING
C18,M_MECHANISTIC,PO07,M,FAIL,The claim exceeds the stated weak-field formal-analogy regime.,ASSUMPTION_REGIME,IA07_REGIME_EXTRAPOLATION
C18,M_MECHANISTIC,PO08,M,FAIL,No mobile positive/negative gravitational charge mechanism is frozen.,MECHANISM_CAUSALITY,IA08_MECHANISM_SMUGGLING
C18,M_MECHANISTIC,PO09,M,PASS,Frozen packet supplies affirmative evidence for invariant/conservation compatibility.,,
C18,M_MECHANISTIC,PO10,M,FAIL,No electromagnetic material parameter is justified as a gravitational shielding parameter.,INVARIANT_PARAMETER,IA11_PARAMETER_SMUGGLING
C18,M_MECHANISTIC,PO11,M,FAIL,Frozen target evidence contains no accepted ordinary-shell gravitational shielding response.,EMPIRICAL,IA12_EMPIRICAL_COLLISION
C18,M_MECHANISTIC,PO12,C,NOT_APPLICABLE,Uncertainty/sensitivity is not activated by this bounded axis claim.,,
C18,M_MECHANISTIC,PO16,M,PASS,Frozen packet supplies affirmative evidence for provenance completeness.,,
C19,S_STRUCTURAL,PO00,M,PASS,Frozen packet supplies affirmative evidence for source/target grounding.,,
C19,S_STRUCTURAL,PO01,M,PASS,Frozen packet supplies affirmative evidence for explicit mapping declaration.,,
C19,S_STRUCTURAL,PO02,M,PASS,Frozen packet supplies affirmative evidence for type and role compatibility.,,
C19,S_STRUCTURAL,PO03,M,PASS,Frozen packet supplies affirmative evidence for relation preservation.,,
C19,S_STRUCTURAL,PO16,M,PASS,Frozen packet supplies affirmative evidence for provenance completeness.,,
C19,F_FORMAL,PO00,M,PASS,Frozen packet supplies affirmative evidence for source/target grounding.,,
C19,F_FORMAL,PO01,M,PASS,Frozen packet supplies affirmative evidence for explicit mapping declaration.,,
C19,F_FORMAL,PO02,M,PASS,Frozen packet supplies affirmative evidence for type and role compatibility.,,
C19,F_FORMAL,PO03,M,PASS,Frozen packet supplies affirmative evidence for relation preservation.,,
C19,F_FORMAL,PO04,M,PASS,Frozen packet supplies affirmative evidence for target formal well-formedness.,,
C19,F_FORMAL,PO05,C,PASS,Frozen packet supplies affirmative evidence for dimensional/metrological validity.,,
C19,F_FORMAL,PO06,M,PASS,Frozen packet supplies affirmative evidence for assumption transport.,,
C19,F_FORMAL,PO07,M,PASS,"Frozen packet supplies affirmative evidence for boundary, scale, and regime coverage.",,
C19,F_FORMAL,PO09,C,PASS,Frozen packet supplies affirmative evidence for invariant/conservation compatibility.,,
C19,F_FORMAL,PO10,C,PASS,Frozen packet supplies affirmative evidence for parameter transport/calibration.,,
C19,F_FORMAL,PO11,C,PASS,Frozen packet supplies affirmative evidence for empirical-envelope compatibility.,,
C19,F_FORMAL,PO16,M,PASS,Frozen packet supplies affirmative evidence for provenance completeness.,,
C19,M_MECHANISTIC,PO00,M,PASS,Frozen packet supplies affirmative evidence for source/target grounding.,,
C19,M_MECHANISTIC,PO01,M,PASS,Frozen packet supplies affirmative evidence for explicit mapping declaration.,,
C19,M_MECHANISTIC,PO02,M,PASS,Frozen packet supplies affirmative evidence for type and role compatibility.,,
C19,M_MECHANISTIC,PO03,M,PASS,Frozen packet supplies affirmative evidence for relation preservation.,,
C19,M_MECHANISTIC,PO04,M,PASS,Frozen packet supplies affirmative evidence for target formal well-formedness.,,
C19,M_MECHANISTIC,PO05,C,PASS,Frozen packet supplies affirmative evidence for dimensional/metrological validity.,,
C19,M_MECHANISTIC,PO06,M,PASS,Frozen packet supplies affirmative evidence for assumption transport.,,
C19,M_MECHANISTIC,PO07,M,PASS,"Frozen packet supplies affirmative evidence for boundary, scale, and regime coverage.",,
C19,M_MECHANISTIC,PO08,M,PASS,Frozen packet supplies affirmative evidence for causal/mechanistic compatibility.,,
C19,M_MECHANISTIC,PO09,M,PASS,Frozen packet supplies affirmative evidence for invariant/conservation compatibility.,,
C19,M_MECHANISTIC,PO10,M,PASS,Frozen packet supplies affirmative evidence for parameter transport/calibration.,,
C19,M_MECHANISTIC,PO11,M,PASS,Frozen packet supplies affirmative evidence for empirical-envelope compatibility.,,
C19,M_MECHANISTIC,PO12,C,PASS,Frozen packet supplies affirmative evidence for uncertainty/sensitivity.,,
C19,M_MECHANISTIC,PO16,M,PASS,Frozen packet supplies affirmative evidence for provenance completeness.,,
C19,P_PREDICTIVE,PO00,M,PASS,Frozen packet supplies affirmative evidence for source/target grounding.,,
C19,P_PREDICTIVE,PO01,M,PASS,Frozen packet supplies affirmative evidence for explicit mapping declaration.,,
C19,P_PREDICTIVE,PO02,M,PASS,Frozen packet supplies affirmative evidence for type and role compatibility.,,
C19,P_PREDICTIVE,PO03,M,PASS,Frozen packet supplies affirmative evidence for relation preservation.,,
C19,P_PREDICTIVE,PO04,M,PASS,Frozen packet supplies affirmative evidence for target formal well-formedness.,,
C19,P_PREDICTIVE,PO05,C,PASS,Frozen packet supplies affirmative evidence for dimensional/metrological validity.,,
C19,P_PREDICTIVE,PO06,M,PASS,Frozen packet supplies affirmative evidence for assumption transport.,,
C19,P_PREDICTIVE,PO07,M,PASS,"Frozen packet supplies affirmative evidence for boundary, scale, and regime coverage.",,
C19,P_PREDICTIVE,PO08,C,PASS,Frozen packet supplies affirmative evidence for causal/mechanistic compatibility.,,
C19,P_PREDICTIVE,PO09,C,PASS,Frozen packet supplies affirmative evidence for invariant/conservation compatibility.,,
C19,P_PREDICTIVE,PO10,C,PASS,Frozen packet supplies affirmative evidence for parameter transport/calibration.,,
C19,P_PREDICTIVE,PO11,M,PASS,Frozen packet supplies affirmative evidence for empirical-envelope compatibility.,,
C19,P_PREDICTIVE,PO12,M,PASS,Frozen packet supplies affirmative evidence for uncertainty/sensitivity.,,
C19,P_PREDICTIVE,PO13,M,PASS,Frozen packet supplies affirmative evidence for discriminating target prediction.,,
C19,P_PREDICTIVE,PO14,M,PASS,Frozen packet supplies affirmative evidence for falsification route/negative control.,,
C19,P_PREDICTIVE,PO15,C,NOT_APPLICABLE,Novelty/prior-art check is not activated by this bounded axis claim.,,
C19,P_PREDICTIVE,PO16,M,PASS,Frozen packet supplies affirmative evidence for provenance completeness.,,
C19,V_VALIDATED,PO00,M,PASS,Frozen packet supplies affirmative evidence for source/target grounding.,,
C19,V_VALIDATED,PO01,M,PASS,Frozen packet supplies affirmative evidence for explicit mapping declaration.,,
C19,V_VALIDATED,PO02,M,PASS,Frozen packet supplies affirmative evidence for type and role compatibility.,,
C19,V_VALIDATED,PO03,M,PASS,Frozen packet supplies affirmative evidence for relation preservation.,,
C19,V_VALIDATED,PO04,M,PASS,Frozen packet supplies affirmative evidence for target formal well-formedness.,,
C19,V_VALIDATED,PO05,C,PASS,Frozen packet supplies affirmative evidence for dimensional/metrological validity.,,
C19,V_VALIDATED,PO06,M,PASS,Frozen packet supplies affirmative evidence for assumption transport.,,
C19,V_VALIDATED,PO07,M,PASS,"Frozen packet supplies affirmative evidence for boundary, scale, and regime coverage.",,
C19,V_VALIDATED,PO08,C,PASS,Frozen packet supplies affirmative evidence for causal/mechanistic compatibility.,,
C19,V_VALIDATED,PO09,C,PASS,Frozen packet supplies affirmative evidence for invariant/conservation compatibility.,,
C19,V_VALIDATED,PO10,C,PASS,Frozen packet supplies affirmative evidence for parameter transport/calibration.,,
C19,V_VALIDATED,PO11,M,PASS,Frozen packet supplies affirmative evidence for empirical-envelope compatibility.,,
C19,V_VALIDATED,PO12,M,PASS,Frozen packet supplies affirmative evidence for uncertainty/sensitivity.,,
C19,V_VALIDATED,PO13,M,PASS,Frozen packet supplies affirmative evidence for discriminating target prediction.,,
C19,V_VALIDATED,PO14,M,PASS,Frozen packet supplies affirmative evidence for falsification route/negative control.,,
C19,V_VALIDATED,PO15,C,NOT_APPLICABLE,Novelty/prior-art check is not activated by this bounded axis claim.,,
C19,V_VALIDATED,PO16,M,PASS,Frozen packet supplies affirmative evidence for provenance completeness.,,
C19,V_VALIDATED,PO17,M,PASS,Frozen packet supplies affirmative evidence for validation of transferred prediction.,,
C20,S_STRUCTURAL,PO00,M,PASS,Frozen packet supplies affirmative evidence for source/target grounding.,,
C20,S_STRUCTURAL,PO01,M,PASS,Frozen packet supplies affirmative evidence for explicit mapping declaration.,,
C20,S_STRUCTURAL,PO02,M,PASS,Frozen packet supplies affirmative evidence for type and role compatibility.,,
C20,S_STRUCTURAL,PO03,M,PASS,Frozen packet supplies affirmative evidence for relation preservation.,,
C20,S_STRUCTURAL,PO16,M,PASS,Frozen packet supplies affirmative evidence for provenance completeness.,,
C20,F_FORMAL,PO00,M,PASS,Frozen packet supplies affirmative evidence for source/target grounding.,,
C20,F_FORMAL,PO01,M,PASS,Frozen packet supplies affirmative evidence for explicit mapping declaration.,,
C20,F_FORMAL,PO02,M,PASS,Frozen packet supplies affirmative evidence for type and role compatibility.,,
C20,F_FORMAL,PO03,M,FAIL,Classical planetary relations omit material atomic radiation and quantum-state relations.,MAPPING_TYPE_RELATION,IA03_RELATION_BREAK
C20,F_FORMAL,PO04,M,FAIL,A classical Coulomb orbit is not an adequate stable-atom target formalism.,FORMAL_METROLOGY,IA04_FORMAL_DOMAIN_ERROR
C20,F_FORMAL,PO05,C,PASS,Frozen packet supplies affirmative evidence for dimensional/metrological validity.,,
C20,F_FORMAL,PO06,M,FAIL,The unchanged stable-orbit assumption conflicts with atomic charged-particle/radiation conditions.,ASSUMPTION_REGIME,IA06_ASSUMPTION_LAUNDERING
C20,F_FORMAL,PO07,M,FAIL,Atomic conditions are outside the claimed stable classical-orbit regime.,ASSUMPTION_REGIME,IA07_REGIME_EXTRAPOLATION
C20,F_FORMAL,PO09,C,FAIL,Unaccounted radiation loss violates the stability/invariant requirements of the target claim.,INVARIANT_PARAMETER,IA10_CONSERVATION_INVARIANT_VIOLATION
C20,F_FORMAL,PO10,C,NOT_APPLICABLE,Parameter transport/calibration is not activated by this bounded axis claim.,,
C20,F_FORMAL,PO11,C,FAIL,Frozen atomic stability and discrete spectra contradict the unrestricted classical model.,EMPIRICAL,IA12_EMPIRICAL_COLLISION
C20,F_FORMAL,PO16,M,PASS,Frozen packet supplies affirmative evidence for provenance completeness.,,
C20,M_MECHANISTIC,PO00,M,PASS,Frozen packet supplies affirmative evidence for source/target grounding.,,
C20,M_MECHANISTIC,PO01,M,PASS,Frozen packet supplies affirmative evidence for explicit mapping declaration.,,
C20,M_MECHANISTIC,PO02,M,PASS,Frozen packet supplies affirmative evidence for type and role compatibility.,,
C20,M_MECHANISTIC,PO03,M,FAIL,Classical planetary relations omit material atomic radiation and quantum-state relations.,MAPPING_TYPE_RELATION,IA03_RELATION_BREAK
C20,M_MECHANISTIC,PO04,M,FAIL,A classical Coulomb orbit is not an adequate stable-atom target formalism.,FORMAL_METROLOGY,IA04_FORMAL_DOMAIN_ERROR
C20,M_MECHANISTIC,PO05,C,NOT_APPLICABLE,Dimensional/metrological validity is not activated by this bounded axis claim.,,
C20,M_MECHANISTIC,PO06,M,FAIL,The unchanged stable-orbit assumption conflicts with atomic charged-particle/radiation conditions.,ASSUMPTION_REGIME,IA06_ASSUMPTION_LAUNDERING
C20,M_MECHANISTIC,PO07,M,FAIL,Atomic conditions are outside the claimed stable classical-orbit regime.,ASSUMPTION_REGIME,IA07_REGIME_EXTRAPOLATION
C20,M_MECHANISTIC,PO08,M,FAIL,The proposed stable planetary-orbit mechanism conflicts with the frozen target mechanism.,MECHANISM_CAUSALITY,IA08_MECHANISM_SMUGGLING
C20,M_MECHANISTIC,PO09,M,FAIL,Unaccounted radiation loss violates the stability/invariant requirements of the target claim.,INVARIANT_PARAMETER,IA10_CONSERVATION_INVARIANT_VIOLATION
C20,M_MECHANISTIC,PO10,M,FAIL,No valid planetary-parameter calibration yields an adequate stable atomic model.,INVARIANT_PARAMETER,IA11_PARAMETER_SMUGGLING
C20,M_MECHANISTIC,PO11,M,FAIL,Frozen atomic stability and discrete spectra contradict the unrestricted classical model.,EMPIRICAL,IA12_EMPIRICAL_COLLISION
C20,M_MECHANISTIC,PO12,C,NOT_APPLICABLE,Uncertainty/sensitivity is not activated by this bounded axis claim.,,
C20,M_MECHANISTIC,PO16,M,PASS,Frozen packet supplies affirmative evidence for provenance completeness.,,
