blind_id,axis,obligation_id,requirement_mode,evaluator_status,evaluator_rationale,failure_family_if_blocking,ia_codes_if_fail
C01,S_STRUCTURAL,PO00,M,PASS,Packet grounding_evidence/provenance_evidence supplies qualifying evidence for PO00 on this axis.,,
C01,S_STRUCTURAL,PO01,M,PASS,Packet mapping_evidence supplies qualifying evidence for PO01 on this axis.,,
C01,S_STRUCTURAL,PO02,M,PASS,Packet mapping_evidence supplies qualifying evidence for PO02 on this axis.,,
C01,S_STRUCTURAL,PO03,M,PASS,Packet mapping_evidence/formal_evidence supplies qualifying evidence for PO03 on this axis.,,
C01,S_STRUCTURAL,PO16,M,PASS,Packet provenance_evidence supplies qualifying evidence for PO16 on this axis.,,
C01,F_FORMAL,PO00,M,PASS,Packet grounding_evidence/provenance_evidence supplies qualifying evidence for PO00 on this axis.,,
C01,F_FORMAL,PO01,M,PASS,Packet mapping_evidence supplies qualifying evidence for PO01 on this axis.,,
C01,F_FORMAL,PO02,M,PASS,Packet mapping_evidence supplies qualifying evidence for PO02 on this axis.,,
C01,F_FORMAL,PO03,M,PASS,Packet mapping_evidence/formal_evidence supplies qualifying evidence for PO03 on this axis.,,
C01,F_FORMAL,PO04,M,PASS,Packet formal_evidence supplies qualifying evidence for PO04 on this axis.,,
C01,F_FORMAL,PO05,C,NOT_APPLICABLE,NOT_APPLICABLE: no unit-bearing or measured physical target relation is used.,,
C01,F_FORMAL,PO06,M,PASS,Packet assumptions_and_regime supplies qualifying evidence for PO06 on this axis.,,
C01,F_FORMAL,PO07,M,PASS,Packet assumptions_and_regime supplies qualifying evidence for PO07 on this axis.,,
C01,F_FORMAL,PO09,C,PASS,Packet formal_evidence/assumptions_and_regime supplies qualifying evidence for PO09 on this axis.,,
C01,F_FORMAL,PO10,C,PASS,Packet parameter_calibration supplies qualifying evidence for PO10 on this axis.,,
C01,F_FORMAL,PO11,C,PASS,Packet empirical_bounds supplies qualifying evidence for PO11 on this axis.,,
C01,F_FORMAL,PO16,M,PASS,Packet provenance_evidence supplies qualifying evidence for PO16 on this axis.,,
C01,M_MECHANISTIC,PO00,M,PASS,Packet grounding_evidence/provenance_evidence supplies qualifying evidence for PO00 on this axis.,,
C01,M_MECHANISTIC,PO01,M,PASS,Packet mapping_evidence supplies qualifying evidence for PO01 on this axis.,,
C01,M_MECHANISTIC,PO02,M,PASS,Packet mapping_evidence supplies qualifying evidence for PO02 on this axis.,,
C01,M_MECHANISTIC,PO03,M,PASS,Packet mapping_evidence/formal_evidence supplies qualifying evidence for PO03 on this axis.,,
C01,M_MECHANISTIC,PO04,M,PASS,Packet formal_evidence supplies qualifying evidence for PO04 on this axis.,,
C01,M_MECHANISTIC,PO05,C,NOT_APPLICABLE,NOT_APPLICABLE: no unit-bearing or measured physical target relation is used.,,
C01,M_MECHANISTIC,PO06,M,PASS,Packet assumptions_and_regime supplies qualifying evidence for PO06 on this axis.,,
C01,M_MECHANISTIC,PO07,M,PASS,Packet assumptions_and_regime supplies qualifying evidence for PO07 on this axis.,,
C01,M_MECHANISTIC,PO08,M,PASS,Packet mechanism_evidence supplies qualifying evidence for PO08 on this axis.,,
C01,M_MECHANISTIC,PO09,M,PASS,Packet formal_evidence/assumptions_and_regime supplies qualifying evidence for PO09 on this axis.,,
C01,M_MECHANISTIC,PO10,M,PASS,Packet parameter_calibration supplies qualifying evidence for PO10 on this axis.,,
C01,M_MECHANISTIC,PO11,M,PASS,Packet empirical_bounds supplies qualifying evidence for PO11 on this axis.,,
C01,M_MECHANISTIC,PO12,C,PASS,Packet uncertainty_evidence supplies qualifying evidence for PO12 on this axis.,,
C01,M_MECHANISTIC,PO16,M,PASS,Packet provenance_evidence supplies qualifying evidence for PO16 on this axis.,,
C01,P_PREDICTIVE,PO00,M,PASS,Packet grounding_evidence/provenance_evidence supplies qualifying evidence for PO00 on this axis.,,
C01,P_PREDICTIVE,PO01,M,PASS,Packet mapping_evidence supplies qualifying evidence for PO01 on this axis.,,
C01,P_PREDICTIVE,PO02,M,PASS,Packet mapping_evidence supplies qualifying evidence for PO02 on this axis.,,
C01,P_PREDICTIVE,PO03,M,PASS,Packet mapping_evidence/formal_evidence supplies qualifying evidence for PO03 on this axis.,,
C01,P_PREDICTIVE,PO04,M,PASS,Packet formal_evidence supplies qualifying evidence for PO04 on this axis.,,
C01,P_PREDICTIVE,PO05,C,NOT_APPLICABLE,NOT_APPLICABLE: no unit-bearing or measured physical target relation is used.,,
C01,P_PREDICTIVE,PO06,M,PASS,Packet assumptions_and_regime supplies qualifying evidence for PO06 on this axis.,,
C01,P_PREDICTIVE,PO07,M,PASS,Packet assumptions_and_regime supplies qualifying evidence for PO07 on this axis.,,
C01,P_PREDICTIVE,PO08,C,PASS,Packet mechanism_evidence supplies qualifying evidence for PO08 on this axis.,,
C01,P_PREDICTIVE,PO09,C,PASS,Packet formal_evidence/assumptions_and_regime supplies qualifying evidence for PO09 on this axis.,,
C01,P_PREDICTIVE,PO10,C,PASS,Packet parameter_calibration supplies qualifying evidence for PO10 on this axis.,,
C01,P_PREDICTIVE,PO11,M,PASS,Packet empirical_bounds supplies qualifying evidence for PO11 on this axis.,,
C01,P_PREDICTIVE,PO12,M,PASS,Packet uncertainty_evidence supplies qualifying evidence for PO12 on this axis.,,
C01,P_PREDICTIVE,PO13,M,PASS,Packet prediction_evidence supplies qualifying evidence for PO13 on this axis.,,
C01,P_PREDICTIVE,PO14,M,PASS,Packet falsification_evidence supplies qualifying evidence for PO14 on this axis.,,
C01,P_PREDICTIVE,PO15,C,NOT_APPLICABLE,NOT_APPLICABLE: no novelty claim is frozen.,,
C01,P_PREDICTIVE,PO16,M,PASS,Packet provenance_evidence supplies qualifying evidence for PO16 on this axis.,,
C01,V_VALIDATED,PO00,M,PASS,Packet grounding_evidence/provenance_evidence supplies qualifying evidence for PO00 on this axis.,,
C01,V_VALIDATED,PO01,M,PASS,Packet mapping_evidence supplies qualifying evidence for PO01 on this axis.,,
C01,V_VALIDATED,PO02,M,PASS,Packet mapping_evidence supplies qualifying evidence for PO02 on this axis.,,
C01,V_VALIDATED,PO03,M,PASS,Packet mapping_evidence/formal_evidence supplies qualifying evidence for PO03 on this axis.,,
C01,V_VALIDATED,PO04,M,PASS,Packet formal_evidence supplies qualifying evidence for PO04 on this axis.,,
C01,V_VALIDATED,PO05,C,NOT_APPLICABLE,NOT_APPLICABLE: no unit-bearing or measured physical target relation is used.,,
C01,V_VALIDATED,PO06,M,PASS,Packet assumptions_and_regime supplies qualifying evidence for PO06 on this axis.,,
C01,V_VALIDATED,PO07,M,PASS,Packet assumptions_and_regime supplies qualifying evidence for PO07 on this axis.,,
C01,V_VALIDATED,PO08,C,PASS,Packet mechanism_evidence supplies qualifying evidence for PO08 on this axis.,,
C01,V_VALIDATED,PO09,C,PASS,Packet formal_evidence/assumptions_and_regime supplies qualifying evidence for PO09 on this axis.,,
C01,V_VALIDATED,PO10,C,PASS,Packet parameter_calibration supplies qualifying evidence for PO10 on this axis.,,
C01,V_VALIDATED,PO11,M,PASS,Packet empirical_bounds supplies qualifying evidence for PO11 on this axis.,,
C01,V_VALIDATED,PO12,M,PASS,Packet uncertainty_evidence supplies qualifying evidence for PO12 on this axis.,,
C01,V_VALIDATED,PO13,M,PASS,Packet prediction_evidence supplies qualifying evidence for PO13 on this axis.,,
C01,V_VALIDATED,PO14,M,PASS,Packet falsification_evidence supplies qualifying evidence for PO14 on this axis.,,
C01,V_VALIDATED,PO15,C,NOT_APPLICABLE,NOT_APPLICABLE: no novelty claim is frozen.,,
C01,V_VALIDATED,PO16,M,PASS,Packet provenance_evidence supplies qualifying evidence for PO16 on this axis.,,
C01,V_VALIDATED,PO17,M,UNKNOWN,Packet validation_evidence does not supply qualifying evidence for PO17; closed-book rules require UNKNOWN.,EMPIRICAL,
C02,S_STRUCTURAL,PO00,M,PASS,Packet grounding_evidence/provenance_evidence supplies qualifying evidence for PO00 on this axis.,,
C02,S_STRUCTURAL,PO01,M,PASS,Packet mapping_evidence supplies qualifying evidence for PO01 on this axis.,,
C02,S_STRUCTURAL,PO02,M,PASS,Packet mapping_evidence supplies qualifying evidence for PO02 on this axis.,,
C02,S_STRUCTURAL,PO03,M,PASS,Packet mapping_evidence/formal_evidence supplies qualifying evidence for PO03 on this axis.,,
C02,S_STRUCTURAL,PO16,M,PASS,Packet provenance_evidence supplies qualifying evidence for PO16 on this axis.,,
C02,F_FORMAL,PO00,M,PASS,Packet grounding_evidence/provenance_evidence supplies qualifying evidence for PO00 on this axis.,,
C02,F_FORMAL,PO01,M,PASS,Packet mapping_evidence supplies qualifying evidence for PO01 on this axis.,,
C02,F_FORMAL,PO02,M,PASS,Packet mapping_evidence supplies qualifying evidence for PO02 on this axis.,,
C02,F_FORMAL,PO03,M,PASS,Packet mapping_evidence/formal_evidence supplies qualifying evidence for PO03 on this axis.,,
C02,F_FORMAL,PO04,M,PASS,Packet formal_evidence supplies qualifying evidence for PO04 on this axis.,,
C02,F_FORMAL,PO05,C,PASS,Packet formal_evidence/parameter_calibration supplies qualifying evidence for PO05 on this axis.,,
C02,F_FORMAL,PO06,M,PASS,Packet assumptions_and_regime supplies qualifying evidence for PO06 on this axis.,,
C02,F_FORMAL,PO07,M,PASS,Packet assumptions_and_regime supplies qualifying evidence for PO07 on this axis.,,
C02,F_FORMAL,PO09,C,NOT_APPLICABLE,"NOT_APPLICABLE: no material invariant, normalization, or conservation law is used.",,
C02,F_FORMAL,PO10,C,PASS,Packet parameter_calibration supplies qualifying evidence for PO10 on this axis.,,
C02,F_FORMAL,PO11,C,PASS,Packet empirical_bounds supplies qualifying evidence for PO11 on this axis.,,
C02,F_FORMAL,PO16,M,PASS,Packet provenance_evidence supplies qualifying evidence for PO16 on this axis.,,
C02,M_MECHANISTIC,PO00,M,PASS,Packet grounding_evidence/provenance_evidence supplies qualifying evidence for PO00 on this axis.,,
C02,M_MECHANISTIC,PO01,M,PASS,Packet mapping_evidence supplies qualifying evidence for PO01 on this axis.,,
C02,M_MECHANISTIC,PO02,M,PASS,Packet mapping_evidence supplies qualifying evidence for PO02 on this axis.,,
C02,M_MECHANISTIC,PO03,M,PASS,Packet mapping_evidence/formal_evidence supplies qualifying evidence for PO03 on this axis.,,
C02,M_MECHANISTIC,PO04,M,PASS,Packet formal_evidence supplies qualifying evidence for PO04 on this axis.,,
C02,M_MECHANISTIC,PO05,C,PASS,Packet formal_evidence/parameter_calibration supplies qualifying evidence for PO05 on this axis.,,
C02,M_MECHANISTIC,PO06,M,PASS,Packet assumptions_and_regime supplies qualifying evidence for PO06 on this axis.,,
C02,M_MECHANISTIC,PO07,M,PASS,Packet assumptions_and_regime supplies qualifying evidence for PO07 on this axis.,,
C02,M_MECHANISTIC,PO08,M,PASS,Packet mechanism_evidence supplies qualifying evidence for PO08 on this axis.,,
C02,M_MECHANISTIC,PO09,M,PASS,Packet formal_evidence/assumptions_and_regime supplies qualifying evidence for PO09 on this axis.,,
C02,M_MECHANISTIC,PO10,M,PASS,Packet parameter_calibration supplies qualifying evidence for PO10 on this axis.,,
C02,M_MECHANISTIC,PO11,M,PASS,Packet empirical_bounds supplies qualifying evidence for PO11 on this axis.,,
C02,M_MECHANISTIC,PO12,C,PASS,Packet uncertainty_evidence supplies qualifying evidence for PO12 on this axis.,,
C02,M_MECHANISTIC,PO16,M,PASS,Packet provenance_evidence supplies qualifying evidence for PO16 on this axis.,,
C02,P_PREDICTIVE,PO00,M,PASS,Packet grounding_evidence/provenance_evidence supplies qualifying evidence for PO00 on this axis.,,
C02,P_PREDICTIVE,PO01,M,PASS,Packet mapping_evidence supplies qualifying evidence for PO01 on this axis.,,
C02,P_PREDICTIVE,PO02,M,PASS,Packet mapping_evidence supplies qualifying evidence for PO02 on this axis.,,
C02,P_PREDICTIVE,PO03,M,PASS,Packet mapping_evidence/formal_evidence supplies qualifying evidence for PO03 on this axis.,,
C02,P_PREDICTIVE,PO04,M,PASS,Packet formal_evidence supplies qualifying evidence for PO04 on this axis.,,
C02,P_PREDICTIVE,PO05,C,PASS,Packet formal_evidence/parameter_calibration supplies qualifying evidence for PO05 on this axis.,,
C02,P_PREDICTIVE,PO06,M,PASS,Packet assumptions_and_regime supplies qualifying evidence for PO06 on this axis.,,
C02,P_PREDICTIVE,PO07,M,PASS,Packet assumptions_and_regime supplies qualifying evidence for PO07 on this axis.,,
C02,P_PREDICTIVE,PO08,C,PASS,Packet mechanism_evidence supplies qualifying evidence for PO08 on this axis.,,
C02,P_PREDICTIVE,PO09,C,NOT_APPLICABLE,"NOT_APPLICABLE: no material invariant, normalization, or conservation law is used.",,
C02,P_PREDICTIVE,PO10,C,PASS,Packet parameter_calibration supplies qualifying evidence for PO10 on this axis.,,
C02,P_PREDICTIVE,PO11,M,PASS,Packet empirical_bounds supplies qualifying evidence for PO11 on this axis.,,
C02,P_PREDICTIVE,PO12,M,PASS,Packet uncertainty_evidence supplies qualifying evidence for PO12 on this axis.,,
C02,P_PREDICTIVE,PO13,M,PASS,Packet prediction_evidence supplies qualifying evidence for PO13 on this axis.,,
C02,P_PREDICTIVE,PO14,M,PASS,Packet falsification_evidence supplies qualifying evidence for PO14 on this axis.,,
C02,P_PREDICTIVE,PO15,C,NOT_APPLICABLE,NOT_APPLICABLE: no novelty claim is frozen.,,
C02,P_PREDICTIVE,PO16,M,PASS,Packet provenance_evidence supplies qualifying evidence for PO16 on this axis.,,
C02,V_VALIDATED,PO00,M,PASS,Packet grounding_evidence/provenance_evidence supplies qualifying evidence for PO00 on this axis.,,
C02,V_VALIDATED,PO01,M,PASS,Packet mapping_evidence supplies qualifying evidence for PO01 on this axis.,,
C02,V_VALIDATED,PO02,M,PASS,Packet mapping_evidence supplies qualifying evidence for PO02 on this axis.,,
C02,V_VALIDATED,PO03,M,PASS,Packet mapping_evidence/formal_evidence supplies qualifying evidence for PO03 on this axis.,,
C02,V_VALIDATED,PO04,M,PASS,Packet formal_evidence supplies qualifying evidence for PO04 on this axis.,,
C02,V_VALIDATED,PO05,C,PASS,Packet formal_evidence/parameter_calibration supplies qualifying evidence for PO05 on this axis.,,
C02,V_VALIDATED,PO06,M,PASS,Packet assumptions_and_regime supplies qualifying evidence for PO06 on this axis.,,
C02,V_VALIDATED,PO07,M,PASS,Packet assumptions_and_regime supplies qualifying evidence for PO07 on this axis.,,
C02,V_VALIDATED,PO08,C,PASS,Packet mechanism_evidence supplies qualifying evidence for PO08 on this axis.,,
C02,V_VALIDATED,PO09,C,NOT_APPLICABLE,"NOT_APPLICABLE: no material invariant, normalization, or conservation law is used.",,
C02,V_VALIDATED,PO10,C,PASS,Packet parameter_calibration supplies qualifying evidence for PO10 on this axis.,,
C02,V_VALIDATED,PO11,M,PASS,Packet empirical_bounds supplies qualifying evidence for PO11 on this axis.,,
C02,V_VALIDATED,PO12,M,PASS,Packet uncertainty_evidence supplies qualifying evidence for PO12 on this axis.,,
C02,V_VALIDATED,PO13,M,PASS,Packet prediction_evidence supplies qualifying evidence for PO13 on this axis.,,
C02,V_VALIDATED,PO14,M,PASS,Packet falsification_evidence supplies qualifying evidence for PO14 on this axis.,,
C02,V_VALIDATED,PO15,C,NOT_APPLICABLE,NOT_APPLICABLE: no novelty claim is frozen.,,
C02,V_VALIDATED,PO16,M,PASS,Packet provenance_evidence supplies qualifying evidence for PO16 on this axis.,,
C02,V_VALIDATED,PO17,M,PASS,Packet validation_evidence supplies qualifying evidence for PO17 on this axis.,,
C03,S_STRUCTURAL,PO00,M,PASS,Packet grounding_evidence/provenance_evidence supplies qualifying evidence for PO00 on this axis.,,
C03,S_STRUCTURAL,PO01,M,PASS,Packet mapping_evidence supplies qualifying evidence for PO01 on this axis.,,
C03,S_STRUCTURAL,PO02,M,PASS,Packet mapping_evidence supplies qualifying evidence for PO02 on this axis.,,
C03,S_STRUCTURAL,PO03,M,PASS,Packet mapping_evidence/formal_evidence supplies qualifying evidence for PO03 on this axis.,,
C03,S_STRUCTURAL,PO16,M,PASS,Packet provenance_evidence supplies qualifying evidence for PO16 on this axis.,,
C03,F_FORMAL,PO00,M,PASS,Packet grounding_evidence/provenance_evidence supplies qualifying evidence for PO00 on this axis.,,
C03,F_FORMAL,PO01,M,PASS,Packet mapping_evidence supplies qualifying evidence for PO01 on this axis.,,
C03,F_FORMAL,PO02,M,PASS,Packet mapping_evidence supplies qualifying evidence for PO02 on this axis.,,
C03,F_FORMAL,PO03,M,PASS,Packet mapping_evidence/formal_evidence supplies qualifying evidence for PO03 on this axis.,,
C03,F_FORMAL,PO04,M,PASS,Packet formal_evidence supplies qualifying evidence for PO04 on this axis.,,
C03,F_FORMAL,PO05,C,PASS,Packet formal_evidence/parameter_calibration supplies qualifying evidence for PO05 on this axis.,,
C03,F_FORMAL,PO06,M,PASS,Packet assumptions_and_regime supplies qualifying evidence for PO06 on this axis.,,
C03,F_FORMAL,PO07,M,PASS,Packet assumptions_and_regime supplies qualifying evidence for PO07 on this axis.,,
C03,F_FORMAL,PO09,C,NOT_APPLICABLE,"NOT_APPLICABLE: no material invariant, normalization, or conservation law is used.",,
C03,F_FORMAL,PO10,C,PASS,Packet parameter_calibration supplies qualifying evidence for PO10 on this axis.,,
C03,F_FORMAL,PO11,C,PASS,Packet empirical_bounds supplies qualifying evidence for PO11 on this axis.,,
C03,F_FORMAL,PO16,M,PASS,Packet provenance_evidence supplies qualifying evidence for PO16 on this axis.,,
C03,M_MECHANISTIC,PO00,M,PASS,Packet grounding_evidence/provenance_evidence supplies qualifying evidence for PO00 on this axis.,,
C03,M_MECHANISTIC,PO01,M,PASS,Packet mapping_evidence supplies qualifying evidence for PO01 on this axis.,,
C03,M_MECHANISTIC,PO02,M,PASS,Packet mapping_evidence supplies qualifying evidence for PO02 on this axis.,,
C03,M_MECHANISTIC,PO03,M,PASS,Packet mapping_evidence/formal_evidence supplies qualifying evidence for PO03 on this axis.,,
C03,M_MECHANISTIC,PO04,M,PASS,Packet formal_evidence supplies qualifying evidence for PO04 on this axis.,,
C03,M_MECHANISTIC,PO05,C,PASS,Packet formal_evidence/parameter_calibration supplies qualifying evidence for PO05 on this axis.,,
C03,M_MECHANISTIC,PO06,M,PASS,Packet assumptions_and_regime supplies qualifying evidence for PO06 on this axis.,,
C03,M_MECHANISTIC,PO07,M,PASS,Packet assumptions_and_regime supplies qualifying evidence for PO07 on this axis.,,
C03,M_MECHANISTIC,PO08,M,PASS,Packet mechanism_evidence supplies qualifying evidence for PO08 on this axis.,,
C03,M_MECHANISTIC,PO09,M,PASS,Packet formal_evidence/assumptions_and_regime supplies qualifying evidence for PO09 on this axis.,,
C03,M_MECHANISTIC,PO10,M,PASS,Packet parameter_calibration supplies qualifying evidence for PO10 on this axis.,,
C03,M_MECHANISTIC,PO11,M,PASS,Packet empirical_bounds supplies qualifying evidence for PO11 on this axis.,,
C03,M_MECHANISTIC,PO12,C,PASS,Packet uncertainty_evidence supplies qualifying evidence for PO12 on this axis.,,
C03,M_MECHANISTIC,PO16,M,PASS,Packet provenance_evidence supplies qualifying evidence for PO16 on this axis.,,
C03,P_PREDICTIVE,PO00,M,PASS,Packet grounding_evidence/provenance_evidence supplies qualifying evidence for PO00 on this axis.,,
C03,P_PREDICTIVE,PO01,M,PASS,Packet mapping_evidence supplies qualifying evidence for PO01 on this axis.,,
C03,P_PREDICTIVE,PO02,M,PASS,Packet mapping_evidence supplies qualifying evidence for PO02 on this axis.,,
C03,P_PREDICTIVE,PO03,M,PASS,Packet mapping_evidence/formal_evidence supplies qualifying evidence for PO03 on this axis.,,
C03,P_PREDICTIVE,PO04,M,PASS,Packet formal_evidence supplies qualifying evidence for PO04 on this axis.,,
C03,P_PREDICTIVE,PO05,C,PASS,Packet formal_evidence/parameter_calibration supplies qualifying evidence for PO05 on this axis.,,
C03,P_PREDICTIVE,PO06,M,PASS,Packet assumptions_and_regime supplies qualifying evidence for PO06 on this axis.,,
C03,P_PREDICTIVE,PO07,M,PASS,Packet assumptions_and_regime supplies qualifying evidence for PO07 on this axis.,,
C03,P_PREDICTIVE,PO08,C,PASS,Packet mechanism_evidence supplies qualifying evidence for PO08 on this axis.,,
C03,P_PREDICTIVE,PO09,C,NOT_APPLICABLE,"NOT_APPLICABLE: no material invariant, normalization, or conservation law is used.",,
C03,P_PREDICTIVE,PO10,C,PASS,Packet parameter_calibration supplies qualifying evidence for PO10 on this axis.,,
C03,P_PREDICTIVE,PO11,M,PASS,Packet empirical_bounds supplies qualifying evidence for PO11 on this axis.,,
C03,P_PREDICTIVE,PO12,M,PASS,Packet uncertainty_evidence supplies qualifying evidence for PO12 on this axis.,,
C03,P_PREDICTIVE,PO13,M,PASS,Packet prediction_evidence supplies qualifying evidence for PO13 on this axis.,,
C03,P_PREDICTIVE,PO14,M,PASS,Packet falsification_evidence supplies qualifying evidence for PO14 on this axis.,,
C03,P_PREDICTIVE,PO15,C,NOT_APPLICABLE,NOT_APPLICABLE: no novelty claim is frozen.,,
C03,P_PREDICTIVE,PO16,M,PASS,Packet provenance_evidence supplies qualifying evidence for PO16 on this axis.,,
C03,V_VALIDATED,PO00,M,PASS,Packet grounding_evidence/provenance_evidence supplies qualifying evidence for PO00 on this axis.,,
C03,V_VALIDATED,PO01,M,PASS,Packet mapping_evidence supplies qualifying evidence for PO01 on this axis.,,
C03,V_VALIDATED,PO02,M,PASS,Packet mapping_evidence supplies qualifying evidence for PO02 on this axis.,,
C03,V_VALIDATED,PO03,M,PASS,Packet mapping_evidence/formal_evidence supplies qualifying evidence for PO03 on this axis.,,
C03,V_VALIDATED,PO04,M,PASS,Packet formal_evidence supplies qualifying evidence for PO04 on this axis.,,
C03,V_VALIDATED,PO05,C,PASS,Packet formal_evidence/parameter_calibration supplies qualifying evidence for PO05 on this axis.,,
C03,V_VALIDATED,PO06,M,PASS,Packet assumptions_and_regime supplies qualifying evidence for PO06 on this axis.,,
C03,V_VALIDATED,PO07,M,PASS,Packet assumptions_and_regime supplies qualifying evidence for PO07 on this axis.,,
C03,V_VALIDATED,PO08,C,PASS,Packet mechanism_evidence supplies qualifying evidence for PO08 on this axis.,,
C03,V_VALIDATED,PO09,C,NOT_APPLICABLE,"NOT_APPLICABLE: no material invariant, normalization, or conservation law is used.",,
C03,V_VALIDATED,PO10,C,PASS,Packet parameter_calibration supplies qualifying evidence for PO10 on this axis.,,
C03,V_VALIDATED,PO11,M,PASS,Packet empirical_bounds supplies qualifying evidence for PO11 on this axis.,,
C03,V_VALIDATED,PO12,M,PASS,Packet uncertainty_evidence supplies qualifying evidence for PO12 on this axis.,,
C03,V_VALIDATED,PO13,M,PASS,Packet prediction_evidence supplies qualifying evidence for PO13 on this axis.,,
C03,V_VALIDATED,PO14,M,PASS,Packet falsification_evidence supplies qualifying evidence for PO14 on this axis.,,
C03,V_VALIDATED,PO15,C,NOT_APPLICABLE,NOT_APPLICABLE: no novelty claim is frozen.,,
C03,V_VALIDATED,PO16,M,PASS,Packet provenance_evidence supplies qualifying evidence for PO16 on this axis.,,
C03,V_VALIDATED,PO17,M,PASS,Packet validation_evidence supplies qualifying evidence for PO17 on this axis.,,
C04,S_STRUCTURAL,PO00,M,PASS,Packet grounding_evidence/provenance_evidence supplies qualifying evidence for PO00 on this axis.,,
C04,S_STRUCTURAL,PO01,M,PASS,Packet mapping_evidence supplies qualifying evidence for PO01 on this axis.,,
C04,S_STRUCTURAL,PO02,M,PASS,Packet mapping_evidence supplies qualifying evidence for PO02 on this axis.,,
C04,S_STRUCTURAL,PO03,M,PASS,Packet mapping_evidence/formal_evidence supplies qualifying evidence for PO03 on this axis.,,
C04,S_STRUCTURAL,PO16,M,PASS,Packet provenance_evidence supplies qualifying evidence for PO16 on this axis.,,
C04,F_FORMAL,PO00,M,PASS,Packet grounding_evidence/provenance_evidence supplies qualifying evidence for PO00 on this axis.,,
C04,F_FORMAL,PO01,M,PASS,Packet mapping_evidence supplies qualifying evidence for PO01 on this axis.,,
C04,F_FORMAL,PO02,M,PASS,Packet mapping_evidence supplies qualifying evidence for PO02 on this axis.,,
C04,F_FORMAL,PO03,M,PASS,Packet mapping_evidence/formal_evidence supplies qualifying evidence for PO03 on this axis.,,
C04,F_FORMAL,PO04,M,PASS,Packet formal_evidence supplies qualifying evidence for PO04 on this axis.,,
C04,F_FORMAL,PO05,C,PASS,Packet formal_evidence/parameter_calibration supplies qualifying evidence for PO05 on this axis.,,
C04,F_FORMAL,PO06,M,PASS,Packet assumptions_and_regime supplies qualifying evidence for PO06 on this axis.,,
C04,F_FORMAL,PO07,M,PASS,Packet assumptions_and_regime supplies qualifying evidence for PO07 on this axis.,,
C04,F_FORMAL,PO09,C,PASS,Packet formal_evidence/assumptions_and_regime supplies qualifying evidence for PO09 on this axis.,,
C04,F_FORMAL,PO10,C,PASS,Packet parameter_calibration supplies qualifying evidence for PO10 on this axis.,,
C04,F_FORMAL,PO11,C,PASS,Packet empirical_bounds supplies qualifying evidence for PO11 on this axis.,,
C04,F_FORMAL,PO16,M,PASS,Packet provenance_evidence supplies qualifying evidence for PO16 on this axis.,,
C04,M_MECHANISTIC,PO00,M,PASS,Packet grounding_evidence/provenance_evidence supplies qualifying evidence for PO00 on this axis.,,
C04,M_MECHANISTIC,PO01,M,PASS,Packet mapping_evidence supplies qualifying evidence for PO01 on this axis.,,
C04,M_MECHANISTIC,PO02,M,PASS,Packet mapping_evidence supplies qualifying evidence for PO02 on this axis.,,
C04,M_MECHANISTIC,PO03,M,PASS,Packet mapping_evidence/formal_evidence supplies qualifying evidence for PO03 on this axis.,,
C04,M_MECHANISTIC,PO04,M,PASS,Packet formal_evidence supplies qualifying evidence for PO04 on this axis.,,
C04,M_MECHANISTIC,PO05,C,PASS,Packet formal_evidence/parameter_calibration supplies qualifying evidence for PO05 on this axis.,,
C04,M_MECHANISTIC,PO06,M,PASS,Packet assumptions_and_regime supplies qualifying evidence for PO06 on this axis.,,
C04,M_MECHANISTIC,PO07,M,PASS,Packet assumptions_and_regime supplies qualifying evidence for PO07 on this axis.,,
C04,M_MECHANISTIC,PO08,M,PASS,Packet mechanism_evidence supplies qualifying evidence for PO08 on this axis.,,
C04,M_MECHANISTIC,PO09,M,PASS,Packet formal_evidence/assumptions_and_regime supplies qualifying evidence for PO09 on this axis.,,
C04,M_MECHANISTIC,PO10,M,PASS,Packet parameter_calibration supplies qualifying evidence for PO10 on this axis.,,
C04,M_MECHANISTIC,PO11,M,PASS,Packet empirical_bounds supplies qualifying evidence for PO11 on this axis.,,
C04,M_MECHANISTIC,PO12,C,PASS,Packet uncertainty_evidence supplies qualifying evidence for PO12 on this axis.,,
C04,M_MECHANISTIC,PO16,M,PASS,Packet provenance_evidence supplies qualifying evidence for PO16 on this axis.,,
C04,P_PREDICTIVE,PO00,M,PASS,Packet grounding_evidence/provenance_evidence supplies qualifying evidence for PO00 on this axis.,,
C04,P_PREDICTIVE,PO01,M,PASS,Packet mapping_evidence supplies qualifying evidence for PO01 on this axis.,,
C04,P_PREDICTIVE,PO02,M,PASS,Packet mapping_evidence supplies qualifying evidence for PO02 on this axis.,,
C04,P_PREDICTIVE,PO03,M,PASS,Packet mapping_evidence/formal_evidence supplies qualifying evidence for PO03 on this axis.,,
C04,P_PREDICTIVE,PO04,M,PASS,Packet formal_evidence supplies qualifying evidence for PO04 on this axis.,,
C04,P_PREDICTIVE,PO05,C,PASS,Packet formal_evidence/parameter_calibration supplies qualifying evidence for PO05 on this axis.,,
C04,P_PREDICTIVE,PO06,M,PASS,Packet assumptions_and_regime supplies qualifying evidence for PO06 on this axis.,,
C04,P_PREDICTIVE,PO07,M,PASS,Packet assumptions_and_regime supplies qualifying evidence for PO07 on this axis.,,
C04,P_PREDICTIVE,PO08,C,PASS,Packet mechanism_evidence supplies qualifying evidence for PO08 on this axis.,,
C04,P_PREDICTIVE,PO09,C,PASS,Packet formal_evidence/assumptions_and_regime supplies qualifying evidence for PO09 on this axis.,,
C04,P_PREDICTIVE,PO10,C,PASS,Packet parameter_calibration supplies qualifying evidence for PO10 on this axis.,,
C04,P_PREDICTIVE,PO11,M,PASS,Packet empirical_bounds supplies qualifying evidence for PO11 on this axis.,,
C04,P_PREDICTIVE,PO12,M,PASS,Packet uncertainty_evidence supplies qualifying evidence for PO12 on this axis.,,
C04,P_PREDICTIVE,PO13,M,PASS,Packet prediction_evidence supplies qualifying evidence for PO13 on this axis.,,
C04,P_PREDICTIVE,PO14,M,PASS,Packet falsification_evidence supplies qualifying evidence for PO14 on this axis.,,
C04,P_PREDICTIVE,PO15,C,NOT_APPLICABLE,NOT_APPLICABLE: no novelty claim is frozen.,,
C04,P_PREDICTIVE,PO16,M,PASS,Packet provenance_evidence supplies qualifying evidence for PO16 on this axis.,,
C04,V_VALIDATED,PO00,M,PASS,Packet grounding_evidence/provenance_evidence supplies qualifying evidence for PO00 on this axis.,,
C04,V_VALIDATED,PO01,M,PASS,Packet mapping_evidence supplies qualifying evidence for PO01 on this axis.,,
C04,V_VALIDATED,PO02,M,PASS,Packet mapping_evidence supplies qualifying evidence for PO02 on this axis.,,
C04,V_VALIDATED,PO03,M,PASS,Packet mapping_evidence/formal_evidence supplies qualifying evidence for PO03 on this axis.,,
C04,V_VALIDATED,PO04,M,PASS,Packet formal_evidence supplies qualifying evidence for PO04 on this axis.,,
C04,V_VALIDATED,PO05,C,PASS,Packet formal_evidence/parameter_calibration supplies qualifying evidence for PO05 on this axis.,,
C04,V_VALIDATED,PO06,M,PASS,Packet assumptions_and_regime supplies qualifying evidence for PO06 on this axis.,,
C04,V_VALIDATED,PO07,M,PASS,Packet assumptions_and_regime supplies qualifying evidence for PO07 on this axis.,,
C04,V_VALIDATED,PO08,C,PASS,Packet mechanism_evidence supplies qualifying evidence for PO08 on this axis.,,
C04,V_VALIDATED,PO09,C,PASS,Packet formal_evidence/assumptions_and_regime supplies qualifying evidence for PO09 on this axis.,,
C04,V_VALIDATED,PO10,C,PASS,Packet parameter_calibration supplies qualifying evidence for PO10 on this axis.,,
C04,V_VALIDATED,PO11,M,PASS,Packet empirical_bounds supplies qualifying evidence for PO11 on this axis.,,
C04,V_VALIDATED,PO12,M,PASS,Packet uncertainty_evidence supplies qualifying evidence for PO12 on this axis.,,
C04,V_VALIDATED,PO13,M,PASS,Packet prediction_evidence supplies qualifying evidence for PO13 on this axis.,,
C04,V_VALIDATED,PO14,M,PASS,Packet falsification_evidence supplies qualifying evidence for PO14 on this axis.,,
C04,V_VALIDATED,PO15,C,NOT_APPLICABLE,NOT_APPLICABLE: no novelty claim is frozen.,,
C04,V_VALIDATED,PO16,M,PASS,Packet provenance_evidence supplies qualifying evidence for PO16 on this axis.,,
C04,V_VALIDATED,PO17,M,UNKNOWN,Packet validation_evidence does not supply qualifying evidence for PO17; closed-book rules require UNKNOWN.,EMPIRICAL,
C05,S_STRUCTURAL,PO00,M,PASS,Packet grounding_evidence/provenance_evidence supplies qualifying evidence for PO00 on this axis.,,
C05,S_STRUCTURAL,PO01,M,PASS,Packet mapping_evidence supplies qualifying evidence for PO01 on this axis.,,
C05,S_STRUCTURAL,PO02,M,PASS,Packet mapping_evidence supplies qualifying evidence for PO02 on this axis.,,
C05,S_STRUCTURAL,PO03,M,PASS,Packet mapping_evidence/formal_evidence supplies qualifying evidence for PO03 on this axis.,,
C05,S_STRUCTURAL,PO16,M,PASS,Packet provenance_evidence supplies qualifying evidence for PO16 on this axis.,,
C05,F_FORMAL,PO00,M,PASS,Packet grounding_evidence/provenance_evidence supplies qualifying evidence for PO00 on this axis.,,
C05,F_FORMAL,PO01,M,PASS,Packet mapping_evidence supplies qualifying evidence for PO01 on this axis.,,
C05,F_FORMAL,PO02,M,PASS,Packet mapping_evidence supplies qualifying evidence for PO02 on this axis.,,
C05,F_FORMAL,PO03,M,PASS,Packet mapping_evidence/formal_evidence supplies qualifying evidence for PO03 on this axis.,,
C05,F_FORMAL,PO04,M,PASS,Packet formal_evidence supplies qualifying evidence for PO04 on this axis.,,
C05,F_FORMAL,PO05,C,PASS,Packet formal_evidence/parameter_calibration supplies qualifying evidence for PO05 on this axis.,,
C05,F_FORMAL,PO06,M,PASS,Packet assumptions_and_regime supplies qualifying evidence for PO06 on this axis.,,
C05,F_FORMAL,PO07,M,PASS,Packet assumptions_and_regime supplies qualifying evidence for PO07 on this axis.,,
C05,F_FORMAL,PO09,C,NOT_APPLICABLE,"NOT_APPLICABLE: no material invariant, normalization, or conservation law is used.",,
C05,F_FORMAL,PO10,C,PASS,Packet parameter_calibration supplies qualifying evidence for PO10 on this axis.,,
C05,F_FORMAL,PO11,C,PASS,Packet empirical_bounds supplies qualifying evidence for PO11 on this axis.,,
C05,F_FORMAL,PO16,M,PASS,Packet provenance_evidence supplies qualifying evidence for PO16 on this axis.,,
C05,M_MECHANISTIC,PO00,M,PASS,Packet grounding_evidence/provenance_evidence supplies qualifying evidence for PO00 on this axis.,,
C05,M_MECHANISTIC,PO01,M,PASS,Packet mapping_evidence supplies qualifying evidence for PO01 on this axis.,,
C05,M_MECHANISTIC,PO02,M,PASS,Packet mapping_evidence supplies qualifying evidence for PO02 on this axis.,,
C05,M_MECHANISTIC,PO03,M,PASS,Packet mapping_evidence/formal_evidence supplies qualifying evidence for PO03 on this axis.,,
C05,M_MECHANISTIC,PO04,M,PASS,Packet formal_evidence supplies qualifying evidence for PO04 on this axis.,,
C05,M_MECHANISTIC,PO05,C,PASS,Packet formal_evidence/parameter_calibration supplies qualifying evidence for PO05 on this axis.,,
C05,M_MECHANISTIC,PO06,M,FAIL,Packet assumptions_and_regime directly contradicts or fails the asserted transfer for PO06; this is a local failure.,,IA06_ASSUMPTION_LAUNDERING
C05,M_MECHANISTIC,PO07,M,PASS,Packet assumptions_and_regime supplies qualifying evidence for PO07 on this axis.,,
C05,M_MECHANISTIC,PO08,M,FAIL,Packet mechanism_evidence directly contradicts or fails the asserted transfer for PO08; this is a local failure.,,IA08_MECHANISM_SMUGGLING;IA13_ONTOLOGICAL_IDENTITY_ERROR
C05,M_MECHANISTIC,PO09,M,PASS,Packet formal_evidence/assumptions_and_regime supplies qualifying evidence for PO09 on this axis.,,
C05,M_MECHANISTIC,PO10,M,FAIL,Packet parameter_calibration directly contradicts or fails the asserted transfer for PO10; this is a local failure.,,IA11_PARAMETER_SMUGGLING
C05,M_MECHANISTIC,PO11,M,FAIL,Packet empirical_bounds directly contradicts or fails the asserted transfer for PO11; this is a local failure.,,IA12_EMPIRICAL_COLLISION
C05,M_MECHANISTIC,PO12,C,NOT_APPLICABLE,NOT_APPLICABLE: no quantitative mechanistic uncertainty claim is made.,,
C05,M_MECHANISTIC,PO16,M,PASS,Packet provenance_evidence supplies qualifying evidence for PO16 on this axis.,,
C06,S_STRUCTURAL,PO00,M,PASS,Packet grounding_evidence/provenance_evidence supplies qualifying evidence for PO00 on this axis.,,
C06,S_STRUCTURAL,PO01,M,PASS,Packet mapping_evidence supplies qualifying evidence for PO01 on this axis.,,
C06,S_STRUCTURAL,PO02,M,PASS,Packet mapping_evidence supplies qualifying evidence for PO02 on this axis.,,
C06,S_STRUCTURAL,PO03,M,PASS,Packet mapping_evidence/formal_evidence supplies qualifying evidence for PO03 on this axis.,,
C06,S_STRUCTURAL,PO16,M,PASS,Packet provenance_evidence supplies qualifying evidence for PO16 on this axis.,,
C06,F_FORMAL,PO00,M,PASS,Packet grounding_evidence/provenance_evidence supplies qualifying evidence for PO00 on this axis.,,
C06,F_FORMAL,PO01,M,PASS,Packet mapping_evidence supplies qualifying evidence for PO01 on this axis.,,
C06,F_FORMAL,PO02,M,PASS,Packet mapping_evidence supplies qualifying evidence for PO02 on this axis.,,
C06,F_FORMAL,PO03,M,PASS,Packet mapping_evidence/formal_evidence supplies qualifying evidence for PO03 on this axis.,,
C06,F_FORMAL,PO04,M,PASS,Packet formal_evidence supplies qualifying evidence for PO04 on this axis.,,
C06,F_FORMAL,PO05,C,PASS,Packet formal_evidence/parameter_calibration supplies qualifying evidence for PO05 on this axis.,,
C06,F_FORMAL,PO06,M,PASS,Packet assumptions_and_regime supplies qualifying evidence for PO06 on this axis.,,
C06,F_FORMAL,PO07,M,PASS,Packet assumptions_and_regime supplies qualifying evidence for PO07 on this axis.,,
C06,F_FORMAL,PO09,C,NOT_APPLICABLE,"NOT_APPLICABLE: no material invariant, normalization, or conservation law is used.",,
C06,F_FORMAL,PO10,C,PASS,Packet parameter_calibration supplies qualifying evidence for PO10 on this axis.,,
C06,F_FORMAL,PO11,C,PASS,Packet empirical_bounds supplies qualifying evidence for PO11 on this axis.,,
C06,F_FORMAL,PO16,M,PASS,Packet provenance_evidence supplies qualifying evidence for PO16 on this axis.,,
C06,M_MECHANISTIC,PO00,M,PASS,Packet grounding_evidence/provenance_evidence supplies qualifying evidence for PO00 on this axis.,,
C06,M_MECHANISTIC,PO01,M,PASS,Packet mapping_evidence supplies qualifying evidence for PO01 on this axis.,,
C06,M_MECHANISTIC,PO02,M,PASS,Packet mapping_evidence supplies qualifying evidence for PO02 on this axis.,,
C06,M_MECHANISTIC,PO03,M,PASS,Packet mapping_evidence/formal_evidence supplies qualifying evidence for PO03 on this axis.,,
C06,M_MECHANISTIC,PO04,M,PASS,Packet formal_evidence supplies qualifying evidence for PO04 on this axis.,,
C06,M_MECHANISTIC,PO05,C,PASS,Packet formal_evidence/parameter_calibration supplies qualifying evidence for PO05 on this axis.,,
C06,M_MECHANISTIC,PO06,M,PASS,Packet assumptions_and_regime supplies qualifying evidence for PO06 on this axis.,,
C06,M_MECHANISTIC,PO07,M,PASS,Packet assumptions_and_regime supplies qualifying evidence for PO07 on this axis.,,
C06,M_MECHANISTIC,PO08,M,PASS,Packet mechanism_evidence supplies qualifying evidence for PO08 on this axis.,,
C06,M_MECHANISTIC,PO09,M,PASS,Packet formal_evidence/assumptions_and_regime supplies qualifying evidence for PO09 on this axis.,,
C06,M_MECHANISTIC,PO10,M,PASS,Packet parameter_calibration supplies qualifying evidence for PO10 on this axis.,,
C06,M_MECHANISTIC,PO11,M,PASS,Packet empirical_bounds supplies qualifying evidence for PO11 on this axis.,,
C06,M_MECHANISTIC,PO12,C,PASS,Packet uncertainty_evidence supplies qualifying evidence for PO12 on this axis.,,
C06,M_MECHANISTIC,PO16,M,PASS,Packet provenance_evidence supplies qualifying evidence for PO16 on this axis.,,
C06,P_PREDICTIVE,PO00,M,PASS,Packet grounding_evidence/provenance_evidence supplies qualifying evidence for PO00 on this axis.,,
C06,P_PREDICTIVE,PO01,M,PASS,Packet mapping_evidence supplies qualifying evidence for PO01 on this axis.,,
C06,P_PREDICTIVE,PO02,M,PASS,Packet mapping_evidence supplies qualifying evidence for PO02 on this axis.,,
C06,P_PREDICTIVE,PO03,M,PASS,Packet mapping_evidence/formal_evidence supplies qualifying evidence for PO03 on this axis.,,
C06,P_PREDICTIVE,PO04,M,PASS,Packet formal_evidence supplies qualifying evidence for PO04 on this axis.,,
C06,P_PREDICTIVE,PO05,C,PASS,Packet formal_evidence/parameter_calibration supplies qualifying evidence for PO05 on this axis.,,
C06,P_PREDICTIVE,PO06,M,PASS,Packet assumptions_and_regime supplies qualifying evidence for PO06 on this axis.,,
C06,P_PREDICTIVE,PO07,M,PASS,Packet assumptions_and_regime supplies qualifying evidence for PO07 on this axis.,,
C06,P_PREDICTIVE,PO08,C,PASS,Packet mechanism_evidence supplies qualifying evidence for PO08 on this axis.,,
C06,P_PREDICTIVE,PO09,C,NOT_APPLICABLE,"NOT_APPLICABLE: no material invariant, normalization, or conservation law is used.",,
C06,P_PREDICTIVE,PO10,C,PASS,Packet parameter_calibration supplies qualifying evidence for PO10 on this axis.,,
C06,P_PREDICTIVE,PO11,M,PASS,Packet empirical_bounds supplies qualifying evidence for PO11 on this axis.,,
C06,P_PREDICTIVE,PO12,M,PASS,Packet uncertainty_evidence supplies qualifying evidence for PO12 on this axis.,,
C06,P_PREDICTIVE,PO13,M,PASS,Packet prediction_evidence supplies qualifying evidence for PO13 on this axis.,,
C06,P_PREDICTIVE,PO14,M,PASS,Packet falsification_evidence supplies qualifying evidence for PO14 on this axis.,,
C06,P_PREDICTIVE,PO15,C,NOT_APPLICABLE,NOT_APPLICABLE: no novelty claim is frozen.,,
C06,P_PREDICTIVE,PO16,M,PASS,Packet provenance_evidence supplies qualifying evidence for PO16 on this axis.,,
C06,V_VALIDATED,PO00,M,PASS,Packet grounding_evidence/provenance_evidence supplies qualifying evidence for PO00 on this axis.,,
C06,V_VALIDATED,PO01,M,PASS,Packet mapping_evidence supplies qualifying evidence for PO01 on this axis.,,
C06,V_VALIDATED,PO02,M,PASS,Packet mapping_evidence supplies qualifying evidence for PO02 on this axis.,,
C06,V_VALIDATED,PO03,M,PASS,Packet mapping_evidence/formal_evidence supplies qualifying evidence for PO03 on this axis.,,
C06,V_VALIDATED,PO04,M,PASS,Packet formal_evidence supplies qualifying evidence for PO04 on this axis.,,
C06,V_VALIDATED,PO05,C,PASS,Packet formal_evidence/parameter_calibration supplies qualifying evidence for PO05 on this axis.,,
C06,V_VALIDATED,PO06,M,PASS,Packet assumptions_and_regime supplies qualifying evidence for PO06 on this axis.,,
C06,V_VALIDATED,PO07,M,PASS,Packet assumptions_and_regime supplies qualifying evidence for PO07 on this axis.,,
C06,V_VALIDATED,PO08,C,PASS,Packet mechanism_evidence supplies qualifying evidence for PO08 on this axis.,,
C06,V_VALIDATED,PO09,C,NOT_APPLICABLE,"NOT_APPLICABLE: no material invariant, normalization, or conservation law is used.",,
C06,V_VALIDATED,PO10,C,PASS,Packet parameter_calibration supplies qualifying evidence for PO10 on this axis.,,
C06,V_VALIDATED,PO11,M,PASS,Packet empirical_bounds supplies qualifying evidence for PO11 on this axis.,,
C06,V_VALIDATED,PO12,M,PASS,Packet uncertainty_evidence supplies qualifying evidence for PO12 on this axis.,,
C06,V_VALIDATED,PO13,M,PASS,Packet prediction_evidence supplies qualifying evidence for PO13 on this axis.,,
C06,V_VALIDATED,PO14,M,PASS,Packet falsification_evidence supplies qualifying evidence for PO14 on this axis.,,
C06,V_VALIDATED,PO15,C,NOT_APPLICABLE,NOT_APPLICABLE: no novelty claim is frozen.,,
C06,V_VALIDATED,PO16,M,PASS,Packet provenance_evidence supplies qualifying evidence for PO16 on this axis.,,
C06,V_VALIDATED,PO17,M,UNKNOWN,Packet validation_evidence does not supply qualifying evidence for PO17; closed-book rules require UNKNOWN.,EMPIRICAL,
C07,S_STRUCTURAL,PO00,M,PASS,Packet grounding_evidence/provenance_evidence supplies qualifying evidence for PO00 on this axis.,,
C07,S_STRUCTURAL,PO01,M,PASS,Packet mapping_evidence supplies qualifying evidence for PO01 on this axis.,,
C07,S_STRUCTURAL,PO02,M,PASS,Packet mapping_evidence supplies qualifying evidence for PO02 on this axis.,,
C07,S_STRUCTURAL,PO03,M,PASS,Packet mapping_evidence/formal_evidence supplies qualifying evidence for PO03 on this axis.,,
C07,S_STRUCTURAL,PO16,M,PASS,Packet provenance_evidence supplies qualifying evidence for PO16 on this axis.,,
C07,F_FORMAL,PO00,M,PASS,Packet grounding_evidence/provenance_evidence supplies qualifying evidence for PO00 on this axis.,,
C07,F_FORMAL,PO01,M,PASS,Packet mapping_evidence supplies qualifying evidence for PO01 on this axis.,,
C07,F_FORMAL,PO02,M,PASS,Packet mapping_evidence supplies qualifying evidence for PO02 on this axis.,,
C07,F_FORMAL,PO03,M,PASS,Packet mapping_evidence/formal_evidence supplies qualifying evidence for PO03 on this axis.,,
C07,F_FORMAL,PO04,M,PASS,Packet formal_evidence supplies qualifying evidence for PO04 on this axis.,,
C07,F_FORMAL,PO05,C,NOT_APPLICABLE,NOT_APPLICABLE: no unit-bearing or measured physical target relation is used.,,
C07,F_FORMAL,PO06,M,PASS,Packet assumptions_and_regime supplies qualifying evidence for PO06 on this axis.,,
C07,F_FORMAL,PO07,M,PASS,Packet assumptions_and_regime supplies qualifying evidence for PO07 on this axis.,,
C07,F_FORMAL,PO09,C,PASS,Packet formal_evidence/assumptions_and_regime supplies qualifying evidence for PO09 on this axis.,,
C07,F_FORMAL,PO10,C,PASS,Packet parameter_calibration supplies qualifying evidence for PO10 on this axis.,,
C07,F_FORMAL,PO11,C,PASS,Packet empirical_bounds supplies qualifying evidence for PO11 on this axis.,,
C07,F_FORMAL,PO16,M,PASS,Packet provenance_evidence supplies qualifying evidence for PO16 on this axis.,,
C07,P_PREDICTIVE,PO00,M,PASS,Packet grounding_evidence/provenance_evidence supplies qualifying evidence for PO00 on this axis.,,
C07,P_PREDICTIVE,PO01,M,PASS,Packet mapping_evidence supplies qualifying evidence for PO01 on this axis.,,
C07,P_PREDICTIVE,PO02,M,PASS,Packet mapping_evidence supplies qualifying evidence for PO02 on this axis.,,
C07,P_PREDICTIVE,PO03,M,PASS,Packet mapping_evidence/formal_evidence supplies qualifying evidence for PO03 on this axis.,,
C07,P_PREDICTIVE,PO04,M,PASS,Packet formal_evidence supplies qualifying evidence for PO04 on this axis.,,
C07,P_PREDICTIVE,PO05,C,NOT_APPLICABLE,NOT_APPLICABLE: no unit-bearing or measured physical target relation is used.,,
C07,P_PREDICTIVE,PO06,M,PASS,Packet assumptions_and_regime supplies qualifying evidence for PO06 on this axis.,,
C07,P_PREDICTIVE,PO07,M,PASS,Packet assumptions_and_regime supplies qualifying evidence for PO07 on this axis.,,
C07,P_PREDICTIVE,PO08,C,NOT_APPLICABLE,"NOT_APPLICABLE: the P/V derivation basis is FORMAL, so M is not a dependency.",,
C07,P_PREDICTIVE,PO09,C,PASS,Packet formal_evidence/assumptions_and_regime supplies qualifying evidence for PO09 on this axis.,,
C07,P_PREDICTIVE,PO10,C,PASS,Packet parameter_calibration supplies qualifying evidence for PO10 on this axis.,,
C07,P_PREDICTIVE,PO11,M,PASS,Packet empirical_bounds supplies qualifying evidence for PO11 on this axis.,,
C07,P_PREDICTIVE,PO12,M,PASS,Packet uncertainty_evidence supplies qualifying evidence for PO12 on this axis.,,
C07,P_PREDICTIVE,PO13,M,PASS,Packet prediction_evidence supplies qualifying evidence for PO13 on this axis.,,
C07,P_PREDICTIVE,PO14,M,PASS,Packet falsification_evidence supplies qualifying evidence for PO14 on this axis.,,
C07,P_PREDICTIVE,PO15,C,NOT_APPLICABLE,NOT_APPLICABLE: no novelty claim is frozen.,,
C07,P_PREDICTIVE,PO16,M,PASS,Packet provenance_evidence supplies qualifying evidence for PO16 on this axis.,,
C07,V_VALIDATED,PO00,M,PASS,Packet grounding_evidence/provenance_evidence supplies qualifying evidence for PO00 on this axis.,,
C07,V_VALIDATED,PO01,M,PASS,Packet mapping_evidence supplies qualifying evidence for PO01 on this axis.,,
C07,V_VALIDATED,PO02,M,PASS,Packet mapping_evidence supplies qualifying evidence for PO02 on this axis.,,
C07,V_VALIDATED,PO03,M,PASS,Packet mapping_evidence/formal_evidence supplies qualifying evidence for PO03 on this axis.,,
C07,V_VALIDATED,PO04,M,PASS,Packet formal_evidence supplies qualifying evidence for PO04 on this axis.,,
C07,V_VALIDATED,PO05,C,NOT_APPLICABLE,NOT_APPLICABLE: no unit-bearing or measured physical target relation is used.,,
C07,V_VALIDATED,PO06,M,PASS,Packet assumptions_and_regime supplies qualifying evidence for PO06 on this axis.,,
C07,V_VALIDATED,PO07,M,PASS,Packet assumptions_and_regime supplies qualifying evidence for PO07 on this axis.,,
C07,V_VALIDATED,PO08,C,NOT_APPLICABLE,"NOT_APPLICABLE: the P/V derivation basis is FORMAL, so M is not a dependency.",,
C07,V_VALIDATED,PO09,C,PASS,Packet formal_evidence/assumptions_and_regime supplies qualifying evidence for PO09 on this axis.,,
C07,V_VALIDATED,PO10,C,PASS,Packet parameter_calibration supplies qualifying evidence for PO10 on this axis.,,
C07,V_VALIDATED,PO11,M,PASS,Packet empirical_bounds supplies qualifying evidence for PO11 on this axis.,,
C07,V_VALIDATED,PO12,M,PASS,Packet uncertainty_evidence supplies qualifying evidence for PO12 on this axis.,,
C07,V_VALIDATED,PO13,M,PASS,Packet prediction_evidence supplies qualifying evidence for PO13 on this axis.,,
C07,V_VALIDATED,PO14,M,PASS,Packet falsification_evidence supplies qualifying evidence for PO14 on this axis.,,
C07,V_VALIDATED,PO15,C,NOT_APPLICABLE,NOT_APPLICABLE: no novelty claim is frozen.,,
C07,V_VALIDATED,PO16,M,PASS,Packet provenance_evidence supplies qualifying evidence for PO16 on this axis.,,
C07,V_VALIDATED,PO17,M,UNKNOWN,Packet validation_evidence does not supply qualifying evidence for PO17; closed-book rules require UNKNOWN.,EMPIRICAL,
C08,S_STRUCTURAL,PO00,M,PASS,Packet grounding_evidence/provenance_evidence supplies qualifying evidence for PO00 on this axis.,,
C08,S_STRUCTURAL,PO01,M,PASS,Packet mapping_evidence supplies qualifying evidence for PO01 on this axis.,,
C08,S_STRUCTURAL,PO02,M,PASS,Packet mapping_evidence supplies qualifying evidence for PO02 on this axis.,,
C08,S_STRUCTURAL,PO03,M,PASS,Packet mapping_evidence/formal_evidence supplies qualifying evidence for PO03 on this axis.,,
C08,S_STRUCTURAL,PO16,M,PASS,Packet provenance_evidence supplies qualifying evidence for PO16 on this axis.,,
C08,F_FORMAL,PO00,M,PASS,Packet grounding_evidence/provenance_evidence supplies qualifying evidence for PO00 on this axis.,,
C08,F_FORMAL,PO01,M,PASS,Packet mapping_evidence supplies qualifying evidence for PO01 on this axis.,,
C08,F_FORMAL,PO02,M,FAIL,Packet mapping_evidence directly contradicts or fails the asserted transfer for PO02; this is a local failure.,,IA02_TYPE_ROLE_MISMATCH;IA13_ONTOLOGICAL_IDENTITY_ERROR
C08,F_FORMAL,PO03,M,FAIL,Packet mapping_evidence/formal_evidence directly contradicts or fails the asserted transfer for PO03; this is a local failure.,,IA03_RELATION_BREAK
C08,F_FORMAL,PO04,M,FAIL,Packet formal_evidence directly contradicts or fails the asserted transfer for PO04; this is a local failure.,,IA04_FORMAL_DOMAIN_ERROR
C08,F_FORMAL,PO05,C,FAIL,Packet formal_evidence/parameter_calibration directly contradicts or fails the asserted transfer for PO05; this is a local failure.,,IA05_DIMENSIONAL_ERROR
C08,F_FORMAL,PO06,M,FAIL,Packet assumptions_and_regime directly contradicts or fails the asserted transfer for PO06; this is a local failure.,,IA06_ASSUMPTION_LAUNDERING
C08,F_FORMAL,PO07,M,PASS,Packet assumptions_and_regime supplies qualifying evidence for PO07 on this axis.,,
C08,F_FORMAL,PO09,C,FAIL,Packet formal_evidence/assumptions_and_regime directly contradicts or fails the asserted transfer for PO09; this is a local failure.,,IA10_INVARIANT_CONSERVATION_VIOLATION
C08,F_FORMAL,PO10,C,FAIL,Packet parameter_calibration directly contradicts or fails the asserted transfer for PO10; this is a local failure.,,IA11_PARAMETER_SMUGGLING
C08,F_FORMAL,PO11,C,FAIL,Packet empirical_bounds directly contradicts or fails the asserted transfer for PO11; this is a local failure.,,IA12_EMPIRICAL_COLLISION
C08,F_FORMAL,PO16,M,PASS,Packet provenance_evidence supplies qualifying evidence for PO16 on this axis.,,
C08,M_MECHANISTIC,PO00,M,PASS,Packet grounding_evidence/provenance_evidence supplies qualifying evidence for PO00 on this axis.,,
C08,M_MECHANISTIC,PO01,M,PASS,Packet mapping_evidence supplies qualifying evidence for PO01 on this axis.,,
C08,M_MECHANISTIC,PO02,M,FAIL,Packet mapping_evidence directly contradicts or fails the asserted transfer for PO02; this is a local failure.,,IA02_TYPE_ROLE_MISMATCH;IA13_ONTOLOGICAL_IDENTITY_ERROR
C08,M_MECHANISTIC,PO03,M,FAIL,Packet mapping_evidence/formal_evidence directly contradicts or fails the asserted transfer for PO03; this is a local failure.,,IA03_RELATION_BREAK
C08,M_MECHANISTIC,PO04,M,FAIL,Packet formal_evidence directly contradicts or fails the asserted transfer for PO04; this is a local failure.,,IA04_FORMAL_DOMAIN_ERROR
C08,M_MECHANISTIC,PO05,C,FAIL,Packet formal_evidence/parameter_calibration directly contradicts or fails the asserted transfer for PO05; this is a local failure.,,IA05_DIMENSIONAL_ERROR
C08,M_MECHANISTIC,PO06,M,FAIL,Packet assumptions_and_regime directly contradicts or fails the asserted transfer for PO06; this is a local failure.,,IA06_ASSUMPTION_LAUNDERING
C08,M_MECHANISTIC,PO07,M,PASS,Packet assumptions_and_regime supplies qualifying evidence for PO07 on this axis.,,
C08,M_MECHANISTIC,PO08,M,FAIL,Packet mechanism_evidence directly contradicts or fails the asserted transfer for PO08; this is a local failure.,,IA08_MECHANISM_SMUGGLING;IA13_ONTOLOGICAL_IDENTITY_ERROR
C08,M_MECHANISTIC,PO09,M,FAIL,Packet formal_evidence/assumptions_and_regime directly contradicts or fails the asserted transfer for PO09; this is a local failure.,,IA10_INVARIANT_CONSERVATION_VIOLATION
C08,M_MECHANISTIC,PO10,M,FAIL,Packet parameter_calibration directly contradicts or fails the asserted transfer for PO10; this is a local failure.,,IA11_PARAMETER_SMUGGLING
C08,M_MECHANISTIC,PO11,M,FAIL,Packet empirical_bounds directly contradicts or fails the asserted transfer for PO11; this is a local failure.,,IA12_EMPIRICAL_COLLISION
C08,M_MECHANISTIC,PO12,C,NOT_APPLICABLE,NOT_APPLICABLE: no quantitative mechanistic uncertainty claim is made.,,
C08,M_MECHANISTIC,PO16,M,PASS,Packet provenance_evidence supplies qualifying evidence for PO16 on this axis.,,
C09,S_STRUCTURAL,PO00,M,PASS,Packet grounding_evidence/provenance_evidence supplies qualifying evidence for PO00 on this axis.,,
C09,S_STRUCTURAL,PO01,M,PASS,Packet mapping_evidence supplies qualifying evidence for PO01 on this axis.,,
C09,S_STRUCTURAL,PO02,M,PASS,Packet mapping_evidence supplies qualifying evidence for PO02 on this axis.,,
C09,S_STRUCTURAL,PO03,M,PASS,Packet mapping_evidence/formal_evidence supplies qualifying evidence for PO03 on this axis.,,
C09,S_STRUCTURAL,PO16,M,PASS,Packet provenance_evidence supplies qualifying evidence for PO16 on this axis.,,
C09,F_FORMAL,PO00,M,PASS,Packet grounding_evidence/provenance_evidence supplies qualifying evidence for PO00 on this axis.,,
C09,F_FORMAL,PO01,M,PASS,Packet mapping_evidence supplies qualifying evidence for PO01 on this axis.,,
C09,F_FORMAL,PO02,M,PASS,Packet mapping_evidence supplies qualifying evidence for PO02 on this axis.,,
C09,F_FORMAL,PO03,M,PASS,Packet mapping_evidence/formal_evidence supplies qualifying evidence for PO03 on this axis.,,
C09,F_FORMAL,PO04,M,PASS,Packet formal_evidence supplies qualifying evidence for PO04 on this axis.,,
C09,F_FORMAL,PO05,C,NOT_APPLICABLE,NOT_APPLICABLE: no unit-bearing or measured physical target relation is used.,,
C09,F_FORMAL,PO06,M,PASS,Packet assumptions_and_regime supplies qualifying evidence for PO06 on this axis.,,
C09,F_FORMAL,PO07,M,PASS,Packet assumptions_and_regime supplies qualifying evidence for PO07 on this axis.,,
C09,F_FORMAL,PO09,C,NOT_APPLICABLE,"NOT_APPLICABLE: no material invariant, normalization, or conservation law is used.",,
C09,F_FORMAL,PO10,C,PASS,Packet parameter_calibration supplies qualifying evidence for PO10 on this axis.,,
C09,F_FORMAL,PO11,C,PASS,Packet empirical_bounds supplies qualifying evidence for PO11 on this axis.,,
C09,F_FORMAL,PO16,M,PASS,Packet provenance_evidence supplies qualifying evidence for PO16 on this axis.,,
C09,M_MECHANISTIC,PO00,M,PASS,Packet grounding_evidence/provenance_evidence supplies qualifying evidence for PO00 on this axis.,,
C09,M_MECHANISTIC,PO01,M,PASS,Packet mapping_evidence supplies qualifying evidence for PO01 on this axis.,,
C09,M_MECHANISTIC,PO02,M,FAIL,Packet mapping_evidence directly contradicts or fails the asserted transfer for PO02; this is a local failure.,,IA02_TYPE_ROLE_MISMATCH;IA13_ONTOLOGICAL_IDENTITY_ERROR
C09,M_MECHANISTIC,PO03,M,FAIL,Packet mapping_evidence/formal_evidence directly contradicts or fails the asserted transfer for PO03; this is a local failure.,,IA03_RELATION_BREAK
C09,M_MECHANISTIC,PO04,M,PASS,Packet formal_evidence supplies qualifying evidence for PO04 on this axis.,,
C09,M_MECHANISTIC,PO05,C,NOT_APPLICABLE,NOT_APPLICABLE: no unit-bearing or measured physical target relation is used.,,
C09,M_MECHANISTIC,PO06,M,FAIL,Packet assumptions_and_regime directly contradicts or fails the asserted transfer for PO06; this is a local failure.,,IA06_ASSUMPTION_LAUNDERING
C09,M_MECHANISTIC,PO07,M,PASS,Packet assumptions_and_regime supplies qualifying evidence for PO07 on this axis.,,
C09,M_MECHANISTIC,PO08,M,FAIL,Packet mechanism_evidence directly contradicts or fails the asserted transfer for PO08; this is a local failure.,,IA08_MECHANISM_SMUGGLING;IA13_ONTOLOGICAL_IDENTITY_ERROR
C09,M_MECHANISTIC,PO09,M,PASS,Packet formal_evidence/assumptions_and_regime supplies qualifying evidence for PO09 on this axis.,,
C09,M_MECHANISTIC,PO10,M,FAIL,Packet parameter_calibration directly contradicts or fails the asserted transfer for PO10; this is a local failure.,,IA11_PARAMETER_SMUGGLING
C09,M_MECHANISTIC,PO11,M,FAIL,Packet empirical_bounds directly contradicts or fails the asserted transfer for PO11; this is a local failure.,,IA12_EMPIRICAL_COLLISION
C09,M_MECHANISTIC,PO12,C,NOT_APPLICABLE,NOT_APPLICABLE: no quantitative mechanistic uncertainty claim is made.,,
C09,M_MECHANISTIC,PO16,M,PASS,Packet provenance_evidence supplies qualifying evidence for PO16 on this axis.,,
C10,S_STRUCTURAL,PO00,M,PASS,Packet grounding_evidence/provenance_evidence supplies qualifying evidence for PO00 on this axis.,,
C10,S_STRUCTURAL,PO01,M,PASS,Packet mapping_evidence supplies qualifying evidence for PO01 on this axis.,,
C10,S_STRUCTURAL,PO02,M,PASS,Packet mapping_evidence supplies qualifying evidence for PO02 on this axis.,,
C10,S_STRUCTURAL,PO03,M,PASS,Packet mapping_evidence/formal_evidence supplies qualifying evidence for PO03 on this axis.,,
C10,S_STRUCTURAL,PO16,M,PASS,Packet provenance_evidence supplies qualifying evidence for PO16 on this axis.,,
C10,F_FORMAL,PO00,M,PASS,Packet grounding_evidence/provenance_evidence supplies qualifying evidence for PO00 on this axis.,,
C10,F_FORMAL,PO01,M,PASS,Packet mapping_evidence supplies qualifying evidence for PO01 on this axis.,,
C10,F_FORMAL,PO02,M,FAIL,Packet mapping_evidence directly contradicts or fails the asserted transfer for PO02; this is a local failure.,,IA02_TYPE_ROLE_MISMATCH;IA13_ONTOLOGICAL_IDENTITY_ERROR
C10,F_FORMAL,PO03,M,FAIL,Packet mapping_evidence/formal_evidence directly contradicts or fails the asserted transfer for PO03; this is a local failure.,,IA03_RELATION_BREAK
C10,F_FORMAL,PO04,M,FAIL,Packet formal_evidence directly contradicts or fails the asserted transfer for PO04; this is a local failure.,,IA04_FORMAL_DOMAIN_ERROR
C10,F_FORMAL,PO05,C,NOT_APPLICABLE,NOT_APPLICABLE: no unit-bearing or measured physical target relation is used.,,
C10,F_FORMAL,PO06,M,FAIL,Packet assumptions_and_regime directly contradicts or fails the asserted transfer for PO06; this is a local failure.,,IA06_ASSUMPTION_LAUNDERING
C10,F_FORMAL,PO07,M,PASS,Packet assumptions_and_regime supplies qualifying evidence for PO07 on this axis.,,
C10,F_FORMAL,PO09,C,NOT_APPLICABLE,"NOT_APPLICABLE: no material invariant, normalization, or conservation law is used.",,
C10,F_FORMAL,PO10,C,NOT_APPLICABLE,"NOT_APPLICABLE: no parameter is transported, fitted, derived, or instantiated on this conditional row.",,
C10,F_FORMAL,PO11,C,FAIL,Packet empirical_bounds directly contradicts or fails the asserted transfer for PO11; this is a local failure.,,IA12_EMPIRICAL_COLLISION
C10,F_FORMAL,PO16,M,PASS,Packet provenance_evidence supplies qualifying evidence for PO16 on this axis.,,
C10,M_MECHANISTIC,PO00,M,PASS,Packet grounding_evidence/provenance_evidence supplies qualifying evidence for PO00 on this axis.,,
C10,M_MECHANISTIC,PO01,M,PASS,Packet mapping_evidence supplies qualifying evidence for PO01 on this axis.,,
C10,M_MECHANISTIC,PO02,M,FAIL,Packet mapping_evidence directly contradicts or fails the asserted transfer for PO02; this is a local failure.,,IA02_TYPE_ROLE_MISMATCH;IA13_ONTOLOGICAL_IDENTITY_ERROR
C10,M_MECHANISTIC,PO03,M,FAIL,Packet mapping_evidence/formal_evidence directly contradicts or fails the asserted transfer for PO03; this is a local failure.,,IA03_RELATION_BREAK
C10,M_MECHANISTIC,PO04,M,FAIL,Packet formal_evidence directly contradicts or fails the asserted transfer for PO04; this is a local failure.,,IA04_FORMAL_DOMAIN_ERROR
C10,M_MECHANISTIC,PO05,C,NOT_APPLICABLE,NOT_APPLICABLE: no unit-bearing or measured physical target relation is used.,,
C10,M_MECHANISTIC,PO06,M,FAIL,Packet assumptions_and_regime directly contradicts or fails the asserted transfer for PO06; this is a local failure.,,IA06_ASSUMPTION_LAUNDERING
C10,M_MECHANISTIC,PO07,M,PASS,Packet assumptions_and_regime supplies qualifying evidence for PO07 on this axis.,,
C10,M_MECHANISTIC,PO08,M,FAIL,Packet mechanism_evidence directly contradicts or fails the asserted transfer for PO08; this is a local failure.,,IA08_MECHANISM_SMUGGLING;IA13_ONTOLOGICAL_IDENTITY_ERROR
C10,M_MECHANISTIC,PO09,M,PASS,Packet formal_evidence/assumptions_and_regime supplies qualifying evidence for PO09 on this axis.,,
C10,M_MECHANISTIC,PO10,M,PASS,Packet parameter_calibration supplies qualifying evidence for PO10 on this axis.,,
C10,M_MECHANISTIC,PO11,M,FAIL,Packet empirical_bounds directly contradicts or fails the asserted transfer for PO11; this is a local failure.,,IA12_EMPIRICAL_COLLISION
C10,M_MECHANISTIC,PO12,C,NOT_APPLICABLE,NOT_APPLICABLE: no quantitative mechanistic uncertainty claim is made.,,
C10,M_MECHANISTIC,PO16,M,PASS,Packet provenance_evidence supplies qualifying evidence for PO16 on this axis.,,
C11,S_STRUCTURAL,PO00,M,PASS,Packet grounding_evidence/provenance_evidence supplies qualifying evidence for PO00 on this axis.,,
C11,S_STRUCTURAL,PO01,M,PASS,Packet mapping_evidence supplies qualifying evidence for PO01 on this axis.,,
C11,S_STRUCTURAL,PO02,M,PASS,Packet mapping_evidence supplies qualifying evidence for PO02 on this axis.,,
C11,S_STRUCTURAL,PO03,M,PASS,Packet mapping_evidence/formal_evidence supplies qualifying evidence for PO03 on this axis.,,
C11,S_STRUCTURAL,PO16,M,PASS,Packet provenance_evidence supplies qualifying evidence for PO16 on this axis.,,
C11,F_FORMAL,PO00,M,PASS,Packet grounding_evidence/provenance_evidence supplies qualifying evidence for PO00 on this axis.,,
C11,F_FORMAL,PO01,M,PASS,Packet mapping_evidence supplies qualifying evidence for PO01 on this axis.,,
C11,F_FORMAL,PO02,M,PASS,Packet mapping_evidence supplies qualifying evidence for PO02 on this axis.,,
C11,F_FORMAL,PO03,M,PASS,Packet mapping_evidence/formal_evidence supplies qualifying evidence for PO03 on this axis.,,
C11,F_FORMAL,PO04,M,PASS,Packet formal_evidence supplies qualifying evidence for PO04 on this axis.,,
C11,F_FORMAL,PO05,C,PASS,Packet formal_evidence/parameter_calibration supplies qualifying evidence for PO05 on this axis.,,
C11,F_FORMAL,PO06,M,PASS,Packet assumptions_and_regime supplies qualifying evidence for PO06 on this axis.,,
C11,F_FORMAL,PO07,M,PASS,Packet assumptions_and_regime supplies qualifying evidence for PO07 on this axis.,,
C11,F_FORMAL,PO09,C,NOT_APPLICABLE,"NOT_APPLICABLE: no material invariant, normalization, or conservation law is used.",,
C11,F_FORMAL,PO10,C,PASS,Packet parameter_calibration supplies qualifying evidence for PO10 on this axis.,,
C11,F_FORMAL,PO11,C,PASS,Packet empirical_bounds supplies qualifying evidence for PO11 on this axis.,,
C11,F_FORMAL,PO16,M,PASS,Packet provenance_evidence supplies qualifying evidence for PO16 on this axis.,,
C11,M_MECHANISTIC,PO00,M,PASS,Packet grounding_evidence/provenance_evidence supplies qualifying evidence for PO00 on this axis.,,
C11,M_MECHANISTIC,PO01,M,PASS,Packet mapping_evidence supplies qualifying evidence for PO01 on this axis.,,
C11,M_MECHANISTIC,PO02,M,FAIL,Packet mapping_evidence directly contradicts or fails the asserted transfer for PO02; this is a local failure.,,IA02_TYPE_ROLE_MISMATCH;IA13_ONTOLOGICAL_IDENTITY_ERROR
C11,M_MECHANISTIC,PO03,M,FAIL,Packet mapping_evidence/formal_evidence directly contradicts or fails the asserted transfer for PO03; this is a local failure.,,IA03_RELATION_BREAK
C11,M_MECHANISTIC,PO04,M,PASS,Packet formal_evidence supplies qualifying evidence for PO04 on this axis.,,
C11,M_MECHANISTIC,PO05,C,PASS,Packet formal_evidence/parameter_calibration supplies qualifying evidence for PO05 on this axis.,,
C11,M_MECHANISTIC,PO06,M,FAIL,Packet assumptions_and_regime directly contradicts or fails the asserted transfer for PO06; this is a local failure.,,IA06_ASSUMPTION_LAUNDERING
C11,M_MECHANISTIC,PO07,M,FAIL,Packet assumptions_and_regime directly contradicts or fails the asserted transfer for PO07; this is a local failure.,,IA07_REGIME_EXTRAPOLATION
C11,M_MECHANISTIC,PO08,M,FAIL,Packet mechanism_evidence directly contradicts or fails the asserted transfer for PO08; this is a local failure.,,IA08_MECHANISM_SMUGGLING;IA13_ONTOLOGICAL_IDENTITY_ERROR
C11,M_MECHANISTIC,PO09,M,PASS,Packet formal_evidence/assumptions_and_regime supplies qualifying evidence for PO09 on this axis.,,
C11,M_MECHANISTIC,PO10,M,PASS,Packet parameter_calibration supplies qualifying evidence for PO10 on this axis.,,
C11,M_MECHANISTIC,PO11,M,FAIL,Packet empirical_bounds directly contradicts or fails the asserted transfer for PO11; this is a local failure.,,IA12_EMPIRICAL_COLLISION
C11,M_MECHANISTIC,PO12,C,NOT_APPLICABLE,NOT_APPLICABLE: no quantitative mechanistic uncertainty claim is made.,,
C11,M_MECHANISTIC,PO16,M,PASS,Packet provenance_evidence supplies qualifying evidence for PO16 on this axis.,,
C12,S_STRUCTURAL,PO00,M,PASS,Packet grounding_evidence/provenance_evidence supplies qualifying evidence for PO00 on this axis.,,
C12,S_STRUCTURAL,PO01,M,PASS,Packet mapping_evidence supplies qualifying evidence for PO01 on this axis.,,
C12,S_STRUCTURAL,PO02,M,PASS,Packet mapping_evidence supplies qualifying evidence for PO02 on this axis.,,
C12,S_STRUCTURAL,PO03,M,PASS,Packet mapping_evidence/formal_evidence supplies qualifying evidence for PO03 on this axis.,,
C12,S_STRUCTURAL,PO16,M,PASS,Packet provenance_evidence supplies qualifying evidence for PO16 on this axis.,,
C12,F_FORMAL,PO00,M,PASS,Packet grounding_evidence/provenance_evidence supplies qualifying evidence for PO00 on this axis.,,
C12,F_FORMAL,PO01,M,PASS,Packet mapping_evidence supplies qualifying evidence for PO01 on this axis.,,
C12,F_FORMAL,PO02,M,PASS,Packet mapping_evidence supplies qualifying evidence for PO02 on this axis.,,
C12,F_FORMAL,PO03,M,PASS,Packet mapping_evidence/formal_evidence supplies qualifying evidence for PO03 on this axis.,,
C12,F_FORMAL,PO04,M,PASS,Packet formal_evidence supplies qualifying evidence for PO04 on this axis.,,
C12,F_FORMAL,PO05,C,PASS,Packet formal_evidence/parameter_calibration supplies qualifying evidence for PO05 on this axis.,,
C12,F_FORMAL,PO06,M,PASS,Packet assumptions_and_regime supplies qualifying evidence for PO06 on this axis.,,
C12,F_FORMAL,PO07,M,PASS,Packet assumptions_and_regime supplies qualifying evidence for PO07 on this axis.,,
C12,F_FORMAL,PO09,C,NOT_APPLICABLE,"NOT_APPLICABLE: no material invariant, normalization, or conservation law is used.",,
C12,F_FORMAL,PO10,C,NOT_APPLICABLE,"NOT_APPLICABLE: no parameter is transported, fitted, derived, or instantiated on this conditional row.",,
C12,F_FORMAL,PO11,C,NOT_APPLICABLE,NOT_APPLICABLE: no target empirical envelope is material to this formal-only row.,,
C12,F_FORMAL,PO16,M,PASS,Packet provenance_evidence supplies qualifying evidence for PO16 on this axis.,,
C12,M_MECHANISTIC,PO00,M,PASS,Packet grounding_evidence/provenance_evidence supplies qualifying evidence for PO00 on this axis.,,
C12,M_MECHANISTIC,PO01,M,PASS,Packet mapping_evidence supplies qualifying evidence for PO01 on this axis.,,
C12,M_MECHANISTIC,PO02,M,PASS,Packet mapping_evidence supplies qualifying evidence for PO02 on this axis.,,
C12,M_MECHANISTIC,PO03,M,PASS,Packet mapping_evidence/formal_evidence supplies qualifying evidence for PO03 on this axis.,,
C12,M_MECHANISTIC,PO04,M,PASS,Packet formal_evidence supplies qualifying evidence for PO04 on this axis.,,
C12,M_MECHANISTIC,PO05,C,PASS,Packet formal_evidence/parameter_calibration supplies qualifying evidence for PO05 on this axis.,,
C12,M_MECHANISTIC,PO06,M,PASS,Packet assumptions_and_regime supplies qualifying evidence for PO06 on this axis.,,
C12,M_MECHANISTIC,PO07,M,PASS,Packet assumptions_and_regime supplies qualifying evidence for PO07 on this axis.,,
C12,M_MECHANISTIC,PO08,M,UNKNOWN,Packet mechanism_evidence does not supply qualifying evidence for PO08; closed-book rules require UNKNOWN.,MECHANISM_CAUSALITY,
C12,M_MECHANISTIC,PO09,M,PASS,Packet formal_evidence/assumptions_and_regime supplies qualifying evidence for PO09 on this axis.,,
C12,M_MECHANISTIC,PO10,M,PASS,Packet parameter_calibration supplies qualifying evidence for PO10 on this axis.,,
C12,M_MECHANISTIC,PO11,M,UNKNOWN,Packet empirical_bounds does not supply qualifying evidence for PO11; closed-book rules require UNKNOWN.,EMPIRICAL,
C12,M_MECHANISTIC,PO12,C,NOT_APPLICABLE,NOT_APPLICABLE: no quantitative mechanistic uncertainty claim is made.,,
C12,M_MECHANISTIC,PO16,M,PASS,Packet provenance_evidence supplies qualifying evidence for PO16 on this axis.,,
C13,S_STRUCTURAL,PO00,M,PASS,Packet grounding_evidence/provenance_evidence supplies qualifying evidence for PO00 on this axis.,,
C13,S_STRUCTURAL,PO01,M,PASS,Packet mapping_evidence supplies qualifying evidence for PO01 on this axis.,,
C13,S_STRUCTURAL,PO02,M,PASS,Packet mapping_evidence supplies qualifying evidence for PO02 on this axis.,,
C13,S_STRUCTURAL,PO03,M,PASS,Packet mapping_evidence/formal_evidence supplies qualifying evidence for PO03 on this axis.,,
C13,S_STRUCTURAL,PO16,M,PASS,Packet provenance_evidence supplies qualifying evidence for PO16 on this axis.,,
C13,F_FORMAL,PO00,M,PASS,Packet grounding_evidence/provenance_evidence supplies qualifying evidence for PO00 on this axis.,,
C13,F_FORMAL,PO01,M,FAIL,Packet mapping_evidence directly contradicts or fails the asserted transfer for PO01; this is a local failure.,,IA03_RELATION_BREAK;IA15_PROVENANCE_NOVELTY_FAILURE
C13,F_FORMAL,PO02,M,FAIL,Packet mapping_evidence directly contradicts or fails the asserted transfer for PO02; this is a local failure.,,IA02_TYPE_ROLE_MISMATCH
C13,F_FORMAL,PO03,M,FAIL,Packet mapping_evidence/formal_evidence directly contradicts or fails the asserted transfer for PO03; this is a local failure.,,IA03_RELATION_BREAK
C13,F_FORMAL,PO04,M,FAIL,Packet formal_evidence directly contradicts or fails the asserted transfer for PO04; this is a local failure.,,IA04_FORMAL_DOMAIN_ERROR
C13,F_FORMAL,PO05,C,UNKNOWN,Packet formal_evidence/parameter_calibration does not supply qualifying evidence for PO05; closed-book rules require UNKNOWN.,FORMAL_METROLOGY,
C13,F_FORMAL,PO06,M,PASS,Packet assumptions_and_regime supplies qualifying evidence for PO06 on this axis.,,
C13,F_FORMAL,PO07,M,PASS,Packet assumptions_and_regime supplies qualifying evidence for PO07 on this axis.,,
C13,F_FORMAL,PO09,C,NOT_APPLICABLE,"NOT_APPLICABLE: no material invariant, normalization, or conservation law is used.",,
C13,F_FORMAL,PO10,C,UNKNOWN,Packet parameter_calibration does not supply qualifying evidence for PO10; closed-book rules require UNKNOWN.,INVARIANT_PARAMETER,
C13,F_FORMAL,PO11,C,UNKNOWN,Packet empirical_bounds does not supply qualifying evidence for PO11; closed-book rules require UNKNOWN.,EMPIRICAL,
C13,F_FORMAL,PO16,M,PASS,Packet provenance_evidence supplies qualifying evidence for PO16 on this axis.,,
C13,M_MECHANISTIC,PO00,M,FAIL,Packet grounding_evidence/provenance_evidence directly contradicts or fails the asserted transfer for PO00; this is a local failure.,,IA15_PROVENANCE_NOVELTY_FAILURE
C13,M_MECHANISTIC,PO01,M,FAIL,Packet mapping_evidence directly contradicts or fails the asserted transfer for PO01; this is a local failure.,,IA03_RELATION_BREAK;IA15_PROVENANCE_NOVELTY_FAILURE
C13,M_MECHANISTIC,PO02,M,FAIL,Packet mapping_evidence directly contradicts or fails the asserted transfer for PO02; this is a local failure.,,IA02_TYPE_ROLE_MISMATCH
C13,M_MECHANISTIC,PO03,M,FAIL,Packet mapping_evidence/formal_evidence directly contradicts or fails the asserted transfer for PO03; this is a local failure.,,IA03_RELATION_BREAK
C13,M_MECHANISTIC,PO04,M,FAIL,Packet formal_evidence directly contradicts or fails the asserted transfer for PO04; this is a local failure.,,IA04_FORMAL_DOMAIN_ERROR
C13,M_MECHANISTIC,PO05,C,UNKNOWN,Packet formal_evidence/parameter_calibration does not supply qualifying evidence for PO05; closed-book rules require UNKNOWN.,FORMAL_METROLOGY,
C13,M_MECHANISTIC,PO06,M,PASS,Packet assumptions_and_regime supplies qualifying evidence for PO06 on this axis.,,
C13,M_MECHANISTIC,PO07,M,PASS,Packet assumptions_and_regime supplies qualifying evidence for PO07 on this axis.,,
C13,M_MECHANISTIC,PO08,M,FAIL,Packet mechanism_evidence directly contradicts or fails the asserted transfer for PO08; this is a local failure.,,IA08_MECHANISM_SMUGGLING;IA13_ONTOLOGICAL_IDENTITY_ERROR
C13,M_MECHANISTIC,PO09,M,PASS,Packet formal_evidence/assumptions_and_regime supplies qualifying evidence for PO09 on this axis.,,
C13,M_MECHANISTIC,PO10,M,UNKNOWN,Packet parameter_calibration does not supply qualifying evidence for PO10; closed-book rules require UNKNOWN.,INVARIANT_PARAMETER,
C13,M_MECHANISTIC,PO11,M,FAIL,Packet empirical_bounds directly contradicts or fails the asserted transfer for PO11; this is a local failure.,,IA12_EMPIRICAL_COLLISION
C13,M_MECHANISTIC,PO12,C,NOT_APPLICABLE,NOT_APPLICABLE: no quantitative mechanistic uncertainty claim is made.,,
C13,M_MECHANISTIC,PO16,M,PASS,Packet provenance_evidence supplies qualifying evidence for PO16 on this axis.,,
C14,S_STRUCTURAL,PO00,M,PASS,Packet grounding_evidence/provenance_evidence supplies qualifying evidence for PO00 on this axis.,,
C14,S_STRUCTURAL,PO01,M,PASS,Packet mapping_evidence supplies qualifying evidence for PO01 on this axis.,,
C14,S_STRUCTURAL,PO02,M,PASS,Packet mapping_evidence supplies qualifying evidence for PO02 on this axis.,,
C14,S_STRUCTURAL,PO03,M,PASS,Packet mapping_evidence/formal_evidence supplies qualifying evidence for PO03 on this axis.,,
C14,S_STRUCTURAL,PO16,M,PASS,Packet provenance_evidence supplies qualifying evidence for PO16 on this axis.,,
C14,F_FORMAL,PO00,M,PASS,Packet grounding_evidence/provenance_evidence supplies qualifying evidence for PO00 on this axis.,,
C14,F_FORMAL,PO01,M,PASS,Packet mapping_evidence supplies qualifying evidence for PO01 on this axis.,,
C14,F_FORMAL,PO02,M,PASS,Packet mapping_evidence supplies qualifying evidence for PO02 on this axis.,,
C14,F_FORMAL,PO03,M,PASS,Packet mapping_evidence/formal_evidence supplies qualifying evidence for PO03 on this axis.,,
C14,F_FORMAL,PO04,M,PASS,Packet formal_evidence supplies qualifying evidence for PO04 on this axis.,,
C14,F_FORMAL,PO05,C,PASS,Packet formal_evidence/parameter_calibration supplies qualifying evidence for PO05 on this axis.,,
C14,F_FORMAL,PO06,M,PASS,Packet assumptions_and_regime supplies qualifying evidence for PO06 on this axis.,,
C14,F_FORMAL,PO07,M,PASS,Packet assumptions_and_regime supplies qualifying evidence for PO07 on this axis.,,
C14,F_FORMAL,PO09,C,NOT_APPLICABLE,"NOT_APPLICABLE: no material invariant, normalization, or conservation law is used.",,
C14,F_FORMAL,PO10,C,PASS,Packet parameter_calibration supplies qualifying evidence for PO10 on this axis.,,
C14,F_FORMAL,PO11,C,NOT_APPLICABLE,NOT_APPLICABLE: no target empirical envelope is material to this formal-only row.,,
C14,F_FORMAL,PO16,M,PASS,Packet provenance_evidence supplies qualifying evidence for PO16 on this axis.,,
C14,M_MECHANISTIC,PO00,M,PASS,Packet grounding_evidence/provenance_evidence supplies qualifying evidence for PO00 on this axis.,,
C14,M_MECHANISTIC,PO01,M,PASS,Packet mapping_evidence supplies qualifying evidence for PO01 on this axis.,,
C14,M_MECHANISTIC,PO02,M,PASS,Packet mapping_evidence supplies qualifying evidence for PO02 on this axis.,,
C14,M_MECHANISTIC,PO03,M,PASS,Packet mapping_evidence/formal_evidence supplies qualifying evidence for PO03 on this axis.,,
C14,M_MECHANISTIC,PO04,M,PASS,Packet formal_evidence supplies qualifying evidence for PO04 on this axis.,,
C14,M_MECHANISTIC,PO05,C,PASS,Packet formal_evidence/parameter_calibration supplies qualifying evidence for PO05 on this axis.,,
C14,M_MECHANISTIC,PO06,M,PASS,Packet assumptions_and_regime supplies qualifying evidence for PO06 on this axis.,,
C14,M_MECHANISTIC,PO07,M,PASS,Packet assumptions_and_regime supplies qualifying evidence for PO07 on this axis.,,
C14,M_MECHANISTIC,PO08,M,UNKNOWN,Packet mechanism_evidence does not supply qualifying evidence for PO08; closed-book rules require UNKNOWN.,MECHANISM_CAUSALITY,
C14,M_MECHANISTIC,PO09,M,PASS,Packet formal_evidence/assumptions_and_regime supplies qualifying evidence for PO09 on this axis.,,
C14,M_MECHANISTIC,PO10,M,PASS,Packet parameter_calibration supplies qualifying evidence for PO10 on this axis.,,
C14,M_MECHANISTIC,PO11,M,UNKNOWN,Packet empirical_bounds does not supply qualifying evidence for PO11; closed-book rules require UNKNOWN.,EMPIRICAL,
C14,M_MECHANISTIC,PO12,C,NOT_APPLICABLE,NOT_APPLICABLE: no quantitative mechanistic uncertainty claim is made.,,
C14,M_MECHANISTIC,PO16,M,PASS,Packet provenance_evidence supplies qualifying evidence for PO16 on this axis.,,
C15,S_STRUCTURAL,PO00,M,PASS,Packet grounding_evidence/provenance_evidence supplies qualifying evidence for PO00 on this axis.,,
C15,S_STRUCTURAL,PO01,M,PASS,Packet mapping_evidence supplies qualifying evidence for PO01 on this axis.,,
C15,S_STRUCTURAL,PO02,M,PASS,Packet mapping_evidence supplies qualifying evidence for PO02 on this axis.,,
C15,S_STRUCTURAL,PO03,M,PASS,Packet mapping_evidence/formal_evidence supplies qualifying evidence for PO03 on this axis.,,
C15,S_STRUCTURAL,PO16,M,PASS,Packet provenance_evidence supplies qualifying evidence for PO16 on this axis.,,
C15,F_FORMAL,PO00,M,PASS,Packet grounding_evidence/provenance_evidence supplies qualifying evidence for PO00 on this axis.,,
C15,F_FORMAL,PO01,M,PASS,Packet mapping_evidence supplies qualifying evidence for PO01 on this axis.,,
C15,F_FORMAL,PO02,M,FAIL,Packet mapping_evidence directly contradicts or fails the asserted transfer for PO02; this is a local failure.,,IA02_TYPE_ROLE_MISMATCH;IA13_ONTOLOGICAL_IDENTITY_ERROR
C15,F_FORMAL,PO03,M,FAIL,Packet mapping_evidence/formal_evidence directly contradicts or fails the asserted transfer for PO03; this is a local failure.,,IA03_RELATION_BREAK
C15,F_FORMAL,PO04,M,FAIL,Packet formal_evidence directly contradicts or fails the asserted transfer for PO04; this is a local failure.,,IA04_FORMAL_DOMAIN_ERROR
C15,F_FORMAL,PO05,C,NOT_APPLICABLE,NOT_APPLICABLE: no unit-bearing or measured physical target relation is used.,,
C15,F_FORMAL,PO06,M,FAIL,Packet assumptions_and_regime directly contradicts or fails the asserted transfer for PO06; this is a local failure.,,IA06_ASSUMPTION_LAUNDERING
C15,F_FORMAL,PO07,M,PASS,Packet assumptions_and_regime supplies qualifying evidence for PO07 on this axis.,,
C15,F_FORMAL,PO09,C,NOT_APPLICABLE,"NOT_APPLICABLE: no material invariant, normalization, or conservation law is used.",,
C15,F_FORMAL,PO10,C,NOT_APPLICABLE,"NOT_APPLICABLE: no parameter is transported, fitted, derived, or instantiated on this conditional row.",,
C15,F_FORMAL,PO11,C,FAIL,Packet empirical_bounds directly contradicts or fails the asserted transfer for PO11; this is a local failure.,,IA12_EMPIRICAL_COLLISION
C15,F_FORMAL,PO16,M,PASS,Packet provenance_evidence supplies qualifying evidence for PO16 on this axis.,,
C15,M_MECHANISTIC,PO00,M,PASS,Packet grounding_evidence/provenance_evidence supplies qualifying evidence for PO00 on this axis.,,
C15,M_MECHANISTIC,PO01,M,PASS,Packet mapping_evidence supplies qualifying evidence for PO01 on this axis.,,
C15,M_MECHANISTIC,PO02,M,FAIL,Packet mapping_evidence directly contradicts or fails the asserted transfer for PO02; this is a local failure.,,IA02_TYPE_ROLE_MISMATCH;IA13_ONTOLOGICAL_IDENTITY_ERROR
C15,M_MECHANISTIC,PO03,M,FAIL,Packet mapping_evidence/formal_evidence directly contradicts or fails the asserted transfer for PO03; this is a local failure.,,IA03_RELATION_BREAK
C15,M_MECHANISTIC,PO04,M,FAIL,Packet formal_evidence directly contradicts or fails the asserted transfer for PO04; this is a local failure.,,IA04_FORMAL_DOMAIN_ERROR
C15,M_MECHANISTIC,PO05,C,NOT_APPLICABLE,NOT_APPLICABLE: no unit-bearing or measured physical target relation is used.,,
C15,M_MECHANISTIC,PO06,M,FAIL,Packet assumptions_and_regime directly contradicts or fails the asserted transfer for PO06; this is a local failure.,,IA06_ASSUMPTION_LAUNDERING
C15,M_MECHANISTIC,PO07,M,PASS,Packet assumptions_and_regime supplies qualifying evidence for PO07 on this axis.,,
C15,M_MECHANISTIC,PO08,M,FAIL,Packet mechanism_evidence directly contradicts or fails the asserted transfer for PO08; this is a local failure.,,IA08_MECHANISM_SMUGGLING;IA13_ONTOLOGICAL_IDENTITY_ERROR
C15,M_MECHANISTIC,PO09,M,PASS,Packet formal_evidence/assumptions_and_regime supplies qualifying evidence for PO09 on this axis.,,
C15,M_MECHANISTIC,PO10,M,FAIL,Packet parameter_calibration directly contradicts or fails the asserted transfer for PO10; this is a local failure.,,IA11_PARAMETER_SMUGGLING
C15,M_MECHANISTIC,PO11,M,FAIL,Packet empirical_bounds directly contradicts or fails the asserted transfer for PO11; this is a local failure.,,IA12_EMPIRICAL_COLLISION
C15,M_MECHANISTIC,PO12,C,NOT_APPLICABLE,NOT_APPLICABLE: no quantitative mechanistic uncertainty claim is made.,,
C15,M_MECHANISTIC,PO16,M,PASS,Packet provenance_evidence supplies qualifying evidence for PO16 on this axis.,,
C16,S_STRUCTURAL,PO00,M,PASS,Packet grounding_evidence/provenance_evidence supplies qualifying evidence for PO00 on this axis.,,
C16,S_STRUCTURAL,PO01,M,PASS,Packet mapping_evidence supplies qualifying evidence for PO01 on this axis.,,
C16,S_STRUCTURAL,PO02,M,PASS,Packet mapping_evidence supplies qualifying evidence for PO02 on this axis.,,
C16,S_STRUCTURAL,PO03,M,PASS,Packet mapping_evidence/formal_evidence supplies qualifying evidence for PO03 on this axis.,,
C16,S_STRUCTURAL,PO16,M,PASS,Packet provenance_evidence supplies qualifying evidence for PO16 on this axis.,,
C16,F_FORMAL,PO00,M,PASS,Packet grounding_evidence/provenance_evidence supplies qualifying evidence for PO00 on this axis.,,
C16,F_FORMAL,PO01,M,PASS,Packet mapping_evidence supplies qualifying evidence for PO01 on this axis.,,
C16,F_FORMAL,PO02,M,FAIL,Packet mapping_evidence directly contradicts or fails the asserted transfer for PO02; this is a local failure.,,IA02_TYPE_ROLE_MISMATCH
C16,F_FORMAL,PO03,M,FAIL,Packet mapping_evidence/formal_evidence directly contradicts or fails the asserted transfer for PO03; this is a local failure.,,IA03_RELATION_BREAK
C16,F_FORMAL,PO04,M,FAIL,Packet formal_evidence directly contradicts or fails the asserted transfer for PO04; this is a local failure.,,IA04_FORMAL_DOMAIN_ERROR
C16,F_FORMAL,PO05,C,UNKNOWN,Packet formal_evidence/parameter_calibration does not supply qualifying evidence for PO05; closed-book rules require UNKNOWN.,FORMAL_METROLOGY,
C16,F_FORMAL,PO06,M,FAIL,Packet assumptions_and_regime directly contradicts or fails the asserted transfer for PO06; this is a local failure.,,IA06_ASSUMPTION_LAUNDERING
C16,F_FORMAL,PO07,M,PASS,Packet assumptions_and_regime supplies qualifying evidence for PO07 on this axis.,,
C16,F_FORMAL,PO09,C,NOT_APPLICABLE,"NOT_APPLICABLE: no material invariant, normalization, or conservation law is used.",,
C16,F_FORMAL,PO10,C,UNKNOWN,Packet parameter_calibration does not supply qualifying evidence for PO10; closed-book rules require UNKNOWN.,INVARIANT_PARAMETER,
C16,F_FORMAL,PO11,C,FAIL,Packet empirical_bounds directly contradicts or fails the asserted transfer for PO11; this is a local failure.,,IA12_EMPIRICAL_COLLISION
C16,F_FORMAL,PO16,M,PASS,Packet provenance_evidence supplies qualifying evidence for PO16 on this axis.,,
C16,M_MECHANISTIC,PO00,M,PASS,Packet grounding_evidence/provenance_evidence supplies qualifying evidence for PO00 on this axis.,,
C16,M_MECHANISTIC,PO01,M,PASS,Packet mapping_evidence supplies qualifying evidence for PO01 on this axis.,,
C16,M_MECHANISTIC,PO02,M,FAIL,Packet mapping_evidence directly contradicts or fails the asserted transfer for PO02; this is a local failure.,,IA02_TYPE_ROLE_MISMATCH
C16,M_MECHANISTIC,PO03,M,FAIL,Packet mapping_evidence/formal_evidence directly contradicts or fails the asserted transfer for PO03; this is a local failure.,,IA03_RELATION_BREAK
C16,M_MECHANISTIC,PO04,M,FAIL,Packet formal_evidence directly contradicts or fails the asserted transfer for PO04; this is a local failure.,,IA04_FORMAL_DOMAIN_ERROR
C16,M_MECHANISTIC,PO05,C,UNKNOWN,Packet formal_evidence/parameter_calibration does not supply qualifying evidence for PO05; closed-book rules require UNKNOWN.,FORMAL_METROLOGY,
C16,M_MECHANISTIC,PO06,M,FAIL,Packet assumptions_and_regime directly contradicts or fails the asserted transfer for PO06; this is a local failure.,,IA06_ASSUMPTION_LAUNDERING
C16,M_MECHANISTIC,PO07,M,PASS,Packet assumptions_and_regime supplies qualifying evidence for PO07 on this axis.,,
C16,M_MECHANISTIC,PO08,M,FAIL,Packet mechanism_evidence directly contradicts or fails the asserted transfer for PO08; this is a local failure.,,IA08_MECHANISM_SMUGGLING;IA13_ONTOLOGICAL_IDENTITY_ERROR
C16,M_MECHANISTIC,PO09,M,PASS,Packet formal_evidence/assumptions_and_regime supplies qualifying evidence for PO09 on this axis.,,
C16,M_MECHANISTIC,PO10,M,UNKNOWN,Packet parameter_calibration does not supply qualifying evidence for PO10; closed-book rules require UNKNOWN.,INVARIANT_PARAMETER,
C16,M_MECHANISTIC,PO11,M,FAIL,Packet empirical_bounds directly contradicts or fails the asserted transfer for PO11; this is a local failure.,,IA12_EMPIRICAL_COLLISION
C16,M_MECHANISTIC,PO12,C,NOT_APPLICABLE,NOT_APPLICABLE: no quantitative mechanistic uncertainty claim is made.,,
C16,M_MECHANISTIC,PO16,M,PASS,Packet provenance_evidence supplies qualifying evidence for PO16 on this axis.,,
C17,S_STRUCTURAL,PO00,M,PASS,Packet grounding_evidence/provenance_evidence supplies qualifying evidence for PO00 on this axis.,,
C17,S_STRUCTURAL,PO01,M,PASS,Packet mapping_evidence supplies qualifying evidence for PO01 on this axis.,,
C17,S_STRUCTURAL,PO02,M,PASS,Packet mapping_evidence supplies qualifying evidence for PO02 on this axis.,,
C17,S_STRUCTURAL,PO03,M,PASS,Packet mapping_evidence/formal_evidence supplies qualifying evidence for PO03 on this axis.,,
C17,S_STRUCTURAL,PO16,M,PASS,Packet provenance_evidence supplies qualifying evidence for PO16 on this axis.,,
C17,F_FORMAL,PO00,M,PASS,Packet grounding_evidence/provenance_evidence supplies qualifying evidence for PO00 on this axis.,,
C17,F_FORMAL,PO01,M,PASS,Packet mapping_evidence supplies qualifying evidence for PO01 on this axis.,,
C17,F_FORMAL,PO02,M,PASS,Packet mapping_evidence supplies qualifying evidence for PO02 on this axis.,,
C17,F_FORMAL,PO03,M,PASS,Packet mapping_evidence/formal_evidence supplies qualifying evidence for PO03 on this axis.,,
C17,F_FORMAL,PO04,M,PASS,Packet formal_evidence supplies qualifying evidence for PO04 on this axis.,,
C17,F_FORMAL,PO05,C,PASS,Packet formal_evidence/parameter_calibration supplies qualifying evidence for PO05 on this axis.,,
C17,F_FORMAL,PO06,M,PASS,Packet assumptions_and_regime supplies qualifying evidence for PO06 on this axis.,,
C17,F_FORMAL,PO07,M,PASS,Packet assumptions_and_regime supplies qualifying evidence for PO07 on this axis.,,
C17,F_FORMAL,PO09,C,PASS,Packet formal_evidence/assumptions_and_regime supplies qualifying evidence for PO09 on this axis.,,
C17,F_FORMAL,PO10,C,PASS,Packet parameter_calibration supplies qualifying evidence for PO10 on this axis.,,
C17,F_FORMAL,PO11,C,PASS,Packet empirical_bounds supplies qualifying evidence for PO11 on this axis.,,
C17,F_FORMAL,PO16,M,PASS,Packet provenance_evidence supplies qualifying evidence for PO16 on this axis.,,
C17,M_MECHANISTIC,PO00,M,PASS,Packet grounding_evidence/provenance_evidence supplies qualifying evidence for PO00 on this axis.,,
C17,M_MECHANISTIC,PO01,M,PASS,Packet mapping_evidence supplies qualifying evidence for PO01 on this axis.,,
C17,M_MECHANISTIC,PO02,M,PASS,Packet mapping_evidence supplies qualifying evidence for PO02 on this axis.,,
C17,M_MECHANISTIC,PO03,M,PASS,Packet mapping_evidence/formal_evidence supplies qualifying evidence for PO03 on this axis.,,
C17,M_MECHANISTIC,PO04,M,PASS,Packet formal_evidence supplies qualifying evidence for PO04 on this axis.,,
C17,M_MECHANISTIC,PO05,C,PASS,Packet formal_evidence/parameter_calibration supplies qualifying evidence for PO05 on this axis.,,
C17,M_MECHANISTIC,PO06,M,PASS,Packet assumptions_and_regime supplies qualifying evidence for PO06 on this axis.,,
C17,M_MECHANISTIC,PO07,M,PASS,Packet assumptions_and_regime supplies qualifying evidence for PO07 on this axis.,,
C17,M_MECHANISTIC,PO08,M,PASS,Packet mechanism_evidence supplies qualifying evidence for PO08 on this axis.,,
C17,M_MECHANISTIC,PO09,M,PASS,Packet formal_evidence/assumptions_and_regime supplies qualifying evidence for PO09 on this axis.,,
C17,M_MECHANISTIC,PO10,M,PASS,Packet parameter_calibration supplies qualifying evidence for PO10 on this axis.,,
C17,M_MECHANISTIC,PO11,M,PASS,Packet empirical_bounds supplies qualifying evidence for PO11 on this axis.,,
C17,M_MECHANISTIC,PO12,C,PASS,Packet uncertainty_evidence supplies qualifying evidence for PO12 on this axis.,,
C17,M_MECHANISTIC,PO16,M,PASS,Packet provenance_evidence supplies qualifying evidence for PO16 on this axis.,,
C17,P_PREDICTIVE,PO00,M,PASS,Packet grounding_evidence/provenance_evidence supplies qualifying evidence for PO00 on this axis.,,
C17,P_PREDICTIVE,PO01,M,PASS,Packet mapping_evidence supplies qualifying evidence for PO01 on this axis.,,
C17,P_PREDICTIVE,PO02,M,PASS,Packet mapping_evidence supplies qualifying evidence for PO02 on this axis.,,
C17,P_PREDICTIVE,PO03,M,PASS,Packet mapping_evidence/formal_evidence supplies qualifying evidence for PO03 on this axis.,,
C17,P_PREDICTIVE,PO04,M,PASS,Packet formal_evidence supplies qualifying evidence for PO04 on this axis.,,
C17,P_PREDICTIVE,PO05,C,PASS,Packet formal_evidence/parameter_calibration supplies qualifying evidence for PO05 on this axis.,,
C17,P_PREDICTIVE,PO06,M,PASS,Packet assumptions_and_regime supplies qualifying evidence for PO06 on this axis.,,
C17,P_PREDICTIVE,PO07,M,PASS,Packet assumptions_and_regime supplies qualifying evidence for PO07 on this axis.,,
C17,P_PREDICTIVE,PO08,C,PASS,Packet mechanism_evidence supplies qualifying evidence for PO08 on this axis.,,
C17,P_PREDICTIVE,PO09,C,PASS,Packet formal_evidence/assumptions_and_regime supplies qualifying evidence for PO09 on this axis.,,
C17,P_PREDICTIVE,PO10,C,PASS,Packet parameter_calibration supplies qualifying evidence for PO10 on this axis.,,
C17,P_PREDICTIVE,PO11,M,PASS,Packet empirical_bounds supplies qualifying evidence for PO11 on this axis.,,
C17,P_PREDICTIVE,PO12,M,PASS,Packet uncertainty_evidence supplies qualifying evidence for PO12 on this axis.,,
C17,P_PREDICTIVE,PO13,M,PASS,Packet prediction_evidence supplies qualifying evidence for PO13 on this axis.,,
C17,P_PREDICTIVE,PO14,M,PASS,Packet falsification_evidence supplies qualifying evidence for PO14 on this axis.,,
C17,P_PREDICTIVE,PO15,C,NOT_APPLICABLE,NOT_APPLICABLE: no novelty claim is frozen.,,
C17,P_PREDICTIVE,PO16,M,PASS,Packet provenance_evidence supplies qualifying evidence for PO16 on this axis.,,
C17,V_VALIDATED,PO00,M,PASS,Packet grounding_evidence/provenance_evidence supplies qualifying evidence for PO00 on this axis.,,
C17,V_VALIDATED,PO01,M,PASS,Packet mapping_evidence supplies qualifying evidence for PO01 on this axis.,,
C17,V_VALIDATED,PO02,M,PASS,Packet mapping_evidence supplies qualifying evidence for PO02 on this axis.,,
C17,V_VALIDATED,PO03,M,PASS,Packet mapping_evidence/formal_evidence supplies qualifying evidence for PO03 on this axis.,,
C17,V_VALIDATED,PO04,M,PASS,Packet formal_evidence supplies qualifying evidence for PO04 on this axis.,,
C17,V_VALIDATED,PO05,C,PASS,Packet formal_evidence/parameter_calibration supplies qualifying evidence for PO05 on this axis.,,
C17,V_VALIDATED,PO06,M,PASS,Packet assumptions_and_regime supplies qualifying evidence for PO06 on this axis.,,
C17,V_VALIDATED,PO07,M,PASS,Packet assumptions_and_regime supplies qualifying evidence for PO07 on this axis.,,
C17,V_VALIDATED,PO08,C,PASS,Packet mechanism_evidence supplies qualifying evidence for PO08 on this axis.,,
C17,V_VALIDATED,PO09,C,PASS,Packet formal_evidence/assumptions_and_regime supplies qualifying evidence for PO09 on this axis.,,
C17,V_VALIDATED,PO10,C,PASS,Packet parameter_calibration supplies qualifying evidence for PO10 on this axis.,,
C17,V_VALIDATED,PO11,M,PASS,Packet empirical_bounds supplies qualifying evidence for PO11 on this axis.,,
C17,V_VALIDATED,PO12,M,PASS,Packet uncertainty_evidence supplies qualifying evidence for PO12 on this axis.,,
C17,V_VALIDATED,PO13,M,PASS,Packet prediction_evidence supplies qualifying evidence for PO13 on this axis.,,
C17,V_VALIDATED,PO14,M,PASS,Packet falsification_evidence supplies qualifying evidence for PO14 on this axis.,,
C17,V_VALIDATED,PO15,C,NOT_APPLICABLE,NOT_APPLICABLE: no novelty claim is frozen.,,
C17,V_VALIDATED,PO16,M,PASS,Packet provenance_evidence supplies qualifying evidence for PO16 on this axis.,,
C17,V_VALIDATED,PO17,M,PASS,Packet validation_evidence supplies qualifying evidence for PO17 on this axis.,,
C18,S_STRUCTURAL,PO00,M,PASS,Packet grounding_evidence/provenance_evidence supplies qualifying evidence for PO00 on this axis.,,
C18,S_STRUCTURAL,PO01,M,PASS,Packet mapping_evidence supplies qualifying evidence for PO01 on this axis.,,
C18,S_STRUCTURAL,PO02,M,PASS,Packet mapping_evidence supplies qualifying evidence for PO02 on this axis.,,
C18,S_STRUCTURAL,PO03,M,PASS,Packet mapping_evidence/formal_evidence supplies qualifying evidence for PO03 on this axis.,,
C18,S_STRUCTURAL,PO16,M,PASS,Packet provenance_evidence supplies qualifying evidence for PO16 on this axis.,,
C18,F_FORMAL,PO00,M,PASS,Packet grounding_evidence/provenance_evidence supplies qualifying evidence for PO00 on this axis.,,
C18,F_FORMAL,PO01,M,PASS,Packet mapping_evidence supplies qualifying evidence for PO01 on this axis.,,
C18,F_FORMAL,PO02,M,PASS,Packet mapping_evidence supplies qualifying evidence for PO02 on this axis.,,
C18,F_FORMAL,PO03,M,PASS,Packet mapping_evidence/formal_evidence supplies qualifying evidence for PO03 on this axis.,,
C18,F_FORMAL,PO04,M,PASS,Packet formal_evidence supplies qualifying evidence for PO04 on this axis.,,
C18,F_FORMAL,PO05,C,PASS,Packet formal_evidence/parameter_calibration supplies qualifying evidence for PO05 on this axis.,,
C18,F_FORMAL,PO06,M,PASS,Packet assumptions_and_regime supplies qualifying evidence for PO06 on this axis.,,
C18,F_FORMAL,PO07,M,PASS,Packet assumptions_and_regime supplies qualifying evidence for PO07 on this axis.,,
C18,F_FORMAL,PO09,C,NOT_APPLICABLE,"NOT_APPLICABLE: no material invariant, normalization, or conservation law is used.",,
C18,F_FORMAL,PO10,C,PASS,Packet parameter_calibration supplies qualifying evidence for PO10 on this axis.,,
C18,F_FORMAL,PO11,C,PASS,Packet empirical_bounds supplies qualifying evidence for PO11 on this axis.,,
C18,F_FORMAL,PO16,M,PASS,Packet provenance_evidence supplies qualifying evidence for PO16 on this axis.,,
C18,M_MECHANISTIC,PO00,M,PASS,Packet grounding_evidence/provenance_evidence supplies qualifying evidence for PO00 on this axis.,,
C18,M_MECHANISTIC,PO01,M,PASS,Packet mapping_evidence supplies qualifying evidence for PO01 on this axis.,,
C18,M_MECHANISTIC,PO02,M,PASS,Packet mapping_evidence supplies qualifying evidence for PO02 on this axis.,,
C18,M_MECHANISTIC,PO03,M,PASS,Packet mapping_evidence/formal_evidence supplies qualifying evidence for PO03 on this axis.,,
C18,M_MECHANISTIC,PO04,M,PASS,Packet formal_evidence supplies qualifying evidence for PO04 on this axis.,,
C18,M_MECHANISTIC,PO05,C,UNKNOWN,Packet formal_evidence/parameter_calibration does not supply qualifying evidence for PO05; closed-book rules require UNKNOWN.,FORMAL_METROLOGY,
C18,M_MECHANISTIC,PO06,M,PASS,Packet assumptions_and_regime supplies qualifying evidence for PO06 on this axis.,,
C18,M_MECHANISTIC,PO07,M,PASS,Packet assumptions_and_regime supplies qualifying evidence for PO07 on this axis.,,
C18,M_MECHANISTIC,PO08,M,FAIL,Packet mechanism_evidence directly contradicts or fails the asserted transfer for PO08; this is a local failure.,,IA08_MECHANISM_SMUGGLING;IA13_ONTOLOGICAL_IDENTITY_ERROR
C18,M_MECHANISTIC,PO09,M,PASS,Packet formal_evidence/assumptions_and_regime supplies qualifying evidence for PO09 on this axis.,,
C18,M_MECHANISTIC,PO10,M,PASS,Packet parameter_calibration supplies qualifying evidence for PO10 on this axis.,,
C18,M_MECHANISTIC,PO11,M,FAIL,Packet empirical_bounds directly contradicts or fails the asserted transfer for PO11; this is a local failure.,,IA12_EMPIRICAL_COLLISION
C18,M_MECHANISTIC,PO12,C,NOT_APPLICABLE,NOT_APPLICABLE: no quantitative mechanistic uncertainty claim is made.,,
C18,M_MECHANISTIC,PO16,M,PASS,Packet provenance_evidence supplies qualifying evidence for PO16 on this axis.,,
C19,S_STRUCTURAL,PO00,M,PASS,Packet grounding_evidence/provenance_evidence supplies qualifying evidence for PO00 on this axis.,,
C19,S_STRUCTURAL,PO01,M,PASS,Packet mapping_evidence supplies qualifying evidence for PO01 on this axis.,,
C19,S_STRUCTURAL,PO02,M,PASS,Packet mapping_evidence supplies qualifying evidence for PO02 on this axis.,,
C19,S_STRUCTURAL,PO03,M,PASS,Packet mapping_evidence/formal_evidence supplies qualifying evidence for PO03 on this axis.,,
C19,S_STRUCTURAL,PO16,M,PASS,Packet provenance_evidence supplies qualifying evidence for PO16 on this axis.,,
C19,F_FORMAL,PO00,M,PASS,Packet grounding_evidence/provenance_evidence supplies qualifying evidence for PO00 on this axis.,,
C19,F_FORMAL,PO01,M,PASS,Packet mapping_evidence supplies qualifying evidence for PO01 on this axis.,,
C19,F_FORMAL,PO02,M,PASS,Packet mapping_evidence supplies qualifying evidence for PO02 on this axis.,,
C19,F_FORMAL,PO03,M,PASS,Packet mapping_evidence/formal_evidence supplies qualifying evidence for PO03 on this axis.,,
C19,F_FORMAL,PO04,M,PASS,Packet formal_evidence supplies qualifying evidence for PO04 on this axis.,,
C19,F_FORMAL,PO05,C,PASS,Packet formal_evidence/parameter_calibration supplies qualifying evidence for PO05 on this axis.,,
C19,F_FORMAL,PO06,M,PASS,Packet assumptions_and_regime supplies qualifying evidence for PO06 on this axis.,,
C19,F_FORMAL,PO07,M,PASS,Packet assumptions_and_regime supplies qualifying evidence for PO07 on this axis.,,
C19,F_FORMAL,PO09,C,PASS,Packet formal_evidence/assumptions_and_regime supplies qualifying evidence for PO09 on this axis.,,
C19,F_FORMAL,PO10,C,PASS,Packet parameter_calibration supplies qualifying evidence for PO10 on this axis.,,
C19,F_FORMAL,PO11,C,PASS,Packet empirical_bounds supplies qualifying evidence for PO11 on this axis.,,
C19,F_FORMAL,PO16,M,PASS,Packet provenance_evidence supplies qualifying evidence for PO16 on this axis.,,
C19,M_MECHANISTIC,PO00,M,PASS,Packet grounding_evidence/provenance_evidence supplies qualifying evidence for PO00 on this axis.,,
C19,M_MECHANISTIC,PO01,M,PASS,Packet mapping_evidence supplies qualifying evidence for PO01 on this axis.,,
C19,M_MECHANISTIC,PO02,M,PASS,Packet mapping_evidence supplies qualifying evidence for PO02 on this axis.,,
C19,M_MECHANISTIC,PO03,M,PASS,Packet mapping_evidence/formal_evidence supplies qualifying evidence for PO03 on this axis.,,
C19,M_MECHANISTIC,PO04,M,PASS,Packet formal_evidence supplies qualifying evidence for PO04 on this axis.,,
C19,M_MECHANISTIC,PO05,C,PASS,Packet formal_evidence/parameter_calibration supplies qualifying evidence for PO05 on this axis.,,
C19,M_MECHANISTIC,PO06,M,PASS,Packet assumptions_and_regime supplies qualifying evidence for PO06 on this axis.,,
C19,M_MECHANISTIC,PO07,M,PASS,Packet assumptions_and_regime supplies qualifying evidence for PO07 on this axis.,,
C19,M_MECHANISTIC,PO08,M,PASS,Packet mechanism_evidence supplies qualifying evidence for PO08 on this axis.,,
C19,M_MECHANISTIC,PO09,M,PASS,Packet formal_evidence/assumptions_and_regime supplies qualifying evidence for PO09 on this axis.,,
C19,M_MECHANISTIC,PO10,M,PASS,Packet parameter_calibration supplies qualifying evidence for PO10 on this axis.,,
C19,M_MECHANISTIC,PO11,M,PASS,Packet empirical_bounds supplies qualifying evidence for PO11 on this axis.,,
C19,M_MECHANISTIC,PO12,C,PASS,Packet uncertainty_evidence supplies qualifying evidence for PO12 on this axis.,,
C19,M_MECHANISTIC,PO16,M,PASS,Packet provenance_evidence supplies qualifying evidence for PO16 on this axis.,,
C19,P_PREDICTIVE,PO00,M,PASS,Packet grounding_evidence/provenance_evidence supplies qualifying evidence for PO00 on this axis.,,
C19,P_PREDICTIVE,PO01,M,PASS,Packet mapping_evidence supplies qualifying evidence for PO01 on this axis.,,
C19,P_PREDICTIVE,PO02,M,PASS,Packet mapping_evidence supplies qualifying evidence for PO02 on this axis.,,
C19,P_PREDICTIVE,PO03,M,PASS,Packet mapping_evidence/formal_evidence supplies qualifying evidence for PO03 on this axis.,,
C19,P_PREDICTIVE,PO04,M,PASS,Packet formal_evidence supplies qualifying evidence for PO04 on this axis.,,
C19,P_PREDICTIVE,PO05,C,PASS,Packet formal_evidence/parameter_calibration supplies qualifying evidence for PO05 on this axis.,,
C19,P_PREDICTIVE,PO06,M,PASS,Packet assumptions_and_regime supplies qualifying evidence for PO06 on this axis.,,
C19,P_PREDICTIVE,PO07,M,PASS,Packet assumptions_and_regime supplies qualifying evidence for PO07 on this axis.,,
C19,P_PREDICTIVE,PO08,C,PASS,Packet mechanism_evidence supplies qualifying evidence for PO08 on this axis.,,
C19,P_PREDICTIVE,PO09,C,PASS,Packet formal_evidence/assumptions_and_regime supplies qualifying evidence for PO09 on this axis.,,
C19,P_PREDICTIVE,PO10,C,PASS,Packet parameter_calibration supplies qualifying evidence for PO10 on this axis.,,
C19,P_PREDICTIVE,PO11,M,PASS,Packet empirical_bounds supplies qualifying evidence for PO11 on this axis.,,
C19,P_PREDICTIVE,PO12,M,PASS,Packet uncertainty_evidence supplies qualifying evidence for PO12 on this axis.,,
C19,P_PREDICTIVE,PO13,M,PASS,Packet prediction_evidence supplies qualifying evidence for PO13 on this axis.,,
C19,P_PREDICTIVE,PO14,M,PASS,Packet falsification_evidence supplies qualifying evidence for PO14 on this axis.,,
C19,P_PREDICTIVE,PO15,C,NOT_APPLICABLE,NOT_APPLICABLE: no novelty claim is frozen.,,
C19,P_PREDICTIVE,PO16,M,PASS,Packet provenance_evidence supplies qualifying evidence for PO16 on this axis.,,
C19,V_VALIDATED,PO00,M,PASS,Packet grounding_evidence/provenance_evidence supplies qualifying evidence for PO00 on this axis.,,
C19,V_VALIDATED,PO01,M,PASS,Packet mapping_evidence supplies qualifying evidence for PO01 on this axis.,,
C19,V_VALIDATED,PO02,M,PASS,Packet mapping_evidence supplies qualifying evidence for PO02 on this axis.,,
C19,V_VALIDATED,PO03,M,PASS,Packet mapping_evidence/formal_evidence supplies qualifying evidence for PO03 on this axis.,,
C19,V_VALIDATED,PO04,M,PASS,Packet formal_evidence supplies qualifying evidence for PO04 on this axis.,,
C19,V_VALIDATED,PO05,C,PASS,Packet formal_evidence/parameter_calibration supplies qualifying evidence for PO05 on this axis.,,
C19,V_VALIDATED,PO06,M,PASS,Packet assumptions_and_regime supplies qualifying evidence for PO06 on this axis.,,
C19,V_VALIDATED,PO07,M,PASS,Packet assumptions_and_regime supplies qualifying evidence for PO07 on this axis.,,
C19,V_VALIDATED,PO08,C,PASS,Packet mechanism_evidence supplies qualifying evidence for PO08 on this axis.,,
C19,V_VALIDATED,PO09,C,PASS,Packet formal_evidence/assumptions_and_regime supplies qualifying evidence for PO09 on this axis.,,
C19,V_VALIDATED,PO10,C,PASS,Packet parameter_calibration supplies qualifying evidence for PO10 on this axis.,,
C19,V_VALIDATED,PO11,M,PASS,Packet empirical_bounds supplies qualifying evidence for PO11 on this axis.,,
C19,V_VALIDATED,PO12,M,PASS,Packet uncertainty_evidence supplies qualifying evidence for PO12 on this axis.,,
C19,V_VALIDATED,PO13,M,PASS,Packet prediction_evidence supplies qualifying evidence for PO13 on this axis.,,
C19,V_VALIDATED,PO14,M,PASS,Packet falsification_evidence supplies qualifying evidence for PO14 on this axis.,,
C19,V_VALIDATED,PO15,C,NOT_APPLICABLE,NOT_APPLICABLE: no novelty claim is frozen.,,
C19,V_VALIDATED,PO16,M,PASS,Packet provenance_evidence supplies qualifying evidence for PO16 on this axis.,,
C19,V_VALIDATED,PO17,M,PASS,Packet validation_evidence supplies qualifying evidence for PO17 on this axis.,,
C20,S_STRUCTURAL,PO00,M,PASS,Packet grounding_evidence/provenance_evidence supplies qualifying evidence for PO00 on this axis.,,
C20,S_STRUCTURAL,PO01,M,PASS,Packet mapping_evidence supplies qualifying evidence for PO01 on this axis.,,
C20,S_STRUCTURAL,PO02,M,PASS,Packet mapping_evidence supplies qualifying evidence for PO02 on this axis.,,
C20,S_STRUCTURAL,PO03,M,PASS,Packet mapping_evidence/formal_evidence supplies qualifying evidence for PO03 on this axis.,,
C20,S_STRUCTURAL,PO16,M,PASS,Packet provenance_evidence supplies qualifying evidence for PO16 on this axis.,,
C20,F_FORMAL,PO00,M,PASS,Packet grounding_evidence/provenance_evidence supplies qualifying evidence for PO00 on this axis.,,
C20,F_FORMAL,PO01,M,PASS,Packet mapping_evidence supplies qualifying evidence for PO01 on this axis.,,
C20,F_FORMAL,PO02,M,PASS,Packet mapping_evidence supplies qualifying evidence for PO02 on this axis.,,
C20,F_FORMAL,PO03,M,PASS,Packet mapping_evidence/formal_evidence supplies qualifying evidence for PO03 on this axis.,,
C20,F_FORMAL,PO04,M,FAIL,Packet formal_evidence directly contradicts or fails the asserted transfer for PO04; this is a local failure.,,IA04_FORMAL_DOMAIN_ERROR
C20,F_FORMAL,PO05,C,PASS,Packet formal_evidence/parameter_calibration supplies qualifying evidence for PO05 on this axis.,,
C20,F_FORMAL,PO06,M,FAIL,Packet assumptions_and_regime directly contradicts or fails the asserted transfer for PO06; this is a local failure.,,IA06_ASSUMPTION_LAUNDERING
C20,F_FORMAL,PO07,M,FAIL,Packet assumptions_and_regime directly contradicts or fails the asserted transfer for PO07; this is a local failure.,,IA07_REGIME_EXTRAPOLATION
C20,F_FORMAL,PO09,C,NOT_APPLICABLE,"NOT_APPLICABLE: no material invariant, normalization, or conservation law is used.",,
C20,F_FORMAL,PO10,C,FAIL,Packet parameter_calibration directly contradicts or fails the asserted transfer for PO10; this is a local failure.,,IA11_PARAMETER_SMUGGLING
C20,F_FORMAL,PO11,C,FAIL,Packet empirical_bounds directly contradicts or fails the asserted transfer for PO11; this is a local failure.,,IA12_EMPIRICAL_COLLISION
C20,F_FORMAL,PO16,M,PASS,Packet provenance_evidence supplies qualifying evidence for PO16 on this axis.,,
C20,M_MECHANISTIC,PO00,M,PASS,Packet grounding_evidence/provenance_evidence supplies qualifying evidence for PO00 on this axis.,,
C20,M_MECHANISTIC,PO01,M,PASS,Packet mapping_evidence supplies qualifying evidence for PO01 on this axis.,,
C20,M_MECHANISTIC,PO02,M,PASS,Packet mapping_evidence supplies qualifying evidence for PO02 on this axis.,,
C20,M_MECHANISTIC,PO03,M,PASS,Packet mapping_evidence/formal_evidence supplies qualifying evidence for PO03 on this axis.,,
C20,M_MECHANISTIC,PO04,M,FAIL,Packet formal_evidence directly contradicts or fails the asserted transfer for PO04; this is a local failure.,,IA04_FORMAL_DOMAIN_ERROR
C20,M_MECHANISTIC,PO05,C,PASS,Packet formal_evidence/parameter_calibration supplies qualifying evidence for PO05 on this axis.,,
C20,M_MECHANISTIC,PO06,M,FAIL,Packet assumptions_and_regime directly contradicts or fails the asserted transfer for PO06; this is a local failure.,,IA06_ASSUMPTION_LAUNDERING
C20,M_MECHANISTIC,PO07,M,FAIL,Packet assumptions_and_regime directly contradicts or fails the asserted transfer for PO07; this is a local failure.,,IA07_REGIME_EXTRAPOLATION
C20,M_MECHANISTIC,PO08,M,FAIL,Packet mechanism_evidence directly contradicts or fails the asserted transfer for PO08; this is a local failure.,,IA08_MECHANISM_SMUGGLING;IA13_ONTOLOGICAL_IDENTITY_ERROR
C20,M_MECHANISTIC,PO09,M,PASS,Packet formal_evidence/assumptions_and_regime supplies qualifying evidence for PO09 on this axis.,,
C20,M_MECHANISTIC,PO10,M,FAIL,Packet parameter_calibration directly contradicts or fails the asserted transfer for PO10; this is a local failure.,,IA11_PARAMETER_SMUGGLING
C20,M_MECHANISTIC,PO11,M,FAIL,Packet empirical_bounds directly contradicts or fails the asserted transfer for PO11; this is a local failure.,,IA12_EMPIRICAL_COLLISION
C20,M_MECHANISTIC,PO12,C,NOT_APPLICABLE,NOT_APPLICABLE: no quantitative mechanistic uncertainty claim is made.,,
C20,M_MECHANISTIC,PO16,M,PASS,Packet provenance_evidence supplies qualifying evidence for PO16 on this axis.,,
