case_id,axis,axis_claim,obligation_id,requirement_mode,status,rationale,evidence_field,failure_family,suggested_ia_codes
V01,S_STRUCTURAL,The flux-gradient/conservation roles in heat conduction have a meaningful structural correspondence to liquid diffusion.,PO00,M,PASS,Frozen grounding_evidence supports PO00 for the S claim.,grounding_evidence,,
V01,S_STRUCTURAL,The flux-gradient/conservation roles in heat conduction have a meaningful structural correspondence to liquid diffusion.,PO01,M,PASS,Frozen mapping_evidence supports PO01 for the S claim.,mapping_evidence,,
V01,S_STRUCTURAL,The flux-gradient/conservation roles in heat conduction have a meaningful structural correspondence to liquid diffusion.,PO02,M,PASS,Frozen mapping_evidence supports PO02 for the S claim.,mapping_evidence,,
V01,S_STRUCTURAL,The flux-gradient/conservation roles in heat conduction have a meaningful structural correspondence to liquid diffusion.,PO03,M,PASS,Frozen mapping_evidence supports PO03 for the S claim.,mapping_evidence,,
V01,S_STRUCTURAL,The flux-gradient/conservation roles in heat conduction have a meaningful structural correspondence to liquid diffusion.,PO16,M,PASS,Frozen provenance_evidence supports PO16 for the S claim.,provenance_evidence,,
V01,F_FORMAL,Fourier-type flux-gradient plus continuity structure translates into Fickian diffusion with target-specific coefficient and units.,PO00,M,PASS,Frozen grounding_evidence supports PO00 for the F claim.,grounding_evidence,,
V01,F_FORMAL,Fourier-type flux-gradient plus continuity structure translates into Fickian diffusion with target-specific coefficient and units.,PO01,M,PASS,Frozen mapping_evidence supports PO01 for the F claim.,mapping_evidence,,
V01,F_FORMAL,Fourier-type flux-gradient plus continuity structure translates into Fickian diffusion with target-specific coefficient and units.,PO02,M,PASS,Frozen mapping_evidence supports PO02 for the F claim.,mapping_evidence,,
V01,F_FORMAL,Fourier-type flux-gradient plus continuity structure translates into Fickian diffusion with target-specific coefficient and units.,PO03,M,PASS,Frozen mapping_evidence supports PO03 for the F claim.,mapping_evidence,,
V01,F_FORMAL,Fourier-type flux-gradient plus continuity structure translates into Fickian diffusion with target-specific coefficient and units.,PO04,M,PASS,Frozen formal_evidence supports PO04 for the F claim.,formal_evidence,,
V01,F_FORMAL,Fourier-type flux-gradient plus continuity structure translates into Fickian diffusion with target-specific coefficient and units.,PO05,C,PASS,Frozen formal_evidence supports PO05 for the F claim.,formal_evidence,,
V01,F_FORMAL,Fourier-type flux-gradient plus continuity structure translates into Fickian diffusion with target-specific coefficient and units.,PO06,M,PASS,Frozen assumptions_and_regime supports PO06 for the F claim.,assumptions_and_regime,,
V01,F_FORMAL,Fourier-type flux-gradient plus continuity structure translates into Fickian diffusion with target-specific coefficient and units.,PO07,M,PASS,Frozen assumptions_and_regime supports PO07 for the F claim.,assumptions_and_regime,,
V01,F_FORMAL,Fourier-type flux-gradient plus continuity structure translates into Fickian diffusion with target-specific coefficient and units.,PO09,C,PASS,Frozen assumptions_and_regime supports PO09 for the F claim.,assumptions_and_regime,,
V01,F_FORMAL,Fourier-type flux-gradient plus continuity structure translates into Fickian diffusion with target-specific coefficient and units.,PO10,C,PASS,Frozen parameter_calibration supports PO10 for the F claim.,parameter_calibration,,
V01,F_FORMAL,Fourier-type flux-gradient plus continuity structure translates into Fickian diffusion with target-specific coefficient and units.,PO11,C,PASS,Frozen empirical_bounds supports PO11 for the F claim.,empirical_bounds,,
V01,F_FORMAL,Fourier-type flux-gradient plus continuity structure translates into Fickian diffusion with target-specific coefficient and units.,PO16,M,PASS,Frozen provenance_evidence supports PO16 for the F claim.,provenance_evidence,,
V01,M_MECHANISTIC,"In the target, molecular solute transport instantiates concentration-gradient-driven diffusion; the heat mechanism itself is not copied.",PO00,M,PASS,Frozen grounding_evidence supports PO00 for the M claim.,grounding_evidence,,
V01,M_MECHANISTIC,"In the target, molecular solute transport instantiates concentration-gradient-driven diffusion; the heat mechanism itself is not copied.",PO01,M,PASS,Frozen mapping_evidence supports PO01 for the M claim.,mapping_evidence,,
V01,M_MECHANISTIC,"In the target, molecular solute transport instantiates concentration-gradient-driven diffusion; the heat mechanism itself is not copied.",PO02,M,PASS,Frozen mapping_evidence supports PO02 for the M claim.,mapping_evidence,,
V01,M_MECHANISTIC,"In the target, molecular solute transport instantiates concentration-gradient-driven diffusion; the heat mechanism itself is not copied.",PO03,M,PASS,Frozen mapping_evidence supports PO03 for the M claim.,mapping_evidence,,
V01,M_MECHANISTIC,"In the target, molecular solute transport instantiates concentration-gradient-driven diffusion; the heat mechanism itself is not copied.",PO04,M,PASS,Frozen formal_evidence supports PO04 for the M claim.,formal_evidence,,
V01,M_MECHANISTIC,"In the target, molecular solute transport instantiates concentration-gradient-driven diffusion; the heat mechanism itself is not copied.",PO05,C,PASS,Frozen formal_evidence supports PO05 for the M claim.,formal_evidence,,
V01,M_MECHANISTIC,"In the target, molecular solute transport instantiates concentration-gradient-driven diffusion; the heat mechanism itself is not copied.",PO06,M,PASS,Frozen assumptions_and_regime supports PO06 for the M claim.,assumptions_and_regime,,
V01,M_MECHANISTIC,"In the target, molecular solute transport instantiates concentration-gradient-driven diffusion; the heat mechanism itself is not copied.",PO07,M,PASS,Frozen assumptions_and_regime supports PO07 for the M claim.,assumptions_and_regime,,
V01,M_MECHANISTIC,"In the target, molecular solute transport instantiates concentration-gradient-driven diffusion; the heat mechanism itself is not copied.",PO08,M,PASS,Frozen mechanism_evidence supports PO08 for the M claim.,mechanism_evidence,,
V01,M_MECHANISTIC,"In the target, molecular solute transport instantiates concentration-gradient-driven diffusion; the heat mechanism itself is not copied.",PO09,M,PASS,Frozen assumptions_and_regime supports PO09 for the M claim.,assumptions_and_regime,,
V01,M_MECHANISTIC,"In the target, molecular solute transport instantiates concentration-gradient-driven diffusion; the heat mechanism itself is not copied.",PO10,M,PASS,Frozen parameter_calibration supports PO10 for the M claim.,parameter_calibration,,
V01,M_MECHANISTIC,"In the target, molecular solute transport instantiates concentration-gradient-driven diffusion; the heat mechanism itself is not copied.",PO11,M,PASS,Frozen empirical_bounds supports PO11 for the M claim.,empirical_bounds,,
V01,M_MECHANISTIC,"In the target, molecular solute transport instantiates concentration-gradient-driven diffusion; the heat mechanism itself is not copied.",PO12,C,NOT_APPLICABLE,PO12 is conditional on M and is not activated by this frozen claim; reason is explicit in the evidence bundle.,uncertainty_evidence,,
V01,M_MECHANISTIC,"In the target, molecular solute transport instantiates concentration-gradient-driven diffusion; the heat mechanism itself is not copied.",PO16,M,PASS,Frozen provenance_evidence supports PO16 for the M claim.,provenance_evidence,,
V01,P_PREDICTIVE,"The target law predicts concentration profiles/flux for specified boundaries, initial conditions, and D.",PO00,M,PASS,Frozen grounding_evidence supports PO00 for the P claim.,grounding_evidence,,
V01,P_PREDICTIVE,"The target law predicts concentration profiles/flux for specified boundaries, initial conditions, and D.",PO01,M,PASS,Frozen mapping_evidence supports PO01 for the P claim.,mapping_evidence,,
V01,P_PREDICTIVE,"The target law predicts concentration profiles/flux for specified boundaries, initial conditions, and D.",PO02,M,PASS,Frozen mapping_evidence supports PO02 for the P claim.,mapping_evidence,,
V01,P_PREDICTIVE,"The target law predicts concentration profiles/flux for specified boundaries, initial conditions, and D.",PO03,M,PASS,Frozen mapping_evidence supports PO03 for the P claim.,mapping_evidence,,
V01,P_PREDICTIVE,"The target law predicts concentration profiles/flux for specified boundaries, initial conditions, and D.",PO04,M,PASS,Frozen formal_evidence supports PO04 for the P claim.,formal_evidence,,
V01,P_PREDICTIVE,"The target law predicts concentration profiles/flux for specified boundaries, initial conditions, and D.",PO05,C,PASS,Frozen formal_evidence supports PO05 for the P claim.,formal_evidence,,
V01,P_PREDICTIVE,"The target law predicts concentration profiles/flux for specified boundaries, initial conditions, and D.",PO06,M,PASS,Frozen assumptions_and_regime supports PO06 for the P claim.,assumptions_and_regime,,
V01,P_PREDICTIVE,"The target law predicts concentration profiles/flux for specified boundaries, initial conditions, and D.",PO07,M,PASS,Frozen assumptions_and_regime supports PO07 for the P claim.,assumptions_and_regime,,
V01,P_PREDICTIVE,"The target law predicts concentration profiles/flux for specified boundaries, initial conditions, and D.",PO08,C,PASS,Frozen mechanism_evidence supports PO08 for the P claim.,mechanism_evidence,,
V01,P_PREDICTIVE,"The target law predicts concentration profiles/flux for specified boundaries, initial conditions, and D.",PO09,C,PASS,Frozen assumptions_and_regime supports PO09 for the P claim.,assumptions_and_regime,,
V01,P_PREDICTIVE,"The target law predicts concentration profiles/flux for specified boundaries, initial conditions, and D.",PO10,C,PASS,Frozen parameter_calibration supports PO10 for the P claim.,parameter_calibration,,
V01,P_PREDICTIVE,"The target law predicts concentration profiles/flux for specified boundaries, initial conditions, and D.",PO11,M,PASS,Frozen empirical_bounds supports PO11 for the P claim.,empirical_bounds,,
V01,P_PREDICTIVE,"The target law predicts concentration profiles/flux for specified boundaries, initial conditions, and D.",PO12,M,PASS,Frozen uncertainty_evidence supports PO12 for the P claim.,uncertainty_evidence,,
V01,P_PREDICTIVE,"The target law predicts concentration profiles/flux for specified boundaries, initial conditions, and D.",PO13,M,PASS,Frozen prediction_evidence supports PO13 for the P claim.,prediction_evidence,,
V01,P_PREDICTIVE,"The target law predicts concentration profiles/flux for specified boundaries, initial conditions, and D.",PO14,M,PASS,Frozen falsification_evidence supports PO14 for the P claim.,falsification_evidence,,
V01,P_PREDICTIVE,"The target law predicts concentration profiles/flux for specified boundaries, initial conditions, and D.",PO15,C,NOT_APPLICABLE,PO15 is conditional on P and is not activated by this frozen claim; reason is explicit in the evidence bundle.,provenance_evidence,,
V01,P_PREDICTIVE,"The target law predicts concentration profiles/flux for specified boundaries, initial conditions, and D.",PO16,M,PASS,Frozen provenance_evidence supports PO16 for the P claim.,provenance_evidence,,
V01,V_VALIDATED,The frozen Fick experimental evidence qualifies as a checkable target-domain validation of the P claim.,PO00,M,PASS,Frozen grounding_evidence supports PO00 for the V claim.,grounding_evidence,,
V01,V_VALIDATED,The frozen Fick experimental evidence qualifies as a checkable target-domain validation of the P claim.,PO01,M,PASS,Frozen mapping_evidence supports PO01 for the V claim.,mapping_evidence,,
V01,V_VALIDATED,The frozen Fick experimental evidence qualifies as a checkable target-domain validation of the P claim.,PO02,M,PASS,Frozen mapping_evidence supports PO02 for the V claim.,mapping_evidence,,
V01,V_VALIDATED,The frozen Fick experimental evidence qualifies as a checkable target-domain validation of the P claim.,PO03,M,PASS,Frozen mapping_evidence supports PO03 for the V claim.,mapping_evidence,,
V01,V_VALIDATED,The frozen Fick experimental evidence qualifies as a checkable target-domain validation of the P claim.,PO04,M,PASS,Frozen formal_evidence supports PO04 for the V claim.,formal_evidence,,
V01,V_VALIDATED,The frozen Fick experimental evidence qualifies as a checkable target-domain validation of the P claim.,PO05,C,PASS,Frozen formal_evidence supports PO05 for the V claim.,formal_evidence,,
V01,V_VALIDATED,The frozen Fick experimental evidence qualifies as a checkable target-domain validation of the P claim.,PO06,M,PASS,Frozen assumptions_and_regime supports PO06 for the V claim.,assumptions_and_regime,,
V01,V_VALIDATED,The frozen Fick experimental evidence qualifies as a checkable target-domain validation of the P claim.,PO07,M,PASS,Frozen assumptions_and_regime supports PO07 for the V claim.,assumptions_and_regime,,
V01,V_VALIDATED,The frozen Fick experimental evidence qualifies as a checkable target-domain validation of the P claim.,PO08,C,PASS,Frozen mechanism_evidence supports PO08 for the V claim.,mechanism_evidence,,
V01,V_VALIDATED,The frozen Fick experimental evidence qualifies as a checkable target-domain validation of the P claim.,PO09,C,PASS,Frozen assumptions_and_regime supports PO09 for the V claim.,assumptions_and_regime,,
V01,V_VALIDATED,The frozen Fick experimental evidence qualifies as a checkable target-domain validation of the P claim.,PO10,C,PASS,Frozen parameter_calibration supports PO10 for the V claim.,parameter_calibration,,
V01,V_VALIDATED,The frozen Fick experimental evidence qualifies as a checkable target-domain validation of the P claim.,PO11,M,PASS,Frozen empirical_bounds supports PO11 for the V claim.,empirical_bounds,,
V01,V_VALIDATED,The frozen Fick experimental evidence qualifies as a checkable target-domain validation of the P claim.,PO12,M,PASS,Frozen uncertainty_evidence supports PO12 for the V claim.,uncertainty_evidence,,
V01,V_VALIDATED,The frozen Fick experimental evidence qualifies as a checkable target-domain validation of the P claim.,PO13,M,PASS,Frozen prediction_evidence supports PO13 for the V claim.,prediction_evidence,,
V01,V_VALIDATED,The frozen Fick experimental evidence qualifies as a checkable target-domain validation of the P claim.,PO14,M,PASS,Frozen falsification_evidence supports PO14 for the V claim.,falsification_evidence,,
V01,V_VALIDATED,The frozen Fick experimental evidence qualifies as a checkable target-domain validation of the P claim.,PO15,C,NOT_APPLICABLE,PO15 is conditional on V and is not activated by this frozen claim; reason is explicit in the evidence bundle.,provenance_evidence,,
V01,V_VALIDATED,The frozen Fick experimental evidence qualifies as a checkable target-domain validation of the P claim.,PO16,M,PASS,Frozen provenance_evidence supports PO16 for the V claim.,provenance_evidence,,
V01,V_VALIDATED,The frozen Fick experimental evidence qualifies as a checkable target-domain validation of the P claim.,PO17,M,PASS,Frozen validation_evidence supports PO17 for the V claim.,validation_evidence,,
V02,S_STRUCTURAL,A membrane can be represented structurally as capacitive storage plus parallel current pathways.,PO00,M,PASS,Frozen grounding_evidence supports PO00 for the S claim.,grounding_evidence,,
V02,S_STRUCTURAL,A membrane can be represented structurally as capacitive storage plus parallel current pathways.,PO01,M,PASS,Frozen mapping_evidence supports PO01 for the S claim.,mapping_evidence,,
V02,S_STRUCTURAL,A membrane can be represented structurally as capacitive storage plus parallel current pathways.,PO02,M,PASS,Frozen mapping_evidence supports PO02 for the S claim.,mapping_evidence,,
V02,S_STRUCTURAL,A membrane can be represented structurally as capacitive storage plus parallel current pathways.,PO03,M,PASS,Frozen mapping_evidence supports PO03 for the S claim.,mapping_evidence,,
V02,S_STRUCTURAL,A membrane can be represented structurally as capacitive storage plus parallel current pathways.,PO16,M,PASS,Frozen provenance_evidence supports PO16 for the S claim.,provenance_evidence,,
V02,F_FORMAL,Circuit current balance and voltage-dependent conductance equations are valid target-domain equations.,PO00,M,PASS,Frozen grounding_evidence supports PO00 for the F claim.,grounding_evidence,,
V02,F_FORMAL,Circuit current balance and voltage-dependent conductance equations are valid target-domain equations.,PO01,M,PASS,Frozen mapping_evidence supports PO01 for the F claim.,mapping_evidence,,
V02,F_FORMAL,Circuit current balance and voltage-dependent conductance equations are valid target-domain equations.,PO02,M,PASS,Frozen mapping_evidence supports PO02 for the F claim.,mapping_evidence,,
V02,F_FORMAL,Circuit current balance and voltage-dependent conductance equations are valid target-domain equations.,PO03,M,PASS,Frozen mapping_evidence supports PO03 for the F claim.,mapping_evidence,,
V02,F_FORMAL,Circuit current balance and voltage-dependent conductance equations are valid target-domain equations.,PO04,M,PASS,Frozen formal_evidence supports PO04 for the F claim.,formal_evidence,,
V02,F_FORMAL,Circuit current balance and voltage-dependent conductance equations are valid target-domain equations.,PO05,C,PASS,Frozen formal_evidence supports PO05 for the F claim.,formal_evidence,,
V02,F_FORMAL,Circuit current balance and voltage-dependent conductance equations are valid target-domain equations.,PO06,M,PASS,Frozen assumptions_and_regime supports PO06 for the F claim.,assumptions_and_regime,,
V02,F_FORMAL,Circuit current balance and voltage-dependent conductance equations are valid target-domain equations.,PO07,M,PASS,Frozen assumptions_and_regime supports PO07 for the F claim.,assumptions_and_regime,,
V02,F_FORMAL,Circuit current balance and voltage-dependent conductance equations are valid target-domain equations.,PO09,C,PASS,Frozen assumptions_and_regime supports PO09 for the F claim.,assumptions_and_regime,,
V02,F_FORMAL,Circuit current balance and voltage-dependent conductance equations are valid target-domain equations.,PO10,C,PASS,Frozen parameter_calibration supports PO10 for the F claim.,parameter_calibration,,
V02,F_FORMAL,Circuit current balance and voltage-dependent conductance equations are valid target-domain equations.,PO11,C,PASS,Frozen empirical_bounds supports PO11 for the F claim.,empirical_bounds,,
V02,F_FORMAL,Circuit current balance and voltage-dependent conductance equations are valid target-domain equations.,PO16,M,PASS,Frozen provenance_evidence supports PO16 for the F claim.,provenance_evidence,,
V02,M_MECHANISTIC,Membrane capacitance and ionic conductances instantiate the modeled electrical mechanism in the squid axon.,PO00,M,PASS,Frozen grounding_evidence supports PO00 for the M claim.,grounding_evidence,,
V02,M_MECHANISTIC,Membrane capacitance and ionic conductances instantiate the modeled electrical mechanism in the squid axon.,PO01,M,PASS,Frozen mapping_evidence supports PO01 for the M claim.,mapping_evidence,,
V02,M_MECHANISTIC,Membrane capacitance and ionic conductances instantiate the modeled electrical mechanism in the squid axon.,PO02,M,PASS,Frozen mapping_evidence supports PO02 for the M claim.,mapping_evidence,,
V02,M_MECHANISTIC,Membrane capacitance and ionic conductances instantiate the modeled electrical mechanism in the squid axon.,PO03,M,PASS,Frozen mapping_evidence supports PO03 for the M claim.,mapping_evidence,,
V02,M_MECHANISTIC,Membrane capacitance and ionic conductances instantiate the modeled electrical mechanism in the squid axon.,PO04,M,PASS,Frozen formal_evidence supports PO04 for the M claim.,formal_evidence,,
V02,M_MECHANISTIC,Membrane capacitance and ionic conductances instantiate the modeled electrical mechanism in the squid axon.,PO05,C,PASS,Frozen formal_evidence supports PO05 for the M claim.,formal_evidence,,
V02,M_MECHANISTIC,Membrane capacitance and ionic conductances instantiate the modeled electrical mechanism in the squid axon.,PO06,M,PASS,Frozen assumptions_and_regime supports PO06 for the M claim.,assumptions_and_regime,,
V02,M_MECHANISTIC,Membrane capacitance and ionic conductances instantiate the modeled electrical mechanism in the squid axon.,PO07,M,PASS,Frozen assumptions_and_regime supports PO07 for the M claim.,assumptions_and_regime,,
V02,M_MECHANISTIC,Membrane capacitance and ionic conductances instantiate the modeled electrical mechanism in the squid axon.,PO08,M,PASS,Frozen mechanism_evidence supports PO08 for the M claim.,mechanism_evidence,,
V02,M_MECHANISTIC,Membrane capacitance and ionic conductances instantiate the modeled electrical mechanism in the squid axon.,PO09,M,PASS,Frozen assumptions_and_regime supports PO09 for the M claim.,assumptions_and_regime,,
V02,M_MECHANISTIC,Membrane capacitance and ionic conductances instantiate the modeled electrical mechanism in the squid axon.,PO10,M,PASS,Frozen parameter_calibration supports PO10 for the M claim.,parameter_calibration,,
V02,M_MECHANISTIC,Membrane capacitance and ionic conductances instantiate the modeled electrical mechanism in the squid axon.,PO11,M,PASS,Frozen empirical_bounds supports PO11 for the M claim.,empirical_bounds,,
V02,M_MECHANISTIC,Membrane capacitance and ionic conductances instantiate the modeled electrical mechanism in the squid axon.,PO12,C,NOT_APPLICABLE,PO12 is conditional on M and is not activated by this frozen claim; reason is explicit in the evidence bundle.,uncertainty_evidence,,
V02,M_MECHANISTIC,Membrane capacitance and ionic conductances instantiate the modeled electrical mechanism in the squid axon.,PO16,M,PASS,Frozen provenance_evidence supports PO16 for the M claim.,provenance_evidence,,
V02,P_PREDICTIVE,The model predicts ionic currents and action-potential voltage trajectories under specified conditions.,PO00,M,PASS,Frozen grounding_evidence supports PO00 for the P claim.,grounding_evidence,,
V02,P_PREDICTIVE,The model predicts ionic currents and action-potential voltage trajectories under specified conditions.,PO01,M,PASS,Frozen mapping_evidence supports PO01 for the P claim.,mapping_evidence,,
V02,P_PREDICTIVE,The model predicts ionic currents and action-potential voltage trajectories under specified conditions.,PO02,M,PASS,Frozen mapping_evidence supports PO02 for the P claim.,mapping_evidence,,
V02,P_PREDICTIVE,The model predicts ionic currents and action-potential voltage trajectories under specified conditions.,PO03,M,PASS,Frozen mapping_evidence supports PO03 for the P claim.,mapping_evidence,,
V02,P_PREDICTIVE,The model predicts ionic currents and action-potential voltage trajectories under specified conditions.,PO04,M,PASS,Frozen formal_evidence supports PO04 for the P claim.,formal_evidence,,
V02,P_PREDICTIVE,The model predicts ionic currents and action-potential voltage trajectories under specified conditions.,PO05,C,PASS,Frozen formal_evidence supports PO05 for the P claim.,formal_evidence,,
V02,P_PREDICTIVE,The model predicts ionic currents and action-potential voltage trajectories under specified conditions.,PO06,M,PASS,Frozen assumptions_and_regime supports PO06 for the P claim.,assumptions_and_regime,,
V02,P_PREDICTIVE,The model predicts ionic currents and action-potential voltage trajectories under specified conditions.,PO07,M,PASS,Frozen assumptions_and_regime supports PO07 for the P claim.,assumptions_and_regime,,
V02,P_PREDICTIVE,The model predicts ionic currents and action-potential voltage trajectories under specified conditions.,PO08,C,PASS,Frozen mechanism_evidence supports PO08 for the P claim.,mechanism_evidence,,
V02,P_PREDICTIVE,The model predicts ionic currents and action-potential voltage trajectories under specified conditions.,PO09,C,PASS,Frozen assumptions_and_regime supports PO09 for the P claim.,assumptions_and_regime,,
V02,P_PREDICTIVE,The model predicts ionic currents and action-potential voltage trajectories under specified conditions.,PO10,C,PASS,Frozen parameter_calibration supports PO10 for the P claim.,parameter_calibration,,
V02,P_PREDICTIVE,The model predicts ionic currents and action-potential voltage trajectories under specified conditions.,PO11,M,PASS,Frozen empirical_bounds supports PO11 for the P claim.,empirical_bounds,,
V02,P_PREDICTIVE,The model predicts ionic currents and action-potential voltage trajectories under specified conditions.,PO12,M,PASS,Frozen uncertainty_evidence supports PO12 for the P claim.,uncertainty_evidence,,
V02,P_PREDICTIVE,The model predicts ionic currents and action-potential voltage trajectories under specified conditions.,PO13,M,PASS,Frozen prediction_evidence supports PO13 for the P claim.,prediction_evidence,,
V02,P_PREDICTIVE,The model predicts ionic currents and action-potential voltage trajectories under specified conditions.,PO14,M,PASS,Frozen falsification_evidence supports PO14 for the P claim.,falsification_evidence,,
V02,P_PREDICTIVE,The model predicts ionic currents and action-potential voltage trajectories under specified conditions.,PO15,C,NOT_APPLICABLE,PO15 is conditional on P and is not activated by this frozen claim; reason is explicit in the evidence bundle.,provenance_evidence,,
V02,P_PREDICTIVE,The model predicts ionic currents and action-potential voltage trajectories under specified conditions.,PO16,M,PASS,Frozen provenance_evidence supports PO16 for the P claim.,provenance_evidence,,
V02,V_VALIDATED,Frozen electrophysiology/model-comparison evidence provides a qualifying validation test.,PO00,M,PASS,Frozen grounding_evidence supports PO00 for the V claim.,grounding_evidence,,
V02,V_VALIDATED,Frozen electrophysiology/model-comparison evidence provides a qualifying validation test.,PO01,M,PASS,Frozen mapping_evidence supports PO01 for the V claim.,mapping_evidence,,
V02,V_VALIDATED,Frozen electrophysiology/model-comparison evidence provides a qualifying validation test.,PO02,M,PASS,Frozen mapping_evidence supports PO02 for the V claim.,mapping_evidence,,
V02,V_VALIDATED,Frozen electrophysiology/model-comparison evidence provides a qualifying validation test.,PO03,M,PASS,Frozen mapping_evidence supports PO03 for the V claim.,mapping_evidence,,
V02,V_VALIDATED,Frozen electrophysiology/model-comparison evidence provides a qualifying validation test.,PO04,M,PASS,Frozen formal_evidence supports PO04 for the V claim.,formal_evidence,,
V02,V_VALIDATED,Frozen electrophysiology/model-comparison evidence provides a qualifying validation test.,PO05,C,PASS,Frozen formal_evidence supports PO05 for the V claim.,formal_evidence,,
V02,V_VALIDATED,Frozen electrophysiology/model-comparison evidence provides a qualifying validation test.,PO06,M,PASS,Frozen assumptions_and_regime supports PO06 for the V claim.,assumptions_and_regime,,
V02,V_VALIDATED,Frozen electrophysiology/model-comparison evidence provides a qualifying validation test.,PO07,M,PASS,Frozen assumptions_and_regime supports PO07 for the V claim.,assumptions_and_regime,,
V02,V_VALIDATED,Frozen electrophysiology/model-comparison evidence provides a qualifying validation test.,PO08,C,PASS,Frozen mechanism_evidence supports PO08 for the V claim.,mechanism_evidence,,
V02,V_VALIDATED,Frozen electrophysiology/model-comparison evidence provides a qualifying validation test.,PO09,C,PASS,Frozen assumptions_and_regime supports PO09 for the V claim.,assumptions_and_regime,,
V02,V_VALIDATED,Frozen electrophysiology/model-comparison evidence provides a qualifying validation test.,PO10,C,PASS,Frozen parameter_calibration supports PO10 for the V claim.,parameter_calibration,,
V02,V_VALIDATED,Frozen electrophysiology/model-comparison evidence provides a qualifying validation test.,PO11,M,PASS,Frozen empirical_bounds supports PO11 for the V claim.,empirical_bounds,,
V02,V_VALIDATED,Frozen electrophysiology/model-comparison evidence provides a qualifying validation test.,PO12,M,PASS,Frozen uncertainty_evidence supports PO12 for the V claim.,uncertainty_evidence,,
V02,V_VALIDATED,Frozen electrophysiology/model-comparison evidence provides a qualifying validation test.,PO13,M,PASS,Frozen prediction_evidence supports PO13 for the V claim.,prediction_evidence,,
V02,V_VALIDATED,Frozen electrophysiology/model-comparison evidence provides a qualifying validation test.,PO14,M,PASS,Frozen falsification_evidence supports PO14 for the V claim.,falsification_evidence,,
V02,V_VALIDATED,Frozen electrophysiology/model-comparison evidence provides a qualifying validation test.,PO15,C,NOT_APPLICABLE,PO15 is conditional on V and is not activated by this frozen claim; reason is explicit in the evidence bundle.,provenance_evidence,,
V02,V_VALIDATED,Frozen electrophysiology/model-comparison evidence provides a qualifying validation test.,PO16,M,PASS,Frozen provenance_evidence supports PO16 for the V claim.,provenance_evidence,,
V02,V_VALIDATED,Frozen electrophysiology/model-comparison evidence provides a qualifying validation test.,PO17,M,PASS,Frozen validation_evidence supports PO17 for the V claim.,validation_evidence,,
V03,S_STRUCTURAL,"Reaction, diffusion, and spatial-state roles map from chemical systems to morphogen fields.",PO00,M,PASS,Frozen grounding_evidence supports PO00 for the S claim.,grounding_evidence,,
V03,S_STRUCTURAL,"Reaction, diffusion, and spatial-state roles map from chemical systems to morphogen fields.",PO01,M,PASS,Frozen mapping_evidence supports PO01 for the S claim.,mapping_evidence,,
V03,S_STRUCTURAL,"Reaction, diffusion, and spatial-state roles map from chemical systems to morphogen fields.",PO02,M,PASS,Frozen mapping_evidence supports PO02 for the S claim.,mapping_evidence,,
V03,S_STRUCTURAL,"Reaction, diffusion, and spatial-state roles map from chemical systems to morphogen fields.",PO03,M,PASS,Frozen mapping_evidence supports PO03 for the S claim.,mapping_evidence,,
V03,S_STRUCTURAL,"Reaction, diffusion, and spatial-state roles map from chemical systems to morphogen fields.",PO16,M,PASS,Frozen provenance_evidence supports PO16 for the S claim.,provenance_evidence,,
V03,F_FORMAL,Coupled reaction–diffusion PDEs and instability conditions are valid in the target model.,PO00,M,PASS,Frozen grounding_evidence supports PO00 for the F claim.,grounding_evidence,,
V03,F_FORMAL,Coupled reaction–diffusion PDEs and instability conditions are valid in the target model.,PO01,M,PASS,Frozen mapping_evidence supports PO01 for the F claim.,mapping_evidence,,
V03,F_FORMAL,Coupled reaction–diffusion PDEs and instability conditions are valid in the target model.,PO02,M,PASS,Frozen mapping_evidence supports PO02 for the F claim.,mapping_evidence,,
V03,F_FORMAL,Coupled reaction–diffusion PDEs and instability conditions are valid in the target model.,PO03,M,PASS,Frozen mapping_evidence supports PO03 for the F claim.,mapping_evidence,,
V03,F_FORMAL,Coupled reaction–diffusion PDEs and instability conditions are valid in the target model.,PO04,M,PASS,Frozen formal_evidence supports PO04 for the F claim.,formal_evidence,,
V03,F_FORMAL,Coupled reaction–diffusion PDEs and instability conditions are valid in the target model.,PO05,C,PASS,Frozen formal_evidence supports PO05 for the F claim.,formal_evidence,,
V03,F_FORMAL,Coupled reaction–diffusion PDEs and instability conditions are valid in the target model.,PO06,M,PASS,Frozen assumptions_and_regime supports PO06 for the F claim.,assumptions_and_regime,,
V03,F_FORMAL,Coupled reaction–diffusion PDEs and instability conditions are valid in the target model.,PO07,M,PASS,Frozen assumptions_and_regime supports PO07 for the F claim.,assumptions_and_regime,,
V03,F_FORMAL,Coupled reaction–diffusion PDEs and instability conditions are valid in the target model.,PO09,C,PASS,Frozen assumptions_and_regime supports PO09 for the F claim.,assumptions_and_regime,,
V03,F_FORMAL,Coupled reaction–diffusion PDEs and instability conditions are valid in the target model.,PO10,C,PASS,Frozen parameter_calibration supports PO10 for the F claim.,parameter_calibration,,
V03,F_FORMAL,Coupled reaction–diffusion PDEs and instability conditions are valid in the target model.,PO11,C,PASS,Frozen empirical_bounds supports PO11 for the F claim.,empirical_bounds,,
V03,F_FORMAL,Coupled reaction–diffusion PDEs and instability conditions are valid in the target model.,PO16,M,PASS,Frozen provenance_evidence supports PO16 for the F claim.,provenance_evidence,,
V03,M_MECHANISTIC,Actual reacting/diffusing morphogens are proposed as the causal pattern-forming mechanism.,PO00,M,PASS,Frozen grounding_evidence supports PO00 for the M claim.,grounding_evidence,,
V03,M_MECHANISTIC,Actual reacting/diffusing morphogens are proposed as the causal pattern-forming mechanism.,PO01,M,PASS,Frozen mapping_evidence supports PO01 for the M claim.,mapping_evidence,,
V03,M_MECHANISTIC,Actual reacting/diffusing morphogens are proposed as the causal pattern-forming mechanism.,PO02,M,PASS,Frozen mapping_evidence supports PO02 for the M claim.,mapping_evidence,,
V03,M_MECHANISTIC,Actual reacting/diffusing morphogens are proposed as the causal pattern-forming mechanism.,PO03,M,PASS,Frozen mapping_evidence supports PO03 for the M claim.,mapping_evidence,,
V03,M_MECHANISTIC,Actual reacting/diffusing morphogens are proposed as the causal pattern-forming mechanism.,PO04,M,PASS,Frozen formal_evidence supports PO04 for the M claim.,formal_evidence,,
V03,M_MECHANISTIC,Actual reacting/diffusing morphogens are proposed as the causal pattern-forming mechanism.,PO05,C,PASS,Frozen formal_evidence supports PO05 for the M claim.,formal_evidence,,
V03,M_MECHANISTIC,Actual reacting/diffusing morphogens are proposed as the causal pattern-forming mechanism.,PO06,M,PASS,Frozen assumptions_and_regime supports PO06 for the M claim.,assumptions_and_regime,,
V03,M_MECHANISTIC,Actual reacting/diffusing morphogens are proposed as the causal pattern-forming mechanism.,PO07,M,PASS,Frozen assumptions_and_regime supports PO07 for the M claim.,assumptions_and_regime,,
V03,M_MECHANISTIC,Actual reacting/diffusing morphogens are proposed as the causal pattern-forming mechanism.,PO08,M,PASS,Frozen mechanism_evidence supports PO08 for the M claim.,mechanism_evidence,,
V03,M_MECHANISTIC,Actual reacting/diffusing morphogens are proposed as the causal pattern-forming mechanism.,PO09,M,PASS,Frozen assumptions_and_regime supports PO09 for the M claim.,assumptions_and_regime,,
V03,M_MECHANISTIC,Actual reacting/diffusing morphogens are proposed as the causal pattern-forming mechanism.,PO10,M,PASS,Frozen parameter_calibration supports PO10 for the M claim.,parameter_calibration,,
V03,M_MECHANISTIC,Actual reacting/diffusing morphogens are proposed as the causal pattern-forming mechanism.,PO11,M,PASS,Frozen empirical_bounds supports PO11 for the M claim.,empirical_bounds,,
V03,M_MECHANISTIC,Actual reacting/diffusing morphogens are proposed as the causal pattern-forming mechanism.,PO12,C,NOT_APPLICABLE,PO12 is conditional on M and is not activated by this frozen claim; reason is explicit in the evidence bundle.,uncertainty_evidence,,
V03,M_MECHANISTIC,Actual reacting/diffusing morphogens are proposed as the causal pattern-forming mechanism.,PO16,M,PASS,Frozen provenance_evidence supports PO16 for the M claim.,provenance_evidence,,
V03,P_PREDICTIVE,The instability analysis predicts parameter-regime-dependent spontaneous spatial pattern formation.,PO00,M,PASS,Frozen grounding_evidence supports PO00 for the P claim.,grounding_evidence,,
V03,P_PREDICTIVE,The instability analysis predicts parameter-regime-dependent spontaneous spatial pattern formation.,PO01,M,PASS,Frozen mapping_evidence supports PO01 for the P claim.,mapping_evidence,,
V03,P_PREDICTIVE,The instability analysis predicts parameter-regime-dependent spontaneous spatial pattern formation.,PO02,M,PASS,Frozen mapping_evidence supports PO02 for the P claim.,mapping_evidence,,
V03,P_PREDICTIVE,The instability analysis predicts parameter-regime-dependent spontaneous spatial pattern formation.,PO03,M,PASS,Frozen mapping_evidence supports PO03 for the P claim.,mapping_evidence,,
V03,P_PREDICTIVE,The instability analysis predicts parameter-regime-dependent spontaneous spatial pattern formation.,PO04,M,PASS,Frozen formal_evidence supports PO04 for the P claim.,formal_evidence,,
V03,P_PREDICTIVE,The instability analysis predicts parameter-regime-dependent spontaneous spatial pattern formation.,PO05,C,PASS,Frozen formal_evidence supports PO05 for the P claim.,formal_evidence,,
V03,P_PREDICTIVE,The instability analysis predicts parameter-regime-dependent spontaneous spatial pattern formation.,PO06,M,PASS,Frozen assumptions_and_regime supports PO06 for the P claim.,assumptions_and_regime,,
V03,P_PREDICTIVE,The instability analysis predicts parameter-regime-dependent spontaneous spatial pattern formation.,PO07,M,PASS,Frozen assumptions_and_regime supports PO07 for the P claim.,assumptions_and_regime,,
V03,P_PREDICTIVE,The instability analysis predicts parameter-regime-dependent spontaneous spatial pattern formation.,PO08,C,PASS,Frozen mechanism_evidence supports PO08 for the P claim.,mechanism_evidence,,
V03,P_PREDICTIVE,The instability analysis predicts parameter-regime-dependent spontaneous spatial pattern formation.,PO09,C,PASS,Frozen assumptions_and_regime supports PO09 for the P claim.,assumptions_and_regime,,
V03,P_PREDICTIVE,The instability analysis predicts parameter-regime-dependent spontaneous spatial pattern formation.,PO10,C,PASS,Frozen parameter_calibration supports PO10 for the P claim.,parameter_calibration,,
V03,P_PREDICTIVE,The instability analysis predicts parameter-regime-dependent spontaneous spatial pattern formation.,PO11,M,PASS,Frozen empirical_bounds supports PO11 for the P claim.,empirical_bounds,,
V03,P_PREDICTIVE,The instability analysis predicts parameter-regime-dependent spontaneous spatial pattern formation.,PO12,M,PASS,Frozen uncertainty_evidence supports PO12 for the P claim.,uncertainty_evidence,,
V03,P_PREDICTIVE,The instability analysis predicts parameter-regime-dependent spontaneous spatial pattern formation.,PO13,M,PASS,Frozen prediction_evidence supports PO13 for the P claim.,prediction_evidence,,
V03,P_PREDICTIVE,The instability analysis predicts parameter-regime-dependent spontaneous spatial pattern formation.,PO14,M,PASS,Frozen falsification_evidence supports PO14 for the P claim.,falsification_evidence,,
V03,P_PREDICTIVE,The instability analysis predicts parameter-regime-dependent spontaneous spatial pattern formation.,PO15,C,NOT_APPLICABLE,PO15 is conditional on P and is not activated by this frozen claim; reason is explicit in the evidence bundle.,provenance_evidence,,
V03,P_PREDICTIVE,The instability analysis predicts parameter-regime-dependent spontaneous spatial pattern formation.,PO16,M,PASS,Frozen provenance_evidence supports PO16 for the P claim.,provenance_evidence,,
V03,V_VALIDATED,The frozen packet would need an independent target-domain validation of that P claim.,PO00,M,PASS,Frozen grounding_evidence supports PO00 for the V claim.,grounding_evidence,,
V03,V_VALIDATED,The frozen packet would need an independent target-domain validation of that P claim.,PO01,M,PASS,Frozen mapping_evidence supports PO01 for the V claim.,mapping_evidence,,
V03,V_VALIDATED,The frozen packet would need an independent target-domain validation of that P claim.,PO02,M,PASS,Frozen mapping_evidence supports PO02 for the V claim.,mapping_evidence,,
V03,V_VALIDATED,The frozen packet would need an independent target-domain validation of that P claim.,PO03,M,PASS,Frozen mapping_evidence supports PO03 for the V claim.,mapping_evidence,,
V03,V_VALIDATED,The frozen packet would need an independent target-domain validation of that P claim.,PO04,M,PASS,Frozen formal_evidence supports PO04 for the V claim.,formal_evidence,,
V03,V_VALIDATED,The frozen packet would need an independent target-domain validation of that P claim.,PO05,C,PASS,Frozen formal_evidence supports PO05 for the V claim.,formal_evidence,,
V03,V_VALIDATED,The frozen packet would need an independent target-domain validation of that P claim.,PO06,M,PASS,Frozen assumptions_and_regime supports PO06 for the V claim.,assumptions_and_regime,,
V03,V_VALIDATED,The frozen packet would need an independent target-domain validation of that P claim.,PO07,M,PASS,Frozen assumptions_and_regime supports PO07 for the V claim.,assumptions_and_regime,,
V03,V_VALIDATED,The frozen packet would need an independent target-domain validation of that P claim.,PO08,C,PASS,Frozen mechanism_evidence supports PO08 for the V claim.,mechanism_evidence,,
V03,V_VALIDATED,The frozen packet would need an independent target-domain validation of that P claim.,PO09,C,PASS,Frozen assumptions_and_regime supports PO09 for the V claim.,assumptions_and_regime,,
V03,V_VALIDATED,The frozen packet would need an independent target-domain validation of that P claim.,PO10,C,PASS,Frozen parameter_calibration supports PO10 for the V claim.,parameter_calibration,,
V03,V_VALIDATED,The frozen packet would need an independent target-domain validation of that P claim.,PO11,M,PASS,Frozen empirical_bounds supports PO11 for the V claim.,empirical_bounds,,
V03,V_VALIDATED,The frozen packet would need an independent target-domain validation of that P claim.,PO12,M,PASS,Frozen uncertainty_evidence supports PO12 for the V claim.,uncertainty_evidence,,
V03,V_VALIDATED,The frozen packet would need an independent target-domain validation of that P claim.,PO13,M,PASS,Frozen prediction_evidence supports PO13 for the V claim.,prediction_evidence,,
V03,V_VALIDATED,The frozen packet would need an independent target-domain validation of that P claim.,PO14,M,PASS,Frozen falsification_evidence supports PO14 for the V claim.,falsification_evidence,,
V03,V_VALIDATED,The frozen packet would need an independent target-domain validation of that P claim.,PO15,C,NOT_APPLICABLE,PO15 is conditional on V and is not activated by this frozen claim; reason is explicit in the evidence bundle.,provenance_evidence,,
V03,V_VALIDATED,The frozen packet would need an independent target-domain validation of that P claim.,PO16,M,PASS,Frozen provenance_evidence supports PO16 for the V claim.,provenance_evidence,,
V03,V_VALIDATED,The frozen packet would need an independent target-domain validation of that P claim.,PO17,M,UNKNOWN,Frozen validation_evidence is insufficient to promote V; outside evaluator knowledge may not be imported.,validation_evidence,EMPIRICAL,
V04,S_STRUCTURAL,Diffusive stochastic state evolution has a structural counterpart in a stochastic asset-price model.,PO00,M,PASS,Frozen grounding_evidence supports PO00 for the S claim.,grounding_evidence,,
V04,S_STRUCTURAL,Diffusive stochastic state evolution has a structural counterpart in a stochastic asset-price model.,PO01,M,PASS,Frozen mapping_evidence supports PO01 for the S claim.,mapping_evidence,,
V04,S_STRUCTURAL,Diffusive stochastic state evolution has a structural counterpart in a stochastic asset-price model.,PO02,M,PASS,Frozen mapping_evidence supports PO02 for the S claim.,mapping_evidence,,
V04,S_STRUCTURAL,Diffusive stochastic state evolution has a structural counterpart in a stochastic asset-price model.,PO03,M,PASS,Frozen mapping_evidence supports PO03 for the S claim.,mapping_evidence,,
V04,S_STRUCTURAL,Diffusive stochastic state evolution has a structural counterpart in a stochastic asset-price model.,PO16,M,PASS,Frozen provenance_evidence supports PO16 for the S claim.,provenance_evidence,,
V04,F_FORMAL,Stochastic calculus and no-arbitrage yield a valid target pricing formalism under explicit assumptions.,PO00,M,PASS,Frozen grounding_evidence supports PO00 for the F claim.,grounding_evidence,,
V04,F_FORMAL,Stochastic calculus and no-arbitrage yield a valid target pricing formalism under explicit assumptions.,PO01,M,PASS,Frozen mapping_evidence supports PO01 for the F claim.,mapping_evidence,,
V04,F_FORMAL,Stochastic calculus and no-arbitrage yield a valid target pricing formalism under explicit assumptions.,PO02,M,PASS,Frozen mapping_evidence supports PO02 for the F claim.,mapping_evidence,,
V04,F_FORMAL,Stochastic calculus and no-arbitrage yield a valid target pricing formalism under explicit assumptions.,PO03,M,PASS,Frozen mapping_evidence supports PO03 for the F claim.,mapping_evidence,,
V04,F_FORMAL,Stochastic calculus and no-arbitrage yield a valid target pricing formalism under explicit assumptions.,PO04,M,PASS,Frozen formal_evidence supports PO04 for the F claim.,formal_evidence,,
V04,F_FORMAL,Stochastic calculus and no-arbitrage yield a valid target pricing formalism under explicit assumptions.,PO05,C,NOT_APPLICABLE,PO05 is conditional on F and is not activated by this frozen claim; reason is explicit in the evidence bundle.,formal_evidence,,
V04,F_FORMAL,Stochastic calculus and no-arbitrage yield a valid target pricing formalism under explicit assumptions.,PO06,M,PASS,Frozen assumptions_and_regime supports PO06 for the F claim.,assumptions_and_regime,,
V04,F_FORMAL,Stochastic calculus and no-arbitrage yield a valid target pricing formalism under explicit assumptions.,PO07,M,PASS,Frozen assumptions_and_regime supports PO07 for the F claim.,assumptions_and_regime,,
V04,F_FORMAL,Stochastic calculus and no-arbitrage yield a valid target pricing formalism under explicit assumptions.,PO09,C,PASS,Frozen assumptions_and_regime supports PO09 for the F claim.,assumptions_and_regime,,
V04,F_FORMAL,Stochastic calculus and no-arbitrage yield a valid target pricing formalism under explicit assumptions.,PO10,C,PASS,Frozen parameter_calibration supports PO10 for the F claim.,parameter_calibration,,
V04,F_FORMAL,Stochastic calculus and no-arbitrage yield a valid target pricing formalism under explicit assumptions.,PO11,C,PASS,Frozen empirical_bounds supports PO11 for the F claim.,empirical_bounds,,
V04,F_FORMAL,Stochastic calculus and no-arbitrage yield a valid target pricing formalism under explicit assumptions.,PO16,M,PASS,Frozen provenance_evidence supports PO16 for the F claim.,provenance_evidence,,
V04,P_PREDICTIVE,FORMAL-basis claim: the target formalism predicts option prices/hedges for specified inputs.,PO00,M,PASS,Frozen grounding_evidence supports PO00 for the P claim.,grounding_evidence,,
V04,P_PREDICTIVE,FORMAL-basis claim: the target formalism predicts option prices/hedges for specified inputs.,PO01,M,PASS,Frozen mapping_evidence supports PO01 for the P claim.,mapping_evidence,,
V04,P_PREDICTIVE,FORMAL-basis claim: the target formalism predicts option prices/hedges for specified inputs.,PO02,M,PASS,Frozen mapping_evidence supports PO02 for the P claim.,mapping_evidence,,
V04,P_PREDICTIVE,FORMAL-basis claim: the target formalism predicts option prices/hedges for specified inputs.,PO03,M,PASS,Frozen mapping_evidence supports PO03 for the P claim.,mapping_evidence,,
V04,P_PREDICTIVE,FORMAL-basis claim: the target formalism predicts option prices/hedges for specified inputs.,PO04,M,PASS,Frozen formal_evidence supports PO04 for the P claim.,formal_evidence,,
V04,P_PREDICTIVE,FORMAL-basis claim: the target formalism predicts option prices/hedges for specified inputs.,PO05,C,NOT_APPLICABLE,PO05 is conditional on P and is not activated by this frozen claim; reason is explicit in the evidence bundle.,formal_evidence,,
V04,P_PREDICTIVE,FORMAL-basis claim: the target formalism predicts option prices/hedges for specified inputs.,PO06,M,PASS,Frozen assumptions_and_regime supports PO06 for the P claim.,assumptions_and_regime,,
V04,P_PREDICTIVE,FORMAL-basis claim: the target formalism predicts option prices/hedges for specified inputs.,PO07,M,PASS,Frozen assumptions_and_regime supports PO07 for the P claim.,assumptions_and_regime,,
V04,P_PREDICTIVE,FORMAL-basis claim: the target formalism predicts option prices/hedges for specified inputs.,PO08,C,NOT_APPLICABLE,PO08 is conditional on P and is not activated by this frozen claim; reason is explicit in the evidence bundle.,mechanism_evidence,,
V04,P_PREDICTIVE,FORMAL-basis claim: the target formalism predicts option prices/hedges for specified inputs.,PO09,C,PASS,Frozen assumptions_and_regime supports PO09 for the P claim.,assumptions_and_regime,,
V04,P_PREDICTIVE,FORMAL-basis claim: the target formalism predicts option prices/hedges for specified inputs.,PO10,C,PASS,Frozen parameter_calibration supports PO10 for the P claim.,parameter_calibration,,
V04,P_PREDICTIVE,FORMAL-basis claim: the target formalism predicts option prices/hedges for specified inputs.,PO11,M,PASS,Frozen empirical_bounds supports PO11 for the P claim.,empirical_bounds,,
V04,P_PREDICTIVE,FORMAL-basis claim: the target formalism predicts option prices/hedges for specified inputs.,PO12,M,PASS,Frozen uncertainty_evidence supports PO12 for the P claim.,uncertainty_evidence,,
V04,P_PREDICTIVE,FORMAL-basis claim: the target formalism predicts option prices/hedges for specified inputs.,PO13,M,PASS,Frozen prediction_evidence supports PO13 for the P claim.,prediction_evidence,,
V04,P_PREDICTIVE,FORMAL-basis claim: the target formalism predicts option prices/hedges for specified inputs.,PO14,M,PASS,Frozen falsification_evidence supports PO14 for the P claim.,falsification_evidence,,
V04,P_PREDICTIVE,FORMAL-basis claim: the target formalism predicts option prices/hedges for specified inputs.,PO15,C,NOT_APPLICABLE,PO15 is conditional on P and is not activated by this frozen claim; reason is explicit in the evidence bundle.,provenance_evidence,,
V04,P_PREDICTIVE,FORMAL-basis claim: the target formalism predicts option prices/hedges for specified inputs.,PO16,M,PASS,Frozen provenance_evidence supports PO16 for the P claim.,provenance_evidence,,
V04,V_VALIDATED,Qualifying frozen validation evidence would be required; none is supplied.,PO00,M,PASS,Frozen grounding_evidence supports PO00 for the V claim.,grounding_evidence,,
V04,V_VALIDATED,Qualifying frozen validation evidence would be required; none is supplied.,PO01,M,PASS,Frozen mapping_evidence supports PO01 for the V claim.,mapping_evidence,,
V04,V_VALIDATED,Qualifying frozen validation evidence would be required; none is supplied.,PO02,M,PASS,Frozen mapping_evidence supports PO02 for the V claim.,mapping_evidence,,
V04,V_VALIDATED,Qualifying frozen validation evidence would be required; none is supplied.,PO03,M,PASS,Frozen mapping_evidence supports PO03 for the V claim.,mapping_evidence,,
V04,V_VALIDATED,Qualifying frozen validation evidence would be required; none is supplied.,PO04,M,PASS,Frozen formal_evidence supports PO04 for the V claim.,formal_evidence,,
V04,V_VALIDATED,Qualifying frozen validation evidence would be required; none is supplied.,PO05,C,NOT_APPLICABLE,PO05 is conditional on V and is not activated by this frozen claim; reason is explicit in the evidence bundle.,formal_evidence,,
V04,V_VALIDATED,Qualifying frozen validation evidence would be required; none is supplied.,PO06,M,PASS,Frozen assumptions_and_regime supports PO06 for the V claim.,assumptions_and_regime,,
V04,V_VALIDATED,Qualifying frozen validation evidence would be required; none is supplied.,PO07,M,PASS,Frozen assumptions_and_regime supports PO07 for the V claim.,assumptions_and_regime,,
V04,V_VALIDATED,Qualifying frozen validation evidence would be required; none is supplied.,PO08,C,NOT_APPLICABLE,PO08 is conditional on V and is not activated by this frozen claim; reason is explicit in the evidence bundle.,mechanism_evidence,,
V04,V_VALIDATED,Qualifying frozen validation evidence would be required; none is supplied.,PO09,C,PASS,Frozen assumptions_and_regime supports PO09 for the V claim.,assumptions_and_regime,,
V04,V_VALIDATED,Qualifying frozen validation evidence would be required; none is supplied.,PO10,C,PASS,Frozen parameter_calibration supports PO10 for the V claim.,parameter_calibration,,
V04,V_VALIDATED,Qualifying frozen validation evidence would be required; none is supplied.,PO11,M,PASS,Frozen empirical_bounds supports PO11 for the V claim.,empirical_bounds,,
V04,V_VALIDATED,Qualifying frozen validation evidence would be required; none is supplied.,PO12,M,PASS,Frozen uncertainty_evidence supports PO12 for the V claim.,uncertainty_evidence,,
V04,V_VALIDATED,Qualifying frozen validation evidence would be required; none is supplied.,PO13,M,PASS,Frozen prediction_evidence supports PO13 for the V claim.,prediction_evidence,,
V04,V_VALIDATED,Qualifying frozen validation evidence would be required; none is supplied.,PO14,M,PASS,Frozen falsification_evidence supports PO14 for the V claim.,falsification_evidence,,
V04,V_VALIDATED,Qualifying frozen validation evidence would be required; none is supplied.,PO15,C,NOT_APPLICABLE,PO15 is conditional on V and is not activated by this frozen claim; reason is explicit in the evidence bundle.,provenance_evidence,,
V04,V_VALIDATED,Qualifying frozen validation evidence would be required; none is supplied.,PO16,M,PASS,Frozen provenance_evidence supports PO16 for the V claim.,provenance_evidence,,
V04,V_VALIDATED,Qualifying frozen validation evidence would be required; none is supplied.,PO17,M,UNKNOWN,Frozen validation_evidence is insufficient to promote V; outside evaluator knowledge may not be imported.,validation_evidence,EMPIRICAL,
V05,S_STRUCTURAL,Energy minima/phase-space attractors map structurally to stable recurrent-network memories.,PO00,M,PASS,Frozen grounding_evidence supports PO00 for the S claim.,grounding_evidence,,
V05,S_STRUCTURAL,Energy minima/phase-space attractors map structurally to stable recurrent-network memories.,PO01,M,PASS,Frozen mapping_evidence supports PO01 for the S claim.,mapping_evidence,,
V05,S_STRUCTURAL,Energy minima/phase-space attractors map structurally to stable recurrent-network memories.,PO02,M,PASS,Frozen mapping_evidence supports PO02 for the S claim.,mapping_evidence,,
V05,S_STRUCTURAL,Energy minima/phase-space attractors map structurally to stable recurrent-network memories.,PO03,M,PASS,Frozen mapping_evidence supports PO03 for the S claim.,mapping_evidence,,
V05,S_STRUCTURAL,Energy minima/phase-space attractors map structurally to stable recurrent-network memories.,PO16,M,PASS,Frozen provenance_evidence supports PO16 for the S claim.,provenance_evidence,,
V05,F_FORMAL,The target network has an explicit Lyapunov/energy function under stated symmetry/update conditions.,PO00,M,PASS,Frozen grounding_evidence supports PO00 for the F claim.,grounding_evidence,,
V05,F_FORMAL,The target network has an explicit Lyapunov/energy function under stated symmetry/update conditions.,PO01,M,PASS,Frozen mapping_evidence supports PO01 for the F claim.,mapping_evidence,,
V05,F_FORMAL,The target network has an explicit Lyapunov/energy function under stated symmetry/update conditions.,PO02,M,PASS,Frozen mapping_evidence supports PO02 for the F claim.,mapping_evidence,,
V05,F_FORMAL,The target network has an explicit Lyapunov/energy function under stated symmetry/update conditions.,PO03,M,PASS,Frozen mapping_evidence supports PO03 for the F claim.,mapping_evidence,,
V05,F_FORMAL,The target network has an explicit Lyapunov/energy function under stated symmetry/update conditions.,PO04,M,PASS,Frozen formal_evidence supports PO04 for the F claim.,formal_evidence,,
V05,F_FORMAL,The target network has an explicit Lyapunov/energy function under stated symmetry/update conditions.,PO05,C,NOT_APPLICABLE,PO05 is conditional on F and is not activated by this frozen claim; reason is explicit in the evidence bundle.,formal_evidence,,
V05,F_FORMAL,The target network has an explicit Lyapunov/energy function under stated symmetry/update conditions.,PO06,M,PASS,Frozen assumptions_and_regime supports PO06 for the F claim.,assumptions_and_regime,,
V05,F_FORMAL,The target network has an explicit Lyapunov/energy function under stated symmetry/update conditions.,PO07,M,PASS,Frozen assumptions_and_regime supports PO07 for the F claim.,assumptions_and_regime,,
V05,F_FORMAL,The target network has an explicit Lyapunov/energy function under stated symmetry/update conditions.,PO09,C,PASS,Frozen assumptions_and_regime supports PO09 for the F claim.,assumptions_and_regime,,
V05,F_FORMAL,The target network has an explicit Lyapunov/energy function under stated symmetry/update conditions.,PO10,C,PASS,Frozen parameter_calibration supports PO10 for the F claim.,parameter_calibration,,
V05,F_FORMAL,The target network has an explicit Lyapunov/energy function under stated symmetry/update conditions.,PO11,C,PASS,Frozen empirical_bounds supports PO11 for the F claim.,empirical_bounds,,
V05,F_FORMAL,The target network has an explicit Lyapunov/energy function under stated symmetry/update conditions.,PO16,M,PASS,Frozen provenance_evidence supports PO16 for the F claim.,provenance_evidence,,
V05,M_MECHANISTIC,The network update dynamics causally drive state toward attractors under the model assumptions.,PO00,M,PASS,Frozen grounding_evidence supports PO00 for the M claim.,grounding_evidence,,
V05,M_MECHANISTIC,The network update dynamics causally drive state toward attractors under the model assumptions.,PO01,M,PASS,Frozen mapping_evidence supports PO01 for the M claim.,mapping_evidence,,
V05,M_MECHANISTIC,The network update dynamics causally drive state toward attractors under the model assumptions.,PO02,M,PASS,Frozen mapping_evidence supports PO02 for the M claim.,mapping_evidence,,
V05,M_MECHANISTIC,The network update dynamics causally drive state toward attractors under the model assumptions.,PO03,M,PASS,Frozen mapping_evidence supports PO03 for the M claim.,mapping_evidence,,
V05,M_MECHANISTIC,The network update dynamics causally drive state toward attractors under the model assumptions.,PO04,M,PASS,Frozen formal_evidence supports PO04 for the M claim.,formal_evidence,,
V05,M_MECHANISTIC,The network update dynamics causally drive state toward attractors under the model assumptions.,PO05,C,NOT_APPLICABLE,PO05 is conditional on M and is not activated by this frozen claim; reason is explicit in the evidence bundle.,formal_evidence,,
V05,M_MECHANISTIC,The network update dynamics causally drive state toward attractors under the model assumptions.,PO06,M,PASS,Frozen assumptions_and_regime supports PO06 for the M claim.,assumptions_and_regime,,
V05,M_MECHANISTIC,The network update dynamics causally drive state toward attractors under the model assumptions.,PO07,M,PASS,Frozen assumptions_and_regime supports PO07 for the M claim.,assumptions_and_regime,,
V05,M_MECHANISTIC,The network update dynamics causally drive state toward attractors under the model assumptions.,PO08,M,PASS,Frozen mechanism_evidence supports PO08 for the M claim.,mechanism_evidence,,
V05,M_MECHANISTIC,The network update dynamics causally drive state toward attractors under the model assumptions.,PO09,M,PASS,Frozen assumptions_and_regime supports PO09 for the M claim.,assumptions_and_regime,,
V05,M_MECHANISTIC,The network update dynamics causally drive state toward attractors under the model assumptions.,PO10,M,PASS,Frozen parameter_calibration supports PO10 for the M claim.,parameter_calibration,,
V05,M_MECHANISTIC,The network update dynamics causally drive state toward attractors under the model assumptions.,PO11,M,PASS,Frozen empirical_bounds supports PO11 for the M claim.,empirical_bounds,,
V05,M_MECHANISTIC,The network update dynamics causally drive state toward attractors under the model assumptions.,PO12,C,NOT_APPLICABLE,PO12 is conditional on M and is not activated by this frozen claim; reason is explicit in the evidence bundle.,uncertainty_evidence,,
V05,M_MECHANISTIC,The network update dynamics causally drive state toward attractors under the model assumptions.,PO16,M,PASS,Frozen provenance_evidence supports PO16 for the M claim.,provenance_evidence,,
V05,P_PREDICTIVE,The model predicts retrieval/convergence behavior as a function of stored patterns and corruption/load.,PO00,M,PASS,Frozen grounding_evidence supports PO00 for the P claim.,grounding_evidence,,
V05,P_PREDICTIVE,The model predicts retrieval/convergence behavior as a function of stored patterns and corruption/load.,PO01,M,PASS,Frozen mapping_evidence supports PO01 for the P claim.,mapping_evidence,,
V05,P_PREDICTIVE,The model predicts retrieval/convergence behavior as a function of stored patterns and corruption/load.,PO02,M,PASS,Frozen mapping_evidence supports PO02 for the P claim.,mapping_evidence,,
V05,P_PREDICTIVE,The model predicts retrieval/convergence behavior as a function of stored patterns and corruption/load.,PO03,M,PASS,Frozen mapping_evidence supports PO03 for the P claim.,mapping_evidence,,
V05,P_PREDICTIVE,The model predicts retrieval/convergence behavior as a function of stored patterns and corruption/load.,PO04,M,PASS,Frozen formal_evidence supports PO04 for the P claim.,formal_evidence,,
V05,P_PREDICTIVE,The model predicts retrieval/convergence behavior as a function of stored patterns and corruption/load.,PO05,C,NOT_APPLICABLE,PO05 is conditional on P and is not activated by this frozen claim; reason is explicit in the evidence bundle.,formal_evidence,,
V05,P_PREDICTIVE,The model predicts retrieval/convergence behavior as a function of stored patterns and corruption/load.,PO06,M,PASS,Frozen assumptions_and_regime supports PO06 for the P claim.,assumptions_and_regime,,
V05,P_PREDICTIVE,The model predicts retrieval/convergence behavior as a function of stored patterns and corruption/load.,PO07,M,PASS,Frozen assumptions_and_regime supports PO07 for the P claim.,assumptions_and_regime,,
V05,P_PREDICTIVE,The model predicts retrieval/convergence behavior as a function of stored patterns and corruption/load.,PO08,C,PASS,Frozen mechanism_evidence supports PO08 for the P claim.,mechanism_evidence,,
V05,P_PREDICTIVE,The model predicts retrieval/convergence behavior as a function of stored patterns and corruption/load.,PO09,C,PASS,Frozen assumptions_and_regime supports PO09 for the P claim.,assumptions_and_regime,,
V05,P_PREDICTIVE,The model predicts retrieval/convergence behavior as a function of stored patterns and corruption/load.,PO10,C,PASS,Frozen parameter_calibration supports PO10 for the P claim.,parameter_calibration,,
V05,P_PREDICTIVE,The model predicts retrieval/convergence behavior as a function of stored patterns and corruption/load.,PO11,M,PASS,Frozen empirical_bounds supports PO11 for the P claim.,empirical_bounds,,
V05,P_PREDICTIVE,The model predicts retrieval/convergence behavior as a function of stored patterns and corruption/load.,PO12,M,PASS,Frozen uncertainty_evidence supports PO12 for the P claim.,uncertainty_evidence,,
V05,P_PREDICTIVE,The model predicts retrieval/convergence behavior as a function of stored patterns and corruption/load.,PO13,M,PASS,Frozen prediction_evidence supports PO13 for the P claim.,prediction_evidence,,
V05,P_PREDICTIVE,The model predicts retrieval/convergence behavior as a function of stored patterns and corruption/load.,PO14,M,PASS,Frozen falsification_evidence supports PO14 for the P claim.,falsification_evidence,,
V05,P_PREDICTIVE,The model predicts retrieval/convergence behavior as a function of stored patterns and corruption/load.,PO15,C,NOT_APPLICABLE,PO15 is conditional on P and is not activated by this frozen claim; reason is explicit in the evidence bundle.,provenance_evidence,,
V05,P_PREDICTIVE,The model predicts retrieval/convergence behavior as a function of stored patterns and corruption/load.,PO16,M,PASS,Frozen provenance_evidence supports PO16 for the P claim.,provenance_evidence,,
V05,V_VALIDATED,The frozen packet lacks a separately qualifying validation test.,PO00,M,PASS,Frozen grounding_evidence supports PO00 for the V claim.,grounding_evidence,,
V05,V_VALIDATED,The frozen packet lacks a separately qualifying validation test.,PO01,M,PASS,Frozen mapping_evidence supports PO01 for the V claim.,mapping_evidence,,
V05,V_VALIDATED,The frozen packet lacks a separately qualifying validation test.,PO02,M,PASS,Frozen mapping_evidence supports PO02 for the V claim.,mapping_evidence,,
V05,V_VALIDATED,The frozen packet lacks a separately qualifying validation test.,PO03,M,PASS,Frozen mapping_evidence supports PO03 for the V claim.,mapping_evidence,,
V05,V_VALIDATED,The frozen packet lacks a separately qualifying validation test.,PO04,M,PASS,Frozen formal_evidence supports PO04 for the V claim.,formal_evidence,,
V05,V_VALIDATED,The frozen packet lacks a separately qualifying validation test.,PO05,C,NOT_APPLICABLE,PO05 is conditional on V and is not activated by this frozen claim; reason is explicit in the evidence bundle.,formal_evidence,,
V05,V_VALIDATED,The frozen packet lacks a separately qualifying validation test.,PO06,M,PASS,Frozen assumptions_and_regime supports PO06 for the V claim.,assumptions_and_regime,,
V05,V_VALIDATED,The frozen packet lacks a separately qualifying validation test.,PO07,M,PASS,Frozen assumptions_and_regime supports PO07 for the V claim.,assumptions_and_regime,,
V05,V_VALIDATED,The frozen packet lacks a separately qualifying validation test.,PO08,C,PASS,Frozen mechanism_evidence supports PO08 for the V claim.,mechanism_evidence,,
V05,V_VALIDATED,The frozen packet lacks a separately qualifying validation test.,PO09,C,PASS,Frozen assumptions_and_regime supports PO09 for the V claim.,assumptions_and_regime,,
V05,V_VALIDATED,The frozen packet lacks a separately qualifying validation test.,PO10,C,PASS,Frozen parameter_calibration supports PO10 for the V claim.,parameter_calibration,,
V05,V_VALIDATED,The frozen packet lacks a separately qualifying validation test.,PO11,M,PASS,Frozen empirical_bounds supports PO11 for the V claim.,empirical_bounds,,
V05,V_VALIDATED,The frozen packet lacks a separately qualifying validation test.,PO12,M,PASS,Frozen uncertainty_evidence supports PO12 for the V claim.,uncertainty_evidence,,
V05,V_VALIDATED,The frozen packet lacks a separately qualifying validation test.,PO13,M,PASS,Frozen prediction_evidence supports PO13 for the V claim.,prediction_evidence,,
V05,V_VALIDATED,The frozen packet lacks a separately qualifying validation test.,PO14,M,PASS,Frozen falsification_evidence supports PO14 for the V claim.,falsification_evidence,,
V05,V_VALIDATED,The frozen packet lacks a separately qualifying validation test.,PO15,C,NOT_APPLICABLE,PO15 is conditional on V and is not activated by this frozen claim; reason is explicit in the evidence bundle.,provenance_evidence,,
V05,V_VALIDATED,The frozen packet lacks a separately qualifying validation test.,PO16,M,PASS,Frozen provenance_evidence supports PO16 for the V claim.,provenance_evidence,,
V05,V_VALIDATED,The frozen packet lacks a separately qualifying validation test.,PO17,M,UNKNOWN,Frozen validation_evidence is insufficient to promote V; outside evaluator knowledge may not be imported.,validation_evidence,EMPIRICAL,
V06,S_STRUCTURAL,"Momentum, heat, and mass boundary-layer transport share transferable structural roles.",PO00,M,PASS,Frozen grounding_evidence supports PO00 for the S claim.,grounding_evidence,,
V06,S_STRUCTURAL,"Momentum, heat, and mass boundary-layer transport share transferable structural roles.",PO01,M,PASS,Frozen mapping_evidence supports PO01 for the S claim.,mapping_evidence,,
V06,S_STRUCTURAL,"Momentum, heat, and mass boundary-layer transport share transferable structural roles.",PO02,M,PASS,Frozen mapping_evidence supports PO02 for the S claim.,mapping_evidence,,
V06,S_STRUCTURAL,"Momentum, heat, and mass boundary-layer transport share transferable structural roles.",PO03,M,PASS,Frozen mapping_evidence supports PO03 for the S claim.,mapping_evidence,,
V06,S_STRUCTURAL,"Momentum, heat, and mass boundary-layer transport share transferable structural roles.",PO16,M,PASS,Frozen provenance_evidence supports PO16 for the S claim.,provenance_evidence,,
V06,F_FORMAL,Dimensionless j-factor relations are formally valid under stated nondimensional mappings.,PO00,M,PASS,Frozen grounding_evidence supports PO00 for the F claim.,grounding_evidence,,
V06,F_FORMAL,Dimensionless j-factor relations are formally valid under stated nondimensional mappings.,PO01,M,PASS,Frozen mapping_evidence supports PO01 for the F claim.,mapping_evidence,,
V06,F_FORMAL,Dimensionless j-factor relations are formally valid under stated nondimensional mappings.,PO02,M,PASS,Frozen mapping_evidence supports PO02 for the F claim.,mapping_evidence,,
V06,F_FORMAL,Dimensionless j-factor relations are formally valid under stated nondimensional mappings.,PO03,M,PASS,Frozen mapping_evidence supports PO03 for the F claim.,mapping_evidence,,
V06,F_FORMAL,Dimensionless j-factor relations are formally valid under stated nondimensional mappings.,PO04,M,PASS,Frozen formal_evidence supports PO04 for the F claim.,formal_evidence,,
V06,F_FORMAL,Dimensionless j-factor relations are formally valid under stated nondimensional mappings.,PO05,C,PASS,Frozen formal_evidence supports PO05 for the F claim.,formal_evidence,,
V06,F_FORMAL,Dimensionless j-factor relations are formally valid under stated nondimensional mappings.,PO06,M,PASS,Frozen assumptions_and_regime supports PO06 for the F claim.,assumptions_and_regime,,
V06,F_FORMAL,Dimensionless j-factor relations are formally valid under stated nondimensional mappings.,PO07,M,PASS,Frozen assumptions_and_regime supports PO07 for the F claim.,assumptions_and_regime,,
V06,F_FORMAL,Dimensionless j-factor relations are formally valid under stated nondimensional mappings.,PO09,C,PASS,Frozen assumptions_and_regime supports PO09 for the F claim.,assumptions_and_regime,,
V06,F_FORMAL,Dimensionless j-factor relations are formally valid under stated nondimensional mappings.,PO10,C,PASS,Frozen parameter_calibration supports PO10 for the F claim.,parameter_calibration,,
V06,F_FORMAL,Dimensionless j-factor relations are formally valid under stated nondimensional mappings.,PO11,C,PASS,Frozen empirical_bounds supports PO11 for the F claim.,empirical_bounds,,
V06,F_FORMAL,Dimensionless j-factor relations are formally valid under stated nondimensional mappings.,PO16,M,PASS,Frozen provenance_evidence supports PO16 for the F claim.,provenance_evidence,,
V06,M_MECHANISTIC,Shared convection/boundary-layer plus molecular transport processes support a bounded mechanistic analogy.,PO00,M,PASS,Frozen grounding_evidence supports PO00 for the M claim.,grounding_evidence,,
V06,M_MECHANISTIC,Shared convection/boundary-layer plus molecular transport processes support a bounded mechanistic analogy.,PO01,M,PASS,Frozen mapping_evidence supports PO01 for the M claim.,mapping_evidence,,
V06,M_MECHANISTIC,Shared convection/boundary-layer plus molecular transport processes support a bounded mechanistic analogy.,PO02,M,PASS,Frozen mapping_evidence supports PO02 for the M claim.,mapping_evidence,,
V06,M_MECHANISTIC,Shared convection/boundary-layer plus molecular transport processes support a bounded mechanistic analogy.,PO03,M,PASS,Frozen mapping_evidence supports PO03 for the M claim.,mapping_evidence,,
V06,M_MECHANISTIC,Shared convection/boundary-layer plus molecular transport processes support a bounded mechanistic analogy.,PO04,M,PASS,Frozen formal_evidence supports PO04 for the M claim.,formal_evidence,,
V06,M_MECHANISTIC,Shared convection/boundary-layer plus molecular transport processes support a bounded mechanistic analogy.,PO05,C,PASS,Frozen formal_evidence supports PO05 for the M claim.,formal_evidence,,
V06,M_MECHANISTIC,Shared convection/boundary-layer plus molecular transport processes support a bounded mechanistic analogy.,PO06,M,PASS,Frozen assumptions_and_regime supports PO06 for the M claim.,assumptions_and_regime,,
V06,M_MECHANISTIC,Shared convection/boundary-layer plus molecular transport processes support a bounded mechanistic analogy.,PO07,M,PASS,Frozen assumptions_and_regime supports PO07 for the M claim.,assumptions_and_regime,,
V06,M_MECHANISTIC,Shared convection/boundary-layer plus molecular transport processes support a bounded mechanistic analogy.,PO08,M,PASS,Frozen mechanism_evidence supports PO08 for the M claim.,mechanism_evidence,,
V06,M_MECHANISTIC,Shared convection/boundary-layer plus molecular transport processes support a bounded mechanistic analogy.,PO09,M,PASS,Frozen assumptions_and_regime supports PO09 for the M claim.,assumptions_and_regime,,
V06,M_MECHANISTIC,Shared convection/boundary-layer plus molecular transport processes support a bounded mechanistic analogy.,PO10,M,PASS,Frozen parameter_calibration supports PO10 for the M claim.,parameter_calibration,,
V06,M_MECHANISTIC,Shared convection/boundary-layer plus molecular transport processes support a bounded mechanistic analogy.,PO11,M,PASS,Frozen empirical_bounds supports PO11 for the M claim.,empirical_bounds,,
V06,M_MECHANISTIC,Shared convection/boundary-layer plus molecular transport processes support a bounded mechanistic analogy.,PO12,C,NOT_APPLICABLE,PO12 is conditional on M and is not activated by this frozen claim; reason is explicit in the evidence bundle.,uncertainty_evidence,,
V06,M_MECHANISTIC,Shared convection/boundary-layer plus molecular transport processes support a bounded mechanistic analogy.,PO16,M,PASS,Frozen provenance_evidence supports PO16 for the M claim.,provenance_evidence,,
V06,P_PREDICTIVE,The relation predicts target mass-transfer coefficients from target/source transport observables within regime.,PO00,M,PASS,Frozen grounding_evidence supports PO00 for the P claim.,grounding_evidence,,
V06,P_PREDICTIVE,The relation predicts target mass-transfer coefficients from target/source transport observables within regime.,PO01,M,PASS,Frozen mapping_evidence supports PO01 for the P claim.,mapping_evidence,,
V06,P_PREDICTIVE,The relation predicts target mass-transfer coefficients from target/source transport observables within regime.,PO02,M,PASS,Frozen mapping_evidence supports PO02 for the P claim.,mapping_evidence,,
V06,P_PREDICTIVE,The relation predicts target mass-transfer coefficients from target/source transport observables within regime.,PO03,M,PASS,Frozen mapping_evidence supports PO03 for the P claim.,mapping_evidence,,
V06,P_PREDICTIVE,The relation predicts target mass-transfer coefficients from target/source transport observables within regime.,PO04,M,PASS,Frozen formal_evidence supports PO04 for the P claim.,formal_evidence,,
V06,P_PREDICTIVE,The relation predicts target mass-transfer coefficients from target/source transport observables within regime.,PO05,C,PASS,Frozen formal_evidence supports PO05 for the P claim.,formal_evidence,,
V06,P_PREDICTIVE,The relation predicts target mass-transfer coefficients from target/source transport observables within regime.,PO06,M,PASS,Frozen assumptions_and_regime supports PO06 for the P claim.,assumptions_and_regime,,
V06,P_PREDICTIVE,The relation predicts target mass-transfer coefficients from target/source transport observables within regime.,PO07,M,PASS,Frozen assumptions_and_regime supports PO07 for the P claim.,assumptions_and_regime,,
V06,P_PREDICTIVE,The relation predicts target mass-transfer coefficients from target/source transport observables within regime.,PO08,C,PASS,Frozen mechanism_evidence supports PO08 for the P claim.,mechanism_evidence,,
V06,P_PREDICTIVE,The relation predicts target mass-transfer coefficients from target/source transport observables within regime.,PO09,C,PASS,Frozen assumptions_and_regime supports PO09 for the P claim.,assumptions_and_regime,,
V06,P_PREDICTIVE,The relation predicts target mass-transfer coefficients from target/source transport observables within regime.,PO10,C,PASS,Frozen parameter_calibration supports PO10 for the P claim.,parameter_calibration,,
V06,P_PREDICTIVE,The relation predicts target mass-transfer coefficients from target/source transport observables within regime.,PO11,M,PASS,Frozen empirical_bounds supports PO11 for the P claim.,empirical_bounds,,
V06,P_PREDICTIVE,The relation predicts target mass-transfer coefficients from target/source transport observables within regime.,PO12,M,PASS,Frozen uncertainty_evidence supports PO12 for the P claim.,uncertainty_evidence,,
V06,P_PREDICTIVE,The relation predicts target mass-transfer coefficients from target/source transport observables within regime.,PO13,M,PASS,Frozen prediction_evidence supports PO13 for the P claim.,prediction_evidence,,
V06,P_PREDICTIVE,The relation predicts target mass-transfer coefficients from target/source transport observables within regime.,PO14,M,PASS,Frozen falsification_evidence supports PO14 for the P claim.,falsification_evidence,,
V06,P_PREDICTIVE,The relation predicts target mass-transfer coefficients from target/source transport observables within regime.,PO15,C,NOT_APPLICABLE,PO15 is conditional on P and is not activated by this frozen claim; reason is explicit in the evidence bundle.,provenance_evidence,,
V06,P_PREDICTIVE,The relation predicts target mass-transfer coefficients from target/source transport observables within regime.,PO16,M,PASS,Frozen provenance_evidence supports PO16 for the P claim.,provenance_evidence,,
V06,V_VALIDATED,A separate frozen validation dataset is absent.,PO00,M,PASS,Frozen grounding_evidence supports PO00 for the V claim.,grounding_evidence,,
V06,V_VALIDATED,A separate frozen validation dataset is absent.,PO01,M,PASS,Frozen mapping_evidence supports PO01 for the V claim.,mapping_evidence,,
V06,V_VALIDATED,A separate frozen validation dataset is absent.,PO02,M,PASS,Frozen mapping_evidence supports PO02 for the V claim.,mapping_evidence,,
V06,V_VALIDATED,A separate frozen validation dataset is absent.,PO03,M,PASS,Frozen mapping_evidence supports PO03 for the V claim.,mapping_evidence,,
V06,V_VALIDATED,A separate frozen validation dataset is absent.,PO04,M,PASS,Frozen formal_evidence supports PO04 for the V claim.,formal_evidence,,
V06,V_VALIDATED,A separate frozen validation dataset is absent.,PO05,C,PASS,Frozen formal_evidence supports PO05 for the V claim.,formal_evidence,,
V06,V_VALIDATED,A separate frozen validation dataset is absent.,PO06,M,PASS,Frozen assumptions_and_regime supports PO06 for the V claim.,assumptions_and_regime,,
V06,V_VALIDATED,A separate frozen validation dataset is absent.,PO07,M,PASS,Frozen assumptions_and_regime supports PO07 for the V claim.,assumptions_and_regime,,
V06,V_VALIDATED,A separate frozen validation dataset is absent.,PO08,C,PASS,Frozen mechanism_evidence supports PO08 for the V claim.,mechanism_evidence,,
V06,V_VALIDATED,A separate frozen validation dataset is absent.,PO09,C,PASS,Frozen assumptions_and_regime supports PO09 for the V claim.,assumptions_and_regime,,
V06,V_VALIDATED,A separate frozen validation dataset is absent.,PO10,C,PASS,Frozen parameter_calibration supports PO10 for the V claim.,parameter_calibration,,
V06,V_VALIDATED,A separate frozen validation dataset is absent.,PO11,M,PASS,Frozen empirical_bounds supports PO11 for the V claim.,empirical_bounds,,
V06,V_VALIDATED,A separate frozen validation dataset is absent.,PO12,M,PASS,Frozen uncertainty_evidence supports PO12 for the V claim.,uncertainty_evidence,,
V06,V_VALIDATED,A separate frozen validation dataset is absent.,PO13,M,PASS,Frozen prediction_evidence supports PO13 for the V claim.,prediction_evidence,,
V06,V_VALIDATED,A separate frozen validation dataset is absent.,PO14,M,PASS,Frozen falsification_evidence supports PO14 for the V claim.,falsification_evidence,,
V06,V_VALIDATED,A separate frozen validation dataset is absent.,PO15,C,NOT_APPLICABLE,PO15 is conditional on V and is not activated by this frozen claim; reason is explicit in the evidence bundle.,provenance_evidence,,
V06,V_VALIDATED,A separate frozen validation dataset is absent.,PO16,M,PASS,Frozen provenance_evidence supports PO16 for the V claim.,provenance_evidence,,
V06,V_VALIDATED,A separate frozen validation dataset is absent.,PO17,M,UNKNOWN,Frozen validation_evidence is insufficient to promote V; outside evaluator knowledge may not be imported.,validation_evidence,EMPIRICAL,
V07,S_STRUCTURAL,Optical rays/action surfaces and mechanical trajectories/action surfaces share a variational structural correspondence.,PO00,M,PASS,Frozen grounding_evidence supports PO00 for the S claim.,grounding_evidence,,
V07,S_STRUCTURAL,Optical rays/action surfaces and mechanical trajectories/action surfaces share a variational structural correspondence.,PO01,M,PASS,Frozen mapping_evidence supports PO01 for the S claim.,mapping_evidence,,
V07,S_STRUCTURAL,Optical rays/action surfaces and mechanical trajectories/action surfaces share a variational structural correspondence.,PO02,M,PASS,Frozen mapping_evidence supports PO02 for the S claim.,mapping_evidence,,
V07,S_STRUCTURAL,Optical rays/action surfaces and mechanical trajectories/action surfaces share a variational structural correspondence.,PO03,M,PASS,Frozen mapping_evidence supports PO03 for the S claim.,mapping_evidence,,
V07,S_STRUCTURAL,Optical rays/action surfaces and mechanical trajectories/action surfaces share a variational structural correspondence.,PO16,M,PASS,Frozen provenance_evidence supports PO16 for the S claim.,provenance_evidence,,
V07,F_FORMAL,The eikonal/Hamilton–Jacobi structures can be mapped formally under their stated approximations.,PO00,M,PASS,Frozen grounding_evidence supports PO00 for the F claim.,grounding_evidence,,
V07,F_FORMAL,The eikonal/Hamilton–Jacobi structures can be mapped formally under their stated approximations.,PO01,M,PASS,Frozen mapping_evidence supports PO01 for the F claim.,mapping_evidence,,
V07,F_FORMAL,The eikonal/Hamilton–Jacobi structures can be mapped formally under their stated approximations.,PO02,M,PASS,Frozen mapping_evidence supports PO02 for the F claim.,mapping_evidence,,
V07,F_FORMAL,The eikonal/Hamilton–Jacobi structures can be mapped formally under their stated approximations.,PO03,M,PASS,Frozen mapping_evidence supports PO03 for the F claim.,mapping_evidence,,
V07,F_FORMAL,The eikonal/Hamilton–Jacobi structures can be mapped formally under their stated approximations.,PO04,M,PASS,Frozen formal_evidence supports PO04 for the F claim.,formal_evidence,,
V07,F_FORMAL,The eikonal/Hamilton–Jacobi structures can be mapped formally under their stated approximations.,PO05,C,PASS,Frozen formal_evidence supports PO05 for the F claim.,formal_evidence,,
V07,F_FORMAL,The eikonal/Hamilton–Jacobi structures can be mapped formally under their stated approximations.,PO06,M,PASS,Frozen assumptions_and_regime supports PO06 for the F claim.,assumptions_and_regime,,
V07,F_FORMAL,The eikonal/Hamilton–Jacobi structures can be mapped formally under their stated approximations.,PO07,M,PASS,Frozen assumptions_and_regime supports PO07 for the F claim.,assumptions_and_regime,,
V07,F_FORMAL,The eikonal/Hamilton–Jacobi structures can be mapped formally under their stated approximations.,PO09,C,NOT_APPLICABLE,PO09 is conditional on F and is not activated by this frozen claim; reason is explicit in the evidence bundle.,assumptions_and_regime,,
V07,F_FORMAL,The eikonal/Hamilton–Jacobi structures can be mapped formally under their stated approximations.,PO10,C,NOT_APPLICABLE,PO10 is conditional on F and is not activated by this frozen claim; reason is explicit in the evidence bundle.,parameter_calibration,,
V07,F_FORMAL,The eikonal/Hamilton–Jacobi structures can be mapped formally under their stated approximations.,PO11,C,NOT_APPLICABLE,PO11 is conditional on F and is not activated by this frozen claim; reason is explicit in the evidence bundle.,empirical_bounds,,
V07,F_FORMAL,The eikonal/Hamilton–Jacobi structures can be mapped formally under their stated approximations.,PO16,M,PASS,Frozen provenance_evidence supports PO16 for the F claim.,provenance_evidence,,
V07,M_MECHANISTIC,A stronger claim that optics and mechanics share one physical propagation mechanism is not supported by the frozen bundle.,PO00,M,PASS,Frozen grounding_evidence supports PO00 for the M claim.,grounding_evidence,,
V07,M_MECHANISTIC,A stronger claim that optics and mechanics share one physical propagation mechanism is not supported by the frozen bundle.,PO01,M,PASS,Frozen mapping_evidence supports PO01 for the M claim.,mapping_evidence,,
V07,M_MECHANISTIC,A stronger claim that optics and mechanics share one physical propagation mechanism is not supported by the frozen bundle.,PO02,M,PASS,Frozen mapping_evidence supports PO02 for the M claim.,mapping_evidence,,
V07,M_MECHANISTIC,A stronger claim that optics and mechanics share one physical propagation mechanism is not supported by the frozen bundle.,PO03,M,PASS,Frozen mapping_evidence supports PO03 for the M claim.,mapping_evidence,,
V07,M_MECHANISTIC,A stronger claim that optics and mechanics share one physical propagation mechanism is not supported by the frozen bundle.,PO04,M,PASS,Frozen formal_evidence supports PO04 for the M claim.,formal_evidence,,
V07,M_MECHANISTIC,A stronger claim that optics and mechanics share one physical propagation mechanism is not supported by the frozen bundle.,PO05,C,PASS,Frozen formal_evidence supports PO05 for the M claim.,formal_evidence,,
V07,M_MECHANISTIC,A stronger claim that optics and mechanics share one physical propagation mechanism is not supported by the frozen bundle.,PO06,M,PASS,Frozen assumptions_and_regime supports PO06 for the M claim.,assumptions_and_regime,,
V07,M_MECHANISTIC,A stronger claim that optics and mechanics share one physical propagation mechanism is not supported by the frozen bundle.,PO07,M,PASS,Frozen assumptions_and_regime supports PO07 for the M claim.,assumptions_and_regime,,
V07,M_MECHANISTIC,A stronger claim that optics and mechanics share one physical propagation mechanism is not supported by the frozen bundle.,PO08,M,FAIL,"The frozen evidence supports a Hamiltonian formal correspondence, not identity of the physical propagation mechanisms of rays and material particles.",mechanism_evidence,MECHANISM_CAUSALITY,IA08_MECHANISM_SMUGGLING
V07,M_MECHANISTIC,A stronger claim that optics and mechanics share one physical propagation mechanism is not supported by the frozen bundle.,PO09,M,PASS,Frozen assumptions_and_regime supports PO09 for the M claim.,assumptions_and_regime,,
V07,M_MECHANISTIC,A stronger claim that optics and mechanics share one physical propagation mechanism is not supported by the frozen bundle.,PO10,M,PASS,Frozen parameter_calibration supports PO10 for the M claim.,parameter_calibration,,
V07,M_MECHANISTIC,A stronger claim that optics and mechanics share one physical propagation mechanism is not supported by the frozen bundle.,PO11,M,PASS,Frozen empirical_bounds supports PO11 for the M claim.,empirical_bounds,,
V07,M_MECHANISTIC,A stronger claim that optics and mechanics share one physical propagation mechanism is not supported by the frozen bundle.,PO12,C,NOT_APPLICABLE,PO12 is conditional on M and is not activated by this frozen claim; reason is explicit in the evidence bundle.,uncertainty_evidence,,
V07,M_MECHANISTIC,A stronger claim that optics and mechanics share one physical propagation mechanism is not supported by the frozen bundle.,PO16,M,PASS,Frozen provenance_evidence supports PO16 for the M claim.,provenance_evidence,,
V08,S_STRUCTURAL,"Sensor-controller-actuator feedback structure maps to glucose measurement, insulin decision, and pump actuation.",PO00,M,PASS,Frozen grounding_evidence supports PO00 for the S claim.,grounding_evidence,,
V08,S_STRUCTURAL,"Sensor-controller-actuator feedback structure maps to glucose measurement, insulin decision, and pump actuation.",PO01,M,PASS,Frozen mapping_evidence supports PO01 for the S claim.,mapping_evidence,,
V08,S_STRUCTURAL,"Sensor-controller-actuator feedback structure maps to glucose measurement, insulin decision, and pump actuation.",PO02,M,PASS,Frozen mapping_evidence supports PO02 for the S claim.,mapping_evidence,,
V08,S_STRUCTURAL,"Sensor-controller-actuator feedback structure maps to glucose measurement, insulin decision, and pump actuation.",PO03,M,PASS,Frozen mapping_evidence supports PO03 for the S claim.,mapping_evidence,,
V08,S_STRUCTURAL,"Sensor-controller-actuator feedback structure maps to glucose measurement, insulin decision, and pump actuation.",PO16,M,PASS,Frozen provenance_evidence supports PO16 for the S claim.,provenance_evidence,,
V08,F_FORMAL,Closed-loop control calculations are well-defined with target physiological/safety constraints.,PO00,M,PASS,Frozen grounding_evidence supports PO00 for the F claim.,grounding_evidence,,
V08,F_FORMAL,Closed-loop control calculations are well-defined with target physiological/safety constraints.,PO01,M,PASS,Frozen mapping_evidence supports PO01 for the F claim.,mapping_evidence,,
V08,F_FORMAL,Closed-loop control calculations are well-defined with target physiological/safety constraints.,PO02,M,PASS,Frozen mapping_evidence supports PO02 for the F claim.,mapping_evidence,,
V08,F_FORMAL,Closed-loop control calculations are well-defined with target physiological/safety constraints.,PO03,M,PASS,Frozen mapping_evidence supports PO03 for the F claim.,mapping_evidence,,
V08,F_FORMAL,Closed-loop control calculations are well-defined with target physiological/safety constraints.,PO04,M,PASS,Frozen formal_evidence supports PO04 for the F claim.,formal_evidence,,
V08,F_FORMAL,Closed-loop control calculations are well-defined with target physiological/safety constraints.,PO05,C,PASS,Frozen formal_evidence supports PO05 for the F claim.,formal_evidence,,
V08,F_FORMAL,Closed-loop control calculations are well-defined with target physiological/safety constraints.,PO06,M,PASS,Frozen assumptions_and_regime supports PO06 for the F claim.,assumptions_and_regime,,
V08,F_FORMAL,Closed-loop control calculations are well-defined with target physiological/safety constraints.,PO07,M,PASS,Frozen assumptions_and_regime supports PO07 for the F claim.,assumptions_and_regime,,
V08,F_FORMAL,Closed-loop control calculations are well-defined with target physiological/safety constraints.,PO09,C,PASS,Frozen assumptions_and_regime supports PO09 for the F claim.,assumptions_and_regime,,
V08,F_FORMAL,Closed-loop control calculations are well-defined with target physiological/safety constraints.,PO10,C,PASS,Frozen parameter_calibration supports PO10 for the F claim.,parameter_calibration,,
V08,F_FORMAL,Closed-loop control calculations are well-defined with target physiological/safety constraints.,PO11,C,PASS,Frozen empirical_bounds supports PO11 for the F claim.,empirical_bounds,,
V08,F_FORMAL,Closed-loop control calculations are well-defined with target physiological/safety constraints.,PO16,M,PASS,Frozen provenance_evidence supports PO16 for the F claim.,provenance_evidence,,
V08,M_MECHANISTIC,The physical glucose→controller→insulin→glucose loop instantiates the target causal mechanism.,PO00,M,PASS,Frozen grounding_evidence supports PO00 for the M claim.,grounding_evidence,,
V08,M_MECHANISTIC,The physical glucose→controller→insulin→glucose loop instantiates the target causal mechanism.,PO01,M,PASS,Frozen mapping_evidence supports PO01 for the M claim.,mapping_evidence,,
V08,M_MECHANISTIC,The physical glucose→controller→insulin→glucose loop instantiates the target causal mechanism.,PO02,M,PASS,Frozen mapping_evidence supports PO02 for the M claim.,mapping_evidence,,
V08,M_MECHANISTIC,The physical glucose→controller→insulin→glucose loop instantiates the target causal mechanism.,PO03,M,PASS,Frozen mapping_evidence supports PO03 for the M claim.,mapping_evidence,,
V08,M_MECHANISTIC,The physical glucose→controller→insulin→glucose loop instantiates the target causal mechanism.,PO04,M,PASS,Frozen formal_evidence supports PO04 for the M claim.,formal_evidence,,
V08,M_MECHANISTIC,The physical glucose→controller→insulin→glucose loop instantiates the target causal mechanism.,PO05,C,PASS,Frozen formal_evidence supports PO05 for the M claim.,formal_evidence,,
V08,M_MECHANISTIC,The physical glucose→controller→insulin→glucose loop instantiates the target causal mechanism.,PO06,M,PASS,Frozen assumptions_and_regime supports PO06 for the M claim.,assumptions_and_regime,,
V08,M_MECHANISTIC,The physical glucose→controller→insulin→glucose loop instantiates the target causal mechanism.,PO07,M,PASS,Frozen assumptions_and_regime supports PO07 for the M claim.,assumptions_and_regime,,
V08,M_MECHANISTIC,The physical glucose→controller→insulin→glucose loop instantiates the target causal mechanism.,PO08,M,PASS,Frozen mechanism_evidence supports PO08 for the M claim.,mechanism_evidence,,
V08,M_MECHANISTIC,The physical glucose→controller→insulin→glucose loop instantiates the target causal mechanism.,PO09,M,PASS,Frozen assumptions_and_regime supports PO09 for the M claim.,assumptions_and_regime,,
V08,M_MECHANISTIC,The physical glucose→controller→insulin→glucose loop instantiates the target causal mechanism.,PO10,M,PASS,Frozen parameter_calibration supports PO10 for the M claim.,parameter_calibration,,
V08,M_MECHANISTIC,The physical glucose→controller→insulin→glucose loop instantiates the target causal mechanism.,PO11,M,PASS,Frozen empirical_bounds supports PO11 for the M claim.,empirical_bounds,,
V08,M_MECHANISTIC,The physical glucose→controller→insulin→glucose loop instantiates the target causal mechanism.,PO12,C,NOT_APPLICABLE,PO12 is conditional on M and is not activated by this frozen claim; reason is explicit in the evidence bundle.,uncertainty_evidence,,
V08,M_MECHANISTIC,The physical glucose→controller→insulin→glucose loop instantiates the target causal mechanism.,PO16,M,PASS,Frozen provenance_evidence supports PO16 for the M claim.,provenance_evidence,,
V08,P_PREDICTIVE,The closed-loop system predicts improved prespecified glycemic control relative to the comparison condition.,PO00,M,PASS,Frozen grounding_evidence supports PO00 for the P claim.,grounding_evidence,,
V08,P_PREDICTIVE,The closed-loop system predicts improved prespecified glycemic control relative to the comparison condition.,PO01,M,PASS,Frozen mapping_evidence supports PO01 for the P claim.,mapping_evidence,,
V08,P_PREDICTIVE,The closed-loop system predicts improved prespecified glycemic control relative to the comparison condition.,PO02,M,PASS,Frozen mapping_evidence supports PO02 for the P claim.,mapping_evidence,,
V08,P_PREDICTIVE,The closed-loop system predicts improved prespecified glycemic control relative to the comparison condition.,PO03,M,PASS,Frozen mapping_evidence supports PO03 for the P claim.,mapping_evidence,,
V08,P_PREDICTIVE,The closed-loop system predicts improved prespecified glycemic control relative to the comparison condition.,PO04,M,PASS,Frozen formal_evidence supports PO04 for the P claim.,formal_evidence,,
V08,P_PREDICTIVE,The closed-loop system predicts improved prespecified glycemic control relative to the comparison condition.,PO05,C,PASS,Frozen formal_evidence supports PO05 for the P claim.,formal_evidence,,
V08,P_PREDICTIVE,The closed-loop system predicts improved prespecified glycemic control relative to the comparison condition.,PO06,M,PASS,Frozen assumptions_and_regime supports PO06 for the P claim.,assumptions_and_regime,,
V08,P_PREDICTIVE,The closed-loop system predicts improved prespecified glycemic control relative to the comparison condition.,PO07,M,PASS,Frozen assumptions_and_regime supports PO07 for the P claim.,assumptions_and_regime,,
V08,P_PREDICTIVE,The closed-loop system predicts improved prespecified glycemic control relative to the comparison condition.,PO08,C,PASS,Frozen mechanism_evidence supports PO08 for the P claim.,mechanism_evidence,,
V08,P_PREDICTIVE,The closed-loop system predicts improved prespecified glycemic control relative to the comparison condition.,PO09,C,PASS,Frozen assumptions_and_regime supports PO09 for the P claim.,assumptions_and_regime,,
V08,P_PREDICTIVE,The closed-loop system predicts improved prespecified glycemic control relative to the comparison condition.,PO10,C,PASS,Frozen parameter_calibration supports PO10 for the P claim.,parameter_calibration,,
V08,P_PREDICTIVE,The closed-loop system predicts improved prespecified glycemic control relative to the comparison condition.,PO11,M,PASS,Frozen empirical_bounds supports PO11 for the P claim.,empirical_bounds,,
V08,P_PREDICTIVE,The closed-loop system predicts improved prespecified glycemic control relative to the comparison condition.,PO12,M,PASS,Frozen uncertainty_evidence supports PO12 for the P claim.,uncertainty_evidence,,
V08,P_PREDICTIVE,The closed-loop system predicts improved prespecified glycemic control relative to the comparison condition.,PO13,M,PASS,Frozen prediction_evidence supports PO13 for the P claim.,prediction_evidence,,
V08,P_PREDICTIVE,The closed-loop system predicts improved prespecified glycemic control relative to the comparison condition.,PO14,M,PASS,Frozen falsification_evidence supports PO14 for the P claim.,falsification_evidence,,
V08,P_PREDICTIVE,The closed-loop system predicts improved prespecified glycemic control relative to the comparison condition.,PO15,C,NOT_APPLICABLE,PO15 is conditional on P and is not activated by this frozen claim; reason is explicit in the evidence bundle.,provenance_evidence,,
V08,P_PREDICTIVE,The closed-loop system predicts improved prespecified glycemic control relative to the comparison condition.,PO16,M,PASS,Frozen provenance_evidence supports PO16 for the P claim.,provenance_evidence,,
V08,V_VALIDATED,A randomized multicenter trial supplies the frozen validation test.,PO00,M,PASS,Frozen grounding_evidence supports PO00 for the V claim.,grounding_evidence,,
V08,V_VALIDATED,A randomized multicenter trial supplies the frozen validation test.,PO01,M,PASS,Frozen mapping_evidence supports PO01 for the V claim.,mapping_evidence,,
V08,V_VALIDATED,A randomized multicenter trial supplies the frozen validation test.,PO02,M,PASS,Frozen mapping_evidence supports PO02 for the V claim.,mapping_evidence,,
V08,V_VALIDATED,A randomized multicenter trial supplies the frozen validation test.,PO03,M,PASS,Frozen mapping_evidence supports PO03 for the V claim.,mapping_evidence,,
V08,V_VALIDATED,A randomized multicenter trial supplies the frozen validation test.,PO04,M,PASS,Frozen formal_evidence supports PO04 for the V claim.,formal_evidence,,
V08,V_VALIDATED,A randomized multicenter trial supplies the frozen validation test.,PO05,C,PASS,Frozen formal_evidence supports PO05 for the V claim.,formal_evidence,,
V08,V_VALIDATED,A randomized multicenter trial supplies the frozen validation test.,PO06,M,PASS,Frozen assumptions_and_regime supports PO06 for the V claim.,assumptions_and_regime,,
V08,V_VALIDATED,A randomized multicenter trial supplies the frozen validation test.,PO07,M,PASS,Frozen assumptions_and_regime supports PO07 for the V claim.,assumptions_and_regime,,
V08,V_VALIDATED,A randomized multicenter trial supplies the frozen validation test.,PO08,C,PASS,Frozen mechanism_evidence supports PO08 for the V claim.,mechanism_evidence,,
V08,V_VALIDATED,A randomized multicenter trial supplies the frozen validation test.,PO09,C,PASS,Frozen assumptions_and_regime supports PO09 for the V claim.,assumptions_and_regime,,
V08,V_VALIDATED,A randomized multicenter trial supplies the frozen validation test.,PO10,C,PASS,Frozen parameter_calibration supports PO10 for the V claim.,parameter_calibration,,
V08,V_VALIDATED,A randomized multicenter trial supplies the frozen validation test.,PO11,M,PASS,Frozen empirical_bounds supports PO11 for the V claim.,empirical_bounds,,
V08,V_VALIDATED,A randomized multicenter trial supplies the frozen validation test.,PO12,M,PASS,Frozen uncertainty_evidence supports PO12 for the V claim.,uncertainty_evidence,,
V08,V_VALIDATED,A randomized multicenter trial supplies the frozen validation test.,PO13,M,PASS,Frozen prediction_evidence supports PO13 for the V claim.,prediction_evidence,,
V08,V_VALIDATED,A randomized multicenter trial supplies the frozen validation test.,PO14,M,PASS,Frozen falsification_evidence supports PO14 for the V claim.,falsification_evidence,,
V08,V_VALIDATED,A randomized multicenter trial supplies the frozen validation test.,PO15,C,NOT_APPLICABLE,PO15 is conditional on V and is not activated by this frozen claim; reason is explicit in the evidence bundle.,provenance_evidence,,
V08,V_VALIDATED,A randomized multicenter trial supplies the frozen validation test.,PO16,M,PASS,Frozen provenance_evidence supports PO16 for the V claim.,provenance_evidence,,
V08,V_VALIDATED,A randomized multicenter trial supplies the frozen validation test.,PO17,M,PASS,Frozen validation_evidence supports PO17 for the V claim.,validation_evidence,,
V09,S_STRUCTURAL,A DNA storage workflow can be treated structurally as a noisy communication/storage channel.,PO00,M,PASS,Frozen grounding_evidence supports PO00 for the S claim.,grounding_evidence,,
V09,S_STRUCTURAL,A DNA storage workflow can be treated structurally as a noisy communication/storage channel.,PO01,M,PASS,Frozen mapping_evidence supports PO01 for the S claim.,mapping_evidence,,
V09,S_STRUCTURAL,A DNA storage workflow can be treated structurally as a noisy communication/storage channel.,PO02,M,PASS,Frozen mapping_evidence supports PO02 for the S claim.,mapping_evidence,,
V09,S_STRUCTURAL,A DNA storage workflow can be treated structurally as a noisy communication/storage channel.,PO03,M,PASS,Frozen mapping_evidence supports PO03 for the S claim.,mapping_evidence,,
V09,S_STRUCTURAL,A DNA storage workflow can be treated structurally as a noisy communication/storage channel.,PO16,M,PASS,Frozen provenance_evidence supports PO16 for the S claim.,provenance_evidence,,
V09,F_FORMAL,Fountain/error-correcting coding transfers as a target digital encoding/decoding formalism.,PO00,M,PASS,Frozen grounding_evidence supports PO00 for the F claim.,grounding_evidence,,
V09,F_FORMAL,Fountain/error-correcting coding transfers as a target digital encoding/decoding formalism.,PO01,M,PASS,Frozen mapping_evidence supports PO01 for the F claim.,mapping_evidence,,
V09,F_FORMAL,Fountain/error-correcting coding transfers as a target digital encoding/decoding formalism.,PO02,M,PASS,Frozen mapping_evidence supports PO02 for the F claim.,mapping_evidence,,
V09,F_FORMAL,Fountain/error-correcting coding transfers as a target digital encoding/decoding formalism.,PO03,M,PASS,Frozen mapping_evidence supports PO03 for the F claim.,mapping_evidence,,
V09,F_FORMAL,Fountain/error-correcting coding transfers as a target digital encoding/decoding formalism.,PO04,M,PASS,Frozen formal_evidence supports PO04 for the F claim.,formal_evidence,,
V09,F_FORMAL,Fountain/error-correcting coding transfers as a target digital encoding/decoding formalism.,PO05,C,PASS,Frozen formal_evidence supports PO05 for the F claim.,formal_evidence,,
V09,F_FORMAL,Fountain/error-correcting coding transfers as a target digital encoding/decoding formalism.,PO06,M,PASS,Frozen assumptions_and_regime supports PO06 for the F claim.,assumptions_and_regime,,
V09,F_FORMAL,Fountain/error-correcting coding transfers as a target digital encoding/decoding formalism.,PO07,M,PASS,Frozen assumptions_and_regime supports PO07 for the F claim.,assumptions_and_regime,,
V09,F_FORMAL,Fountain/error-correcting coding transfers as a target digital encoding/decoding formalism.,PO09,C,PASS,Frozen assumptions_and_regime supports PO09 for the F claim.,assumptions_and_regime,,
V09,F_FORMAL,Fountain/error-correcting coding transfers as a target digital encoding/decoding formalism.,PO10,C,PASS,Frozen parameter_calibration supports PO10 for the F claim.,parameter_calibration,,
V09,F_FORMAL,Fountain/error-correcting coding transfers as a target digital encoding/decoding formalism.,PO11,C,PASS,Frozen empirical_bounds supports PO11 for the F claim.,empirical_bounds,,
V09,F_FORMAL,Fountain/error-correcting coding transfers as a target digital encoding/decoding formalism.,PO16,M,PASS,Frozen provenance_evidence supports PO16 for the F claim.,provenance_evidence,,
V09,M_MECHANISTIC,"Synthesis, molecular storage, sequencing, and decoding instantiate the physical target channel process.",PO00,M,PASS,Frozen grounding_evidence supports PO00 for the M claim.,grounding_evidence,,
V09,M_MECHANISTIC,"Synthesis, molecular storage, sequencing, and decoding instantiate the physical target channel process.",PO01,M,PASS,Frozen mapping_evidence supports PO01 for the M claim.,mapping_evidence,,
V09,M_MECHANISTIC,"Synthesis, molecular storage, sequencing, and decoding instantiate the physical target channel process.",PO02,M,PASS,Frozen mapping_evidence supports PO02 for the M claim.,mapping_evidence,,
V09,M_MECHANISTIC,"Synthesis, molecular storage, sequencing, and decoding instantiate the physical target channel process.",PO03,M,PASS,Frozen mapping_evidence supports PO03 for the M claim.,mapping_evidence,,
V09,M_MECHANISTIC,"Synthesis, molecular storage, sequencing, and decoding instantiate the physical target channel process.",PO04,M,PASS,Frozen formal_evidence supports PO04 for the M claim.,formal_evidence,,
V09,M_MECHANISTIC,"Synthesis, molecular storage, sequencing, and decoding instantiate the physical target channel process.",PO05,C,PASS,Frozen formal_evidence supports PO05 for the M claim.,formal_evidence,,
V09,M_MECHANISTIC,"Synthesis, molecular storage, sequencing, and decoding instantiate the physical target channel process.",PO06,M,PASS,Frozen assumptions_and_regime supports PO06 for the M claim.,assumptions_and_regime,,
V09,M_MECHANISTIC,"Synthesis, molecular storage, sequencing, and decoding instantiate the physical target channel process.",PO07,M,PASS,Frozen assumptions_and_regime supports PO07 for the M claim.,assumptions_and_regime,,
V09,M_MECHANISTIC,"Synthesis, molecular storage, sequencing, and decoding instantiate the physical target channel process.",PO08,M,PASS,Frozen mechanism_evidence supports PO08 for the M claim.,mechanism_evidence,,
V09,M_MECHANISTIC,"Synthesis, molecular storage, sequencing, and decoding instantiate the physical target channel process.",PO09,M,PASS,Frozen assumptions_and_regime supports PO09 for the M claim.,assumptions_and_regime,,
V09,M_MECHANISTIC,"Synthesis, molecular storage, sequencing, and decoding instantiate the physical target channel process.",PO10,M,PASS,Frozen parameter_calibration supports PO10 for the M claim.,parameter_calibration,,
V09,M_MECHANISTIC,"Synthesis, molecular storage, sequencing, and decoding instantiate the physical target channel process.",PO11,M,PASS,Frozen empirical_bounds supports PO11 for the M claim.,empirical_bounds,,
V09,M_MECHANISTIC,"Synthesis, molecular storage, sequencing, and decoding instantiate the physical target channel process.",PO12,C,NOT_APPLICABLE,PO12 is conditional on M and is not activated by this frozen claim; reason is explicit in the evidence bundle.,uncertainty_evidence,,
V09,M_MECHANISTIC,"Synthesis, molecular storage, sequencing, and decoding instantiate the physical target channel process.",PO16,M,PASS,Frozen provenance_evidence supports PO16 for the M claim.,provenance_evidence,,
V09,P_PREDICTIVE,The coding design predicts recoverability under bounded DNA-channel error/erasure conditions.,PO00,M,PASS,Frozen grounding_evidence supports PO00 for the P claim.,grounding_evidence,,
V09,P_PREDICTIVE,The coding design predicts recoverability under bounded DNA-channel error/erasure conditions.,PO01,M,PASS,Frozen mapping_evidence supports PO01 for the P claim.,mapping_evidence,,
V09,P_PREDICTIVE,The coding design predicts recoverability under bounded DNA-channel error/erasure conditions.,PO02,M,PASS,Frozen mapping_evidence supports PO02 for the P claim.,mapping_evidence,,
V09,P_PREDICTIVE,The coding design predicts recoverability under bounded DNA-channel error/erasure conditions.,PO03,M,PASS,Frozen mapping_evidence supports PO03 for the P claim.,mapping_evidence,,
V09,P_PREDICTIVE,The coding design predicts recoverability under bounded DNA-channel error/erasure conditions.,PO04,M,PASS,Frozen formal_evidence supports PO04 for the P claim.,formal_evidence,,
V09,P_PREDICTIVE,The coding design predicts recoverability under bounded DNA-channel error/erasure conditions.,PO05,C,PASS,Frozen formal_evidence supports PO05 for the P claim.,formal_evidence,,
V09,P_PREDICTIVE,The coding design predicts recoverability under bounded DNA-channel error/erasure conditions.,PO06,M,PASS,Frozen assumptions_and_regime supports PO06 for the P claim.,assumptions_and_regime,,
V09,P_PREDICTIVE,The coding design predicts recoverability under bounded DNA-channel error/erasure conditions.,PO07,M,PASS,Frozen assumptions_and_regime supports PO07 for the P claim.,assumptions_and_regime,,
V09,P_PREDICTIVE,The coding design predicts recoverability under bounded DNA-channel error/erasure conditions.,PO08,C,PASS,Frozen mechanism_evidence supports PO08 for the P claim.,mechanism_evidence,,
V09,P_PREDICTIVE,The coding design predicts recoverability under bounded DNA-channel error/erasure conditions.,PO09,C,PASS,Frozen assumptions_and_regime supports PO09 for the P claim.,assumptions_and_regime,,
V09,P_PREDICTIVE,The coding design predicts recoverability under bounded DNA-channel error/erasure conditions.,PO10,C,PASS,Frozen parameter_calibration supports PO10 for the P claim.,parameter_calibration,,
V09,P_PREDICTIVE,The coding design predicts recoverability under bounded DNA-channel error/erasure conditions.,PO11,M,PASS,Frozen empirical_bounds supports PO11 for the P claim.,empirical_bounds,,
V09,P_PREDICTIVE,The coding design predicts recoverability under bounded DNA-channel error/erasure conditions.,PO12,M,PASS,Frozen uncertainty_evidence supports PO12 for the P claim.,uncertainty_evidence,,
V09,P_PREDICTIVE,The coding design predicts recoverability under bounded DNA-channel error/erasure conditions.,PO13,M,PASS,Frozen prediction_evidence supports PO13 for the P claim.,prediction_evidence,,
V09,P_PREDICTIVE,The coding design predicts recoverability under bounded DNA-channel error/erasure conditions.,PO14,M,PASS,Frozen falsification_evidence supports PO14 for the P claim.,falsification_evidence,,
V09,P_PREDICTIVE,The coding design predicts recoverability under bounded DNA-channel error/erasure conditions.,PO15,C,NOT_APPLICABLE,PO15 is conditional on P and is not activated by this frozen claim; reason is explicit in the evidence bundle.,provenance_evidence,,
V09,P_PREDICTIVE,The coding design predicts recoverability under bounded DNA-channel error/erasure conditions.,PO16,M,PASS,Frozen provenance_evidence supports PO16 for the P claim.,provenance_evidence,,
V09,V_VALIDATED,The frozen physical DNA encode/recover experiment validates the P claim.,PO00,M,PASS,Frozen grounding_evidence supports PO00 for the V claim.,grounding_evidence,,
V09,V_VALIDATED,The frozen physical DNA encode/recover experiment validates the P claim.,PO01,M,PASS,Frozen mapping_evidence supports PO01 for the V claim.,mapping_evidence,,
V09,V_VALIDATED,The frozen physical DNA encode/recover experiment validates the P claim.,PO02,M,PASS,Frozen mapping_evidence supports PO02 for the V claim.,mapping_evidence,,
V09,V_VALIDATED,The frozen physical DNA encode/recover experiment validates the P claim.,PO03,M,PASS,Frozen mapping_evidence supports PO03 for the V claim.,mapping_evidence,,
V09,V_VALIDATED,The frozen physical DNA encode/recover experiment validates the P claim.,PO04,M,PASS,Frozen formal_evidence supports PO04 for the V claim.,formal_evidence,,
V09,V_VALIDATED,The frozen physical DNA encode/recover experiment validates the P claim.,PO05,C,PASS,Frozen formal_evidence supports PO05 for the V claim.,formal_evidence,,
V09,V_VALIDATED,The frozen physical DNA encode/recover experiment validates the P claim.,PO06,M,PASS,Frozen assumptions_and_regime supports PO06 for the V claim.,assumptions_and_regime,,
V09,V_VALIDATED,The frozen physical DNA encode/recover experiment validates the P claim.,PO07,M,PASS,Frozen assumptions_and_regime supports PO07 for the V claim.,assumptions_and_regime,,
V09,V_VALIDATED,The frozen physical DNA encode/recover experiment validates the P claim.,PO08,C,PASS,Frozen mechanism_evidence supports PO08 for the V claim.,mechanism_evidence,,
V09,V_VALIDATED,The frozen physical DNA encode/recover experiment validates the P claim.,PO09,C,PASS,Frozen assumptions_and_regime supports PO09 for the V claim.,assumptions_and_regime,,
V09,V_VALIDATED,The frozen physical DNA encode/recover experiment validates the P claim.,PO10,C,PASS,Frozen parameter_calibration supports PO10 for the V claim.,parameter_calibration,,
V09,V_VALIDATED,The frozen physical DNA encode/recover experiment validates the P claim.,PO11,M,PASS,Frozen empirical_bounds supports PO11 for the V claim.,empirical_bounds,,
V09,V_VALIDATED,The frozen physical DNA encode/recover experiment validates the P claim.,PO12,M,PASS,Frozen uncertainty_evidence supports PO12 for the V claim.,uncertainty_evidence,,
V09,V_VALIDATED,The frozen physical DNA encode/recover experiment validates the P claim.,PO13,M,PASS,Frozen prediction_evidence supports PO13 for the V claim.,prediction_evidence,,
V09,V_VALIDATED,The frozen physical DNA encode/recover experiment validates the P claim.,PO14,M,PASS,Frozen falsification_evidence supports PO14 for the V claim.,falsification_evidence,,
V09,V_VALIDATED,The frozen physical DNA encode/recover experiment validates the P claim.,PO15,C,NOT_APPLICABLE,PO15 is conditional on V and is not activated by this frozen claim; reason is explicit in the evidence bundle.,provenance_evidence,,
V09,V_VALIDATED,The frozen physical DNA encode/recover experiment validates the P claim.,PO16,M,PASS,Frozen provenance_evidence supports PO16 for the V claim.,provenance_evidence,,
V09,V_VALIDATED,The frozen physical DNA encode/recover experiment validates the P claim.,PO17,M,PASS,Frozen validation_evidence supports PO17 for the V claim.,validation_evidence,,
V10,S_STRUCTURAL,Coupled interaction-rate structures can map from chemical species to interacting populations.,PO00,M,PASS,Frozen grounding_evidence supports PO00 for the S claim.,grounding_evidence,,
V10,S_STRUCTURAL,Coupled interaction-rate structures can map from chemical species to interacting populations.,PO01,M,PASS,Frozen mapping_evidence supports PO01 for the S claim.,mapping_evidence,,
V10,S_STRUCTURAL,Coupled interaction-rate structures can map from chemical species to interacting populations.,PO02,M,PASS,Frozen mapping_evidence supports PO02 for the S claim.,mapping_evidence,,
V10,S_STRUCTURAL,Coupled interaction-rate structures can map from chemical species to interacting populations.,PO03,M,PASS,Frozen mapping_evidence supports PO03 for the S claim.,mapping_evidence,,
V10,S_STRUCTURAL,Coupled interaction-rate structures can map from chemical species to interacting populations.,PO16,M,PASS,Frozen provenance_evidence supports PO16 for the S claim.,provenance_evidence,,
V10,F_FORMAL,Mass-action-style nonlinear interaction equations can be re-expressed with target ecological variables/parameters.,PO00,M,PASS,Frozen grounding_evidence supports PO00 for the F claim.,grounding_evidence,,
V10,F_FORMAL,Mass-action-style nonlinear interaction equations can be re-expressed with target ecological variables/parameters.,PO01,M,PASS,Frozen mapping_evidence supports PO01 for the F claim.,mapping_evidence,,
V10,F_FORMAL,Mass-action-style nonlinear interaction equations can be re-expressed with target ecological variables/parameters.,PO02,M,PASS,Frozen mapping_evidence supports PO02 for the F claim.,mapping_evidence,,
V10,F_FORMAL,Mass-action-style nonlinear interaction equations can be re-expressed with target ecological variables/parameters.,PO03,M,PASS,Frozen mapping_evidence supports PO03 for the F claim.,mapping_evidence,,
V10,F_FORMAL,Mass-action-style nonlinear interaction equations can be re-expressed with target ecological variables/parameters.,PO04,M,PASS,Frozen formal_evidence supports PO04 for the F claim.,formal_evidence,,
V10,F_FORMAL,Mass-action-style nonlinear interaction equations can be re-expressed with target ecological variables/parameters.,PO05,C,PASS,Frozen formal_evidence supports PO05 for the F claim.,formal_evidence,,
V10,F_FORMAL,Mass-action-style nonlinear interaction equations can be re-expressed with target ecological variables/parameters.,PO06,M,PASS,Frozen assumptions_and_regime supports PO06 for the F claim.,assumptions_and_regime,,
V10,F_FORMAL,Mass-action-style nonlinear interaction equations can be re-expressed with target ecological variables/parameters.,PO07,M,PASS,Frozen assumptions_and_regime supports PO07 for the F claim.,assumptions_and_regime,,
V10,F_FORMAL,Mass-action-style nonlinear interaction equations can be re-expressed with target ecological variables/parameters.,PO09,C,PASS,Frozen assumptions_and_regime supports PO09 for the F claim.,assumptions_and_regime,,
V10,F_FORMAL,Mass-action-style nonlinear interaction equations can be re-expressed with target ecological variables/parameters.,PO10,C,PASS,Frozen parameter_calibration supports PO10 for the F claim.,parameter_calibration,,
V10,F_FORMAL,Mass-action-style nonlinear interaction equations can be re-expressed with target ecological variables/parameters.,PO11,C,NOT_APPLICABLE,PO11 is conditional on F and is not activated by this frozen claim; reason is explicit in the evidence bundle.,empirical_bounds,,
V10,F_FORMAL,Mass-action-style nonlinear interaction equations can be re-expressed with target ecological variables/parameters.,PO16,M,PASS,Frozen provenance_evidence supports PO16 for the F claim.,provenance_evidence,,
V10,M_MECHANISTIC,A stronger claim that predator–prey dynamics literally instantiate molecular collision/reaction mechanism is not supported.,PO00,M,PASS,Frozen grounding_evidence supports PO00 for the M claim.,grounding_evidence,,
V10,M_MECHANISTIC,A stronger claim that predator–prey dynamics literally instantiate molecular collision/reaction mechanism is not supported.,PO01,M,PASS,Frozen mapping_evidence supports PO01 for the M claim.,mapping_evidence,,
V10,M_MECHANISTIC,A stronger claim that predator–prey dynamics literally instantiate molecular collision/reaction mechanism is not supported.,PO02,M,PASS,Frozen mapping_evidence supports PO02 for the M claim.,mapping_evidence,,
V10,M_MECHANISTIC,A stronger claim that predator–prey dynamics literally instantiate molecular collision/reaction mechanism is not supported.,PO03,M,PASS,Frozen mapping_evidence supports PO03 for the M claim.,mapping_evidence,,
V10,M_MECHANISTIC,A stronger claim that predator–prey dynamics literally instantiate molecular collision/reaction mechanism is not supported.,PO04,M,PASS,Frozen formal_evidence supports PO04 for the M claim.,formal_evidence,,
V10,M_MECHANISTIC,A stronger claim that predator–prey dynamics literally instantiate molecular collision/reaction mechanism is not supported.,PO05,C,PASS,Frozen formal_evidence supports PO05 for the M claim.,formal_evidence,,
V10,M_MECHANISTIC,A stronger claim that predator–prey dynamics literally instantiate molecular collision/reaction mechanism is not supported.,PO06,M,PASS,Frozen assumptions_and_regime supports PO06 for the M claim.,assumptions_and_regime,,
V10,M_MECHANISTIC,A stronger claim that predator–prey dynamics literally instantiate molecular collision/reaction mechanism is not supported.,PO07,M,PASS,Frozen assumptions_and_regime supports PO07 for the M claim.,assumptions_and_regime,,
V10,M_MECHANISTIC,A stronger claim that predator–prey dynamics literally instantiate molecular collision/reaction mechanism is not supported.,PO08,M,FAIL,"The frozen evidence supports mass-action equation transfer to population dynamics, not identity between molecular-collision and biological/social contact mechanisms.",mechanism_evidence,MECHANISM_CAUSALITY,IA08_MECHANISM_SMUGGLING
V10,M_MECHANISTIC,A stronger claim that predator–prey dynamics literally instantiate molecular collision/reaction mechanism is not supported.,PO09,M,PASS,Frozen assumptions_and_regime supports PO09 for the M claim.,assumptions_and_regime,,
V10,M_MECHANISTIC,A stronger claim that predator–prey dynamics literally instantiate molecular collision/reaction mechanism is not supported.,PO10,M,PASS,Frozen parameter_calibration supports PO10 for the M claim.,parameter_calibration,,
V10,M_MECHANISTIC,A stronger claim that predator–prey dynamics literally instantiate molecular collision/reaction mechanism is not supported.,PO11,M,PASS,Frozen empirical_bounds supports PO11 for the M claim.,empirical_bounds,,
V10,M_MECHANISTIC,A stronger claim that predator–prey dynamics literally instantiate molecular collision/reaction mechanism is not supported.,PO12,C,NOT_APPLICABLE,PO12 is conditional on M and is not activated by this frozen claim; reason is explicit in the evidence bundle.,uncertainty_evidence,,
V10,M_MECHANISTIC,A stronger claim that predator–prey dynamics literally instantiate molecular collision/reaction mechanism is not supported.,PO16,M,PASS,Frozen provenance_evidence supports PO16 for the M claim.,provenance_evidence,,
I01,S_STRUCTURAL,A central-attraction/orbit relationship is a limited structural analogy.,PO00,M,PASS,Frozen grounding_evidence supports PO00 for the S claim.,grounding_evidence,,
I01,S_STRUCTURAL,A central-attraction/orbit relationship is a limited structural analogy.,PO01,M,PASS,Frozen mapping_evidence supports PO01 for the S claim.,mapping_evidence,,
I01,S_STRUCTURAL,A central-attraction/orbit relationship is a limited structural analogy.,PO02,M,PASS,Frozen mapping_evidence supports PO02 for the S claim.,mapping_evidence,,
I01,S_STRUCTURAL,A central-attraction/orbit relationship is a limited structural analogy.,PO03,M,PASS,Frozen mapping_evidence supports PO03 for the S claim.,mapping_evidence,,
I01,S_STRUCTURAL,A central-attraction/orbit relationship is a limited structural analogy.,PO16,M,PASS,Frozen provenance_evidence supports PO16 for the S claim.,provenance_evidence,,
I01,F_FORMAL,The stronger claim that classical planetary equations form an adequate stable atomic theory under atomic conditions.,PO00,M,PASS,Frozen grounding_evidence supports PO00 for the F claim.,grounding_evidence,,
I01,F_FORMAL,The stronger claim that classical planetary equations form an adequate stable atomic theory under atomic conditions.,PO01,M,PASS,Frozen mapping_evidence supports PO01 for the F claim.,mapping_evidence,,
I01,F_FORMAL,The stronger claim that classical planetary equations form an adequate stable atomic theory under atomic conditions.,PO02,M,PASS,Frozen mapping_evidence supports PO02 for the F claim.,mapping_evidence,,
I01,F_FORMAL,The stronger claim that classical planetary equations form an adequate stable atomic theory under atomic conditions.,PO03,M,PASS,Frozen mapping_evidence supports PO03 for the F claim.,mapping_evidence,,
I01,F_FORMAL,The stronger claim that classical planetary equations form an adequate stable atomic theory under atomic conditions.,PO04,M,PASS,Frozen formal_evidence supports PO04 for the F claim.,formal_evidence,,
I01,F_FORMAL,The stronger claim that classical planetary equations form an adequate stable atomic theory under atomic conditions.,PO05,C,PASS,Frozen formal_evidence supports PO05 for the F claim.,formal_evidence,,
I01,F_FORMAL,The stronger claim that classical planetary equations form an adequate stable atomic theory under atomic conditions.,PO06,M,FAIL,Classical stable-orbit assumptions do not survive the charged atomic regime.,assumptions_and_regime,ASSUMPTION_REGIME,IA06_ASSUMPTION_LAUNDERING
I01,F_FORMAL,The stronger claim that classical planetary equations form an adequate stable atomic theory under atomic conditions.,PO07,M,FAIL,Planetary classical regime is extrapolated into atomic-scale physics without support.,assumptions_and_regime,ASSUMPTION_REGIME,IA07_REGIME_EXTRAPOLATION
I01,F_FORMAL,The stronger claim that classical planetary equations form an adequate stable atomic theory under atomic conditions.,PO09,C,PASS,Frozen assumptions_and_regime supports PO09 for the F claim.,assumptions_and_regime,,
I01,F_FORMAL,The stronger claim that classical planetary equations form an adequate stable atomic theory under atomic conditions.,PO10,C,PASS,Frozen parameter_calibration supports PO10 for the F claim.,parameter_calibration,,
I01,F_FORMAL,The stronger claim that classical planetary equations form an adequate stable atomic theory under atomic conditions.,PO11,C,FAIL,Stable spectra/atomic observations contradict the adequate-classical-orbit claim.,empirical_bounds,EMPIRICAL,IA12_EMPIRICAL_COLLISION
I01,F_FORMAL,The stronger claim that classical planetary equations form an adequate stable atomic theory under atomic conditions.,PO16,M,PASS,Frozen provenance_evidence supports PO16 for the F claim.,provenance_evidence,,
I01,M_MECHANISTIC,Electrons physically maintain stable classical planetary orbits around nuclei.,PO00,M,PASS,Frozen grounding_evidence supports PO00 for the M claim.,grounding_evidence,,
I01,M_MECHANISTIC,Electrons physically maintain stable classical planetary orbits around nuclei.,PO01,M,PASS,Frozen mapping_evidence supports PO01 for the M claim.,mapping_evidence,,
I01,M_MECHANISTIC,Electrons physically maintain stable classical planetary orbits around nuclei.,PO02,M,PASS,Frozen mapping_evidence supports PO02 for the M claim.,mapping_evidence,,
I01,M_MECHANISTIC,Electrons physically maintain stable classical planetary orbits around nuclei.,PO03,M,PASS,Frozen mapping_evidence supports PO03 for the M claim.,mapping_evidence,,
I01,M_MECHANISTIC,Electrons physically maintain stable classical planetary orbits around nuclei.,PO04,M,PASS,Frozen formal_evidence supports PO04 for the M claim.,formal_evidence,,
I01,M_MECHANISTIC,Electrons physically maintain stable classical planetary orbits around nuclei.,PO05,C,PASS,Frozen formal_evidence supports PO05 for the M claim.,formal_evidence,,
I01,M_MECHANISTIC,Electrons physically maintain stable classical planetary orbits around nuclei.,PO06,M,PASS,Frozen assumptions_and_regime supports PO06 for the M claim.,assumptions_and_regime,,
I01,M_MECHANISTIC,Electrons physically maintain stable classical planetary orbits around nuclei.,PO07,M,PASS,Frozen assumptions_and_regime supports PO07 for the M claim.,assumptions_and_regime,,
I01,M_MECHANISTIC,Electrons physically maintain stable classical planetary orbits around nuclei.,PO08,M,FAIL,Formal/visual central-orbit similarity does not establish the target atomic mechanism.,mechanism_evidence,MECHANISM_CAUSALITY,IA08_MECHANISM_SMUGGLING
I01,M_MECHANISTIC,Electrons physically maintain stable classical planetary orbits around nuclei.,PO09,M,FAIL,Classical accelerating-charge energy loss conflicts with indefinite stable orbit.,assumptions_and_regime,INVARIANT_PARAMETER,IA10_INVARIANT_CONSERVATION_VIOLATION
I01,M_MECHANISTIC,Electrons physically maintain stable classical planetary orbits around nuclei.,PO10,M,PASS,Frozen parameter_calibration supports PO10 for the M claim.,parameter_calibration,,
I01,M_MECHANISTIC,Electrons physically maintain stable classical planetary orbits around nuclei.,PO11,M,FAIL,Atomic empirical envelope contradicts the proposed mechanism.,empirical_bounds,EMPIRICAL,IA12_EMPIRICAL_COLLISION
I01,M_MECHANISTIC,Electrons physically maintain stable classical planetary orbits around nuclei.,PO12,C,NOT_APPLICABLE,PO12 is conditional on M and is not activated by this frozen claim; reason is explicit in the evidence bundle.,uncertainty_evidence,,
I01,M_MECHANISTIC,Electrons physically maintain stable classical planetary orbits around nuclei.,PO16,M,PASS,Frozen provenance_evidence supports PO16 for the M claim.,provenance_evidence,,
I02,S_STRUCTURAL,Weak-field gravity and electromagnetism can share bounded field/source structural correspondences.,PO00,M,PASS,Frozen grounding_evidence supports PO00 for the S claim.,grounding_evidence,,
I02,S_STRUCTURAL,Weak-field gravity and electromagnetism can share bounded field/source structural correspondences.,PO01,M,PASS,Frozen mapping_evidence supports PO01 for the S claim.,mapping_evidence,,
I02,S_STRUCTURAL,Weak-field gravity and electromagnetism can share bounded field/source structural correspondences.,PO02,M,PASS,Frozen mapping_evidence supports PO02 for the S claim.,mapping_evidence,,
I02,S_STRUCTURAL,Weak-field gravity and electromagnetism can share bounded field/source structural correspondences.,PO03,M,PASS,Frozen mapping_evidence supports PO03 for the S claim.,mapping_evidence,,
I02,S_STRUCTURAL,Weak-field gravity and electromagnetism can share bounded field/source structural correspondences.,PO16,M,PASS,Frozen provenance_evidence supports PO16 for the S claim.,provenance_evidence,,
I02,F_FORMAL,Certain weak-field gravitoelectromagnetic equations can be mapped formally under explicit approximations.,PO00,M,PASS,Frozen grounding_evidence supports PO00 for the F claim.,grounding_evidence,,
I02,F_FORMAL,Certain weak-field gravitoelectromagnetic equations can be mapped formally under explicit approximations.,PO01,M,PASS,Frozen mapping_evidence supports PO01 for the F claim.,mapping_evidence,,
I02,F_FORMAL,Certain weak-field gravitoelectromagnetic equations can be mapped formally under explicit approximations.,PO02,M,PASS,Frozen mapping_evidence supports PO02 for the F claim.,mapping_evidence,,
I02,F_FORMAL,Certain weak-field gravitoelectromagnetic equations can be mapped formally under explicit approximations.,PO03,M,PASS,Frozen mapping_evidence supports PO03 for the F claim.,mapping_evidence,,
I02,F_FORMAL,Certain weak-field gravitoelectromagnetic equations can be mapped formally under explicit approximations.,PO04,M,PASS,Frozen formal_evidence supports PO04 for the F claim.,formal_evidence,,
I02,F_FORMAL,Certain weak-field gravitoelectromagnetic equations can be mapped formally under explicit approximations.,PO05,C,PASS,Frozen formal_evidence supports PO05 for the F claim.,formal_evidence,,
I02,F_FORMAL,Certain weak-field gravitoelectromagnetic equations can be mapped formally under explicit approximations.,PO06,M,PASS,Frozen assumptions_and_regime supports PO06 for the F claim.,assumptions_and_regime,,
I02,F_FORMAL,Certain weak-field gravitoelectromagnetic equations can be mapped formally under explicit approximations.,PO07,M,PASS,Frozen assumptions_and_regime supports PO07 for the F claim.,assumptions_and_regime,,
I02,F_FORMAL,Certain weak-field gravitoelectromagnetic equations can be mapped formally under explicit approximations.,PO09,C,PASS,Frozen assumptions_and_regime supports PO09 for the F claim.,assumptions_and_regime,,
I02,F_FORMAL,Certain weak-field gravitoelectromagnetic equations can be mapped formally under explicit approximations.,PO10,C,PASS,Frozen parameter_calibration supports PO10 for the F claim.,parameter_calibration,,
I02,F_FORMAL,Certain weak-field gravitoelectromagnetic equations can be mapped formally under explicit approximations.,PO11,C,PASS,Frozen empirical_bounds supports PO11 for the F claim.,empirical_bounds,,
I02,F_FORMAL,Certain weak-field gravitoelectromagnetic equations can be mapped formally under explicit approximations.,PO16,M,PASS,Frozen provenance_evidence supports PO16 for the F claim.,provenance_evidence,,
I02,M_MECHANISTIC,A conducting shell shields gravity by the same mobile-charge cancellation mechanism as a Faraday cage.,PO00,M,PASS,Frozen grounding_evidence supports PO00 for the M claim.,grounding_evidence,,
I02,M_MECHANISTIC,A conducting shell shields gravity by the same mobile-charge cancellation mechanism as a Faraday cage.,PO01,M,PASS,Frozen mapping_evidence supports PO01 for the M claim.,mapping_evidence,,
I02,M_MECHANISTIC,A conducting shell shields gravity by the same mobile-charge cancellation mechanism as a Faraday cage.,PO02,M,PASS,Frozen mapping_evidence supports PO02 for the M claim.,mapping_evidence,,
I02,M_MECHANISTIC,A conducting shell shields gravity by the same mobile-charge cancellation mechanism as a Faraday cage.,PO03,M,PASS,Frozen mapping_evidence supports PO03 for the M claim.,mapping_evidence,,
I02,M_MECHANISTIC,A conducting shell shields gravity by the same mobile-charge cancellation mechanism as a Faraday cage.,PO04,M,PASS,Frozen formal_evidence supports PO04 for the M claim.,formal_evidence,,
I02,M_MECHANISTIC,A conducting shell shields gravity by the same mobile-charge cancellation mechanism as a Faraday cage.,PO05,C,PASS,Frozen formal_evidence supports PO05 for the M claim.,formal_evidence,,
I02,M_MECHANISTIC,A conducting shell shields gravity by the same mobile-charge cancellation mechanism as a Faraday cage.,PO06,M,PASS,Frozen assumptions_and_regime supports PO06 for the M claim.,assumptions_and_regime,,
I02,M_MECHANISTIC,A conducting shell shields gravity by the same mobile-charge cancellation mechanism as a Faraday cage.,PO07,M,PASS,Frozen assumptions_and_regime supports PO07 for the M claim.,assumptions_and_regime,,
I02,M_MECHANISTIC,A conducting shell shields gravity by the same mobile-charge cancellation mechanism as a Faraday cage.,PO08,M,FAIL,No target conductor/source mechanism analogous to electrostatic charge rearrangement is supplied.,mechanism_evidence,MECHANISM_CAUSALITY,IA08_MECHANISM_SMUGGLING
I02,M_MECHANISTIC,A conducting shell shields gravity by the same mobile-charge cancellation mechanism as a Faraday cage.,PO09,M,FAIL,The source/sign structure required for electrostatic cancellation is not preserved.,assumptions_and_regime,INVARIANT_PARAMETER,IA10_INVARIANT_CONSERVATION_VIOLATION
I02,M_MECHANISTIC,A conducting shell shields gravity by the same mobile-charge cancellation mechanism as a Faraday cage.,PO10,M,FAIL,Electromagnetic material/shield parameters are not transferable gravitational parameters.,parameter_calibration,INVARIANT_PARAMETER,IA11_PARAMETER_SMUGGLING
I02,M_MECHANISTIC,A conducting shell shields gravity by the same mobile-charge cancellation mechanism as a Faraday cage.,PO11,M,FAIL,The frozen target envelope does not support ordinary gravitational shielding.,empirical_bounds,EMPIRICAL,IA12_EMPIRICAL_COLLISION
I02,M_MECHANISTIC,A conducting shell shields gravity by the same mobile-charge cancellation mechanism as a Faraday cage.,PO12,C,NOT_APPLICABLE,PO12 is conditional on M and is not activated by this frozen claim; reason is explicit in the evidence bundle.,uncertainty_evidence,,
I02,M_MECHANISTIC,A conducting shell shields gravity by the same mobile-charge cancellation mechanism as a Faraday cage.,PO16,M,PASS,Frozen provenance_evidence supports PO16 for the M claim.,provenance_evidence,,
I03,S_STRUCTURAL,Information and thermodynamic entropy can share a probability/entropy structural form.,PO00,M,PASS,Frozen grounding_evidence supports PO00 for the S claim.,grounding_evidence,,
I03,S_STRUCTURAL,Information and thermodynamic entropy can share a probability/entropy structural form.,PO01,M,PASS,Frozen mapping_evidence supports PO01 for the S claim.,mapping_evidence,,
I03,S_STRUCTURAL,Information and thermodynamic entropy can share a probability/entropy structural form.,PO02,M,PASS,Frozen mapping_evidence supports PO02 for the S claim.,mapping_evidence,,
I03,S_STRUCTURAL,Information and thermodynamic entropy can share a probability/entropy structural form.,PO03,M,PASS,Frozen mapping_evidence supports PO03 for the S claim.,mapping_evidence,,
I03,S_STRUCTURAL,Information and thermodynamic entropy can share a probability/entropy structural form.,PO16,M,PASS,Frozen provenance_evidence supports PO16 for the S claim.,provenance_evidence,,
I03,F_FORMAL,"Under explicit physical interpretation/scaling, the entropy mathematics can be related without equating abstract bits to energy.",PO00,M,PASS,Frozen grounding_evidence supports PO00 for the F claim.,grounding_evidence,,
I03,F_FORMAL,"Under explicit physical interpretation/scaling, the entropy mathematics can be related without equating abstract bits to energy.",PO01,M,PASS,Frozen mapping_evidence supports PO01 for the F claim.,mapping_evidence,,
I03,F_FORMAL,"Under explicit physical interpretation/scaling, the entropy mathematics can be related without equating abstract bits to energy.",PO02,M,PASS,Frozen mapping_evidence supports PO02 for the F claim.,mapping_evidence,,
I03,F_FORMAL,"Under explicit physical interpretation/scaling, the entropy mathematics can be related without equating abstract bits to energy.",PO03,M,PASS,Frozen mapping_evidence supports PO03 for the F claim.,mapping_evidence,,
I03,F_FORMAL,"Under explicit physical interpretation/scaling, the entropy mathematics can be related without equating abstract bits to energy.",PO04,M,PASS,Frozen formal_evidence supports PO04 for the F claim.,formal_evidence,,
I03,F_FORMAL,"Under explicit physical interpretation/scaling, the entropy mathematics can be related without equating abstract bits to energy.",PO05,C,PASS,Frozen formal_evidence supports PO05 for the F claim.,formal_evidence,,
I03,F_FORMAL,"Under explicit physical interpretation/scaling, the entropy mathematics can be related without equating abstract bits to energy.",PO06,M,PASS,Frozen assumptions_and_regime supports PO06 for the F claim.,assumptions_and_regime,,
I03,F_FORMAL,"Under explicit physical interpretation/scaling, the entropy mathematics can be related without equating abstract bits to energy.",PO07,M,PASS,Frozen assumptions_and_regime supports PO07 for the F claim.,assumptions_and_regime,,
I03,F_FORMAL,"Under explicit physical interpretation/scaling, the entropy mathematics can be related without equating abstract bits to energy.",PO09,C,PASS,Frozen assumptions_and_regime supports PO09 for the F claim.,assumptions_and_regime,,
I03,F_FORMAL,"Under explicit physical interpretation/scaling, the entropy mathematics can be related without equating abstract bits to energy.",PO10,C,PASS,Frozen parameter_calibration supports PO10 for the F claim.,parameter_calibration,,
I03,F_FORMAL,"Under explicit physical interpretation/scaling, the entropy mathematics can be related without equating abstract bits to energy.",PO11,C,PASS,Frozen empirical_bounds supports PO11 for the F claim.,empirical_bounds,,
I03,F_FORMAL,"Under explicit physical interpretation/scaling, the entropy mathematics can be related without equating abstract bits to energy.",PO16,M,PASS,Frozen provenance_evidence supports PO16 for the F claim.,provenance_evidence,,
I03,M_MECHANISTIC,Every stored bit intrinsically contains kT ln2 of recoverable thermal energy.,PO00,M,PASS,Frozen grounding_evidence supports PO00 for the M claim.,grounding_evidence,,
I03,M_MECHANISTIC,Every stored bit intrinsically contains kT ln2 of recoverable thermal energy.,PO01,M,PASS,Frozen mapping_evidence supports PO01 for the M claim.,mapping_evidence,,
I03,M_MECHANISTIC,Every stored bit intrinsically contains kT ln2 of recoverable thermal energy.,PO02,M,PASS,Frozen mapping_evidence supports PO02 for the M claim.,mapping_evidence,,
I03,M_MECHANISTIC,Every stored bit intrinsically contains kT ln2 of recoverable thermal energy.,PO03,M,PASS,Frozen mapping_evidence supports PO03 for the M claim.,mapping_evidence,,
I03,M_MECHANISTIC,Every stored bit intrinsically contains kT ln2 of recoverable thermal energy.,PO04,M,PASS,Frozen formal_evidence supports PO04 for the M claim.,formal_evidence,,
I03,M_MECHANISTIC,Every stored bit intrinsically contains kT ln2 of recoverable thermal energy.,PO05,C,PASS,Frozen formal_evidence supports PO05 for the M claim.,formal_evidence,,
I03,M_MECHANISTIC,Every stored bit intrinsically contains kT ln2 of recoverable thermal energy.,PO06,M,PASS,Frozen assumptions_and_regime supports PO06 for the M claim.,assumptions_and_regime,,
I03,M_MECHANISTIC,Every stored bit intrinsically contains kT ln2 of recoverable thermal energy.,PO07,M,PASS,Frozen assumptions_and_regime supports PO07 for the M claim.,assumptions_and_regime,,
I03,M_MECHANISTIC,Every stored bit intrinsically contains kT ln2 of recoverable thermal energy.,PO08,M,FAIL,Shared entropy form does not supply a stored-energy mechanism.,mechanism_evidence,MECHANISM_CAUSALITY,IA08_MECHANISM_SMUGGLING
I03,M_MECHANISTIC,Every stored bit intrinsically contains kT ln2 of recoverable thermal energy.,PO09,M,PASS,Frozen assumptions_and_regime supports PO09 for the M claim.,assumptions_and_regime,,
I03,M_MECHANISTIC,Every stored bit intrinsically contains kT ln2 of recoverable thermal energy.,PO10,M,FAIL,kT ln2 is smuggled from an operation bound into a static per-bit energy parameter.,parameter_calibration,INVARIANT_PARAMETER,IA11_PARAMETER_SMUGGLING
I03,M_MECHANISTIC,Every stored bit intrinsically contains kT ln2 of recoverable thermal energy.,PO11,M,FAIL,Frozen thermodynamic information evidence contradicts the universal stored-energy interpretation.,empirical_bounds,EMPIRICAL,IA12_EMPIRICAL_COLLISION
I03,M_MECHANISTIC,Every stored bit intrinsically contains kT ln2 of recoverable thermal energy.,PO12,C,NOT_APPLICABLE,PO12 is conditional on M and is not activated by this frozen claim; reason is explicit in the evidence bundle.,uncertainty_evidence,,
I03,M_MECHANISTIC,Every stored bit intrinsically contains kT ln2 of recoverable thermal energy.,PO16,M,PASS,Frozen provenance_evidence supports PO16 for the M claim.,provenance_evidence,,
I04,S_STRUCTURAL,A stable localized vortex can serve as a structural analogy for a persistent localized entity.,PO00,M,PASS,Frozen grounding_evidence supports PO00 for the S claim.,grounding_evidence,,
I04,S_STRUCTURAL,A stable localized vortex can serve as a structural analogy for a persistent localized entity.,PO01,M,PASS,Frozen mapping_evidence supports PO01 for the S claim.,mapping_evidence,,
I04,S_STRUCTURAL,A stable localized vortex can serve as a structural analogy for a persistent localized entity.,PO02,M,PASS,Frozen mapping_evidence supports PO02 for the S claim.,mapping_evidence,,
I04,S_STRUCTURAL,A stable localized vortex can serve as a structural analogy for a persistent localized entity.,PO03,M,PASS,Frozen mapping_evidence supports PO03 for the S claim.,mapping_evidence,,
I04,S_STRUCTURAL,A stable localized vortex can serve as a structural analogy for a persistent localized entity.,PO16,M,PASS,Frozen provenance_evidence supports PO16 for the S claim.,provenance_evidence,,
I04,F_FORMAL,A hidden-fluid vortex equation set quantitatively maps to electron observables.,PO00,M,PASS,Frozen grounding_evidence supports PO00 for the F claim.,grounding_evidence,,
I04,F_FORMAL,A hidden-fluid vortex equation set quantitatively maps to electron observables.,PO01,M,PASS,Frozen mapping_evidence supports PO01 for the F claim.,mapping_evidence,,
I04,F_FORMAL,A hidden-fluid vortex equation set quantitatively maps to electron observables.,PO02,M,PASS,Frozen mapping_evidence supports PO02 for the F claim.,mapping_evidence,,
I04,F_FORMAL,A hidden-fluid vortex equation set quantitatively maps to electron observables.,PO03,M,PASS,Frozen mapping_evidence supports PO03 for the F claim.,mapping_evidence,,
I04,F_FORMAL,A hidden-fluid vortex equation set quantitatively maps to electron observables.,PO04,M,UNKNOWN,No target hidden-medium formalism is supplied.,formal_evidence,FORMAL_METROLOGY,
I04,F_FORMAL,A hidden-fluid vortex equation set quantitatively maps to electron observables.,PO05,C,NOT_APPLICABLE,PO05 is conditional on F and is not activated by this frozen claim; reason is explicit in the evidence bundle.,formal_evidence,,
I04,F_FORMAL,A hidden-fluid vortex equation set quantitatively maps to electron observables.,PO06,M,UNKNOWN,Required hidden-medium assumptions are unverified.,assumptions_and_regime,ASSUMPTION_REGIME,
I04,F_FORMAL,A hidden-fluid vortex equation set quantitatively maps to electron observables.,PO07,M,UNKNOWN,No supported regime mapping is supplied.,assumptions_and_regime,ASSUMPTION_REGIME,
I04,F_FORMAL,A hidden-fluid vortex equation set quantitatively maps to electron observables.,PO09,C,NOT_APPLICABLE,PO09 is conditional on F and is not activated by this frozen claim; reason is explicit in the evidence bundle.,assumptions_and_regime,,
I04,F_FORMAL,A hidden-fluid vortex equation set quantitatively maps to electron observables.,PO10,C,NOT_APPLICABLE,PO10 is conditional on F and is not activated by this frozen claim; reason is explicit in the evidence bundle.,parameter_calibration,,
I04,F_FORMAL,A hidden-fluid vortex equation set quantitatively maps to electron observables.,PO11,C,NOT_APPLICABLE,PO11 is conditional on F and is not activated by this frozen claim; reason is explicit in the evidence bundle.,empirical_bounds,,
I04,F_FORMAL,A hidden-fluid vortex equation set quantitatively maps to electron observables.,PO16,M,PASS,Frozen provenance_evidence supports PO16 for the F claim.,provenance_evidence,,
I04,M_MECHANISTIC,Electrons are literally vortices in a hidden mechanical medium.,PO00,M,PASS,Frozen grounding_evidence supports PO00 for the M claim.,grounding_evidence,,
I04,M_MECHANISTIC,Electrons are literally vortices in a hidden mechanical medium.,PO01,M,PASS,Frozen mapping_evidence supports PO01 for the M claim.,mapping_evidence,,
I04,M_MECHANISTIC,Electrons are literally vortices in a hidden mechanical medium.,PO02,M,PASS,Frozen mapping_evidence supports PO02 for the M claim.,mapping_evidence,,
I04,M_MECHANISTIC,Electrons are literally vortices in a hidden mechanical medium.,PO03,M,PASS,Frozen mapping_evidence supports PO03 for the M claim.,mapping_evidence,,
I04,M_MECHANISTIC,Electrons are literally vortices in a hidden mechanical medium.,PO04,M,PASS,Frozen formal_evidence supports PO04 for the M claim.,formal_evidence,,
I04,M_MECHANISTIC,Electrons are literally vortices in a hidden mechanical medium.,PO05,C,NOT_APPLICABLE,PO05 is conditional on M and is not activated by this frozen claim; reason is explicit in the evidence bundle.,formal_evidence,,
I04,M_MECHANISTIC,Electrons are literally vortices in a hidden mechanical medium.,PO06,M,PASS,Frozen assumptions_and_regime supports PO06 for the M claim.,assumptions_and_regime,,
I04,M_MECHANISTIC,Electrons are literally vortices in a hidden mechanical medium.,PO07,M,PASS,Frozen assumptions_and_regime supports PO07 for the M claim.,assumptions_and_regime,,
I04,M_MECHANISTIC,Electrons are literally vortices in a hidden mechanical medium.,PO08,M,FAIL,Structural/topological resemblance is used as sole mechanism evidence.,mechanism_evidence,MECHANISM_CAUSALITY,IA08_MECHANISM_SMUGGLING
I04,M_MECHANISTIC,Electrons are literally vortices in a hidden mechanical medium.,PO09,M,PASS,Frozen assumptions_and_regime supports PO09 for the M claim.,assumptions_and_regime,,
I04,M_MECHANISTIC,Electrons are literally vortices in a hidden mechanical medium.,PO10,M,UNKNOWN,No calibrated mapping from fluid to electron parameters.,parameter_calibration,INVARIANT_PARAMETER,
I04,M_MECHANISTIC,Electrons are literally vortices in a hidden mechanical medium.,PO11,M,FAIL,No target evidence for the hidden medium/mechanism is frozen.,empirical_bounds,EMPIRICAL,IA12_EMPIRICAL_COLLISION
I04,M_MECHANISTIC,Electrons are literally vortices in a hidden mechanical medium.,PO12,C,NOT_APPLICABLE,PO12 is conditional on M and is not activated by this frozen claim; reason is explicit in the evidence bundle.,uncertainty_evidence,,
I04,M_MECHANISTIC,Electrons are literally vortices in a hidden mechanical medium.,PO16,M,PASS,Frozen provenance_evidence supports PO16 for the M claim.,provenance_evidence,,
I05,S_STRUCTURAL,Both domains use ordered symbol sequences that participate in downstream state changes.,PO00,M,PASS,Frozen grounding_evidence supports PO00 for the S claim.,grounding_evidence,,
I05,S_STRUCTURAL,Both domains use ordered symbol sequences that participate in downstream state changes.,PO01,M,PASS,Frozen mapping_evidence supports PO01 for the S claim.,mapping_evidence,,
I05,S_STRUCTURAL,Both domains use ordered symbol sequences that participate in downstream state changes.,PO02,M,PASS,Frozen mapping_evidence supports PO02 for the S claim.,mapping_evidence,,
I05,S_STRUCTURAL,Both domains use ordered symbol sequences that participate in downstream state changes.,PO03,M,PASS,Frozen mapping_evidence supports PO03 for the S claim.,mapping_evidence,,
I05,S_STRUCTURAL,Both domains use ordered symbol sequences that participate in downstream state changes.,PO16,M,PASS,Frozen provenance_evidence supports PO16 for the S claim.,provenance_evidence,,
I05,F_FORMAL,Ordinary software instruction semantics transfer as a formal execution semantics for gene regulation.,PO00,M,PASS,Frozen grounding_evidence supports PO00 for the F claim.,grounding_evidence,,
I05,F_FORMAL,Ordinary software instruction semantics transfer as a formal execution semantics for gene regulation.,PO01,M,PASS,Frozen mapping_evidence supports PO01 for the F claim.,mapping_evidence,,
I05,F_FORMAL,Ordinary software instruction semantics transfer as a formal execution semantics for gene regulation.,PO02,M,PASS,Frozen mapping_evidence supports PO02 for the F claim.,mapping_evidence,,
I05,F_FORMAL,Ordinary software instruction semantics transfer as a formal execution semantics for gene regulation.,PO03,M,PASS,Frozen mapping_evidence supports PO03 for the F claim.,mapping_evidence,,
I05,F_FORMAL,Ordinary software instruction semantics transfer as a formal execution semantics for gene regulation.,PO04,M,UNKNOWN,No semantics-preserving formal translation is supplied.,formal_evidence,FORMAL_METROLOGY,
I05,F_FORMAL,Ordinary software instruction semantics transfer as a formal execution semantics for gene regulation.,PO05,C,NOT_APPLICABLE,PO05 is conditional on F and is not activated by this frozen claim; reason is explicit in the evidence bundle.,formal_evidence,,
I05,F_FORMAL,Ordinary software instruction semantics transfer as a formal execution semantics for gene regulation.,PO06,M,FAIL,Software execution assumptions are laundered into molecular genetics.,assumptions_and_regime,ASSUMPTION_REGIME,IA06_ASSUMPTION_LAUNDERING
I05,F_FORMAL,Ordinary software instruction semantics transfer as a formal execution semantics for gene regulation.,PO07,M,UNKNOWN,No valid regime mapping is supplied.,assumptions_and_regime,ASSUMPTION_REGIME,
I05,F_FORMAL,Ordinary software instruction semantics transfer as a formal execution semantics for gene regulation.,PO09,C,NOT_APPLICABLE,PO09 is conditional on F and is not activated by this frozen claim; reason is explicit in the evidence bundle.,assumptions_and_regime,,
I05,F_FORMAL,Ordinary software instruction semantics transfer as a formal execution semantics for gene regulation.,PO10,C,NOT_APPLICABLE,PO10 is conditional on F and is not activated by this frozen claim; reason is explicit in the evidence bundle.,parameter_calibration,,
I05,F_FORMAL,Ordinary software instruction semantics transfer as a formal execution semantics for gene regulation.,PO11,C,NOT_APPLICABLE,PO11 is conditional on F and is not activated by this frozen claim; reason is explicit in the evidence bundle.,empirical_bounds,,
I05,F_FORMAL,Ordinary software instruction semantics transfer as a formal execution semantics for gene regulation.,PO16,M,PASS,Frozen provenance_evidence supports PO16 for the F claim.,provenance_evidence,,
I05,M_MECHANISTIC,Genes execute by the same programmer-defined instruction mechanism as software.,PO00,M,PASS,Frozen grounding_evidence supports PO00 for the M claim.,grounding_evidence,,
I05,M_MECHANISTIC,Genes execute by the same programmer-defined instruction mechanism as software.,PO01,M,PASS,Frozen mapping_evidence supports PO01 for the M claim.,mapping_evidence,,
I05,M_MECHANISTIC,Genes execute by the same programmer-defined instruction mechanism as software.,PO02,M,PASS,Frozen mapping_evidence supports PO02 for the M claim.,mapping_evidence,,
I05,M_MECHANISTIC,Genes execute by the same programmer-defined instruction mechanism as software.,PO03,M,PASS,Frozen mapping_evidence supports PO03 for the M claim.,mapping_evidence,,
I05,M_MECHANISTIC,Genes execute by the same programmer-defined instruction mechanism as software.,PO04,M,PASS,Frozen formal_evidence supports PO04 for the M claim.,formal_evidence,,
I05,M_MECHANISTIC,Genes execute by the same programmer-defined instruction mechanism as software.,PO05,C,NOT_APPLICABLE,PO05 is conditional on M and is not activated by this frozen claim; reason is explicit in the evidence bundle.,formal_evidence,,
I05,M_MECHANISTIC,Genes execute by the same programmer-defined instruction mechanism as software.,PO06,M,PASS,Frozen assumptions_and_regime supports PO06 for the M claim.,assumptions_and_regime,,
I05,M_MECHANISTIC,Genes execute by the same programmer-defined instruction mechanism as software.,PO07,M,PASS,Frozen assumptions_and_regime supports PO07 for the M claim.,assumptions_and_regime,,
I05,M_MECHANISTIC,Genes execute by the same programmer-defined instruction mechanism as software.,PO08,M,FAIL,Lexical/code analogy is used as mechanism evidence.,mechanism_evidence,MECHANISM_CAUSALITY,IA08_MECHANISM_SMUGGLING
I05,M_MECHANISTIC,Genes execute by the same programmer-defined instruction mechanism as software.,PO09,M,PASS,Frozen assumptions_and_regime supports PO09 for the M claim.,assumptions_and_regime,,
I05,M_MECHANISTIC,Genes execute by the same programmer-defined instruction mechanism as software.,PO10,M,PASS,Frozen parameter_calibration supports PO10 for the M claim.,parameter_calibration,,
I05,M_MECHANISTIC,Genes execute by the same programmer-defined instruction mechanism as software.,PO11,M,FAIL,Frozen target complexity/context contradicts literal software-mechanism identity.,empirical_bounds,EMPIRICAL,IA12_EMPIRICAL_COLLISION
I05,M_MECHANISTIC,Genes execute by the same programmer-defined instruction mechanism as software.,PO12,C,NOT_APPLICABLE,PO12 is conditional on M and is not activated by this frozen claim; reason is explicit in the evidence bundle.,uncertainty_evidence,,
I05,M_MECHANISTIC,Genes execute by the same programmer-defined instruction mechanism as software.,PO16,M,PASS,Frozen provenance_evidence supports PO16 for the M claim.,provenance_evidence,,
I06,S_STRUCTURAL,Psychological “barrier crossing” is claimed to preserve the same structural relation as quantum barrier tunneling.,PO00,M,PASS,Frozen grounding_evidence supports PO00 for the S claim.,grounding_evidence,,
I06,S_STRUCTURAL,Psychological “barrier crossing” is claimed to preserve the same structural relation as quantum barrier tunneling.,PO01,M,PASS,Frozen mapping_evidence supports PO01 for the S claim.,mapping_evidence,,
I06,S_STRUCTURAL,Psychological “barrier crossing” is claimed to preserve the same structural relation as quantum barrier tunneling.,PO02,M,FAIL,Mapped elements do not occupy scientifically compatible roles; “barrier” is metaphorical.,mapping_evidence,MAPPING_TYPE_RELATION,IA02_TYPE_ROLE_MISMATCH
I06,S_STRUCTURAL,Psychological “barrier crossing” is claimed to preserve the same structural relation as quantum barrier tunneling.,PO03,M,FAIL,No quantum relation is preserved in the target.,mapping_evidence,MAPPING_TYPE_RELATION,IA03_RELATION_BREAK
I06,S_STRUCTURAL,Psychological “barrier crossing” is claimed to preserve the same structural relation as quantum barrier tunneling.,PO16,M,PASS,Frozen provenance_evidence supports PO16 for the S claim.,provenance_evidence,,
I06,F_FORMAL,Quantum tunneling equations are claimed to map to a cognitive state-space model.,PO00,M,PASS,Frozen grounding_evidence supports PO00 for the F claim.,grounding_evidence,,
I06,F_FORMAL,Quantum tunneling equations are claimed to map to a cognitive state-space model.,PO01,M,PASS,Frozen mapping_evidence supports PO01 for the F claim.,mapping_evidence,,
I06,F_FORMAL,Quantum tunneling equations are claimed to map to a cognitive state-space model.,PO02,M,PASS,Frozen mapping_evidence supports PO02 for the F claim.,mapping_evidence,,
I06,F_FORMAL,Quantum tunneling equations are claimed to map to a cognitive state-space model.,PO03,M,PASS,Frozen mapping_evidence supports PO03 for the F claim.,mapping_evidence,,
I06,F_FORMAL,Quantum tunneling equations are claimed to map to a cognitive state-space model.,PO04,M,FAIL,No target quantum formalism is defined.,formal_evidence,FORMAL_METROLOGY,IA04_FORMAL_DOMAIN_ERROR
I06,F_FORMAL,Quantum tunneling equations are claimed to map to a cognitive state-space model.,PO05,C,NOT_APPLICABLE,PO05 is conditional on F and is not activated by this frozen claim; reason is explicit in the evidence bundle.,formal_evidence,,
I06,F_FORMAL,Quantum tunneling equations are claimed to map to a cognitive state-space model.,PO06,M,FAIL,Quantum assumptions are unsupported in the target.,assumptions_and_regime,ASSUMPTION_REGIME,IA06_ASSUMPTION_LAUNDERING
I06,F_FORMAL,Quantum tunneling equations are claimed to map to a cognitive state-space model.,PO07,M,PASS,Frozen assumptions_and_regime supports PO07 for the F claim.,assumptions_and_regime,,
I06,F_FORMAL,Quantum tunneling equations are claimed to map to a cognitive state-space model.,PO09,C,NOT_APPLICABLE,PO09 is conditional on F and is not activated by this frozen claim; reason is explicit in the evidence bundle.,assumptions_and_regime,,
I06,F_FORMAL,Quantum tunneling equations are claimed to map to a cognitive state-space model.,PO10,C,NOT_APPLICABLE,PO10 is conditional on F and is not activated by this frozen claim; reason is explicit in the evidence bundle.,parameter_calibration,,
I06,F_FORMAL,Quantum tunneling equations are claimed to map to a cognitive state-space model.,PO11,C,NOT_APPLICABLE,PO11 is conditional on F and is not activated by this frozen claim; reason is explicit in the evidence bundle.,empirical_bounds,,
I06,F_FORMAL,Quantum tunneling equations are claimed to map to a cognitive state-space model.,PO16,M,PASS,Frozen provenance_evidence supports PO16 for the F claim.,provenance_evidence,,
I06,M_MECHANISTIC,Quantum tunneling is the physical mechanism by which decisions escape mental minima.,PO00,M,PASS,Frozen grounding_evidence supports PO00 for the M claim.,grounding_evidence,,
I06,M_MECHANISTIC,Quantum tunneling is the physical mechanism by which decisions escape mental minima.,PO01,M,PASS,Frozen mapping_evidence supports PO01 for the M claim.,mapping_evidence,,
I06,M_MECHANISTIC,Quantum tunneling is the physical mechanism by which decisions escape mental minima.,PO02,M,PASS,Frozen mapping_evidence supports PO02 for the M claim.,mapping_evidence,,
I06,M_MECHANISTIC,Quantum tunneling is the physical mechanism by which decisions escape mental minima.,PO03,M,PASS,Frozen mapping_evidence supports PO03 for the M claim.,mapping_evidence,,
I06,M_MECHANISTIC,Quantum tunneling is the physical mechanism by which decisions escape mental minima.,PO04,M,PASS,Frozen formal_evidence supports PO04 for the M claim.,formal_evidence,,
I06,M_MECHANISTIC,Quantum tunneling is the physical mechanism by which decisions escape mental minima.,PO05,C,NOT_APPLICABLE,PO05 is conditional on M and is not activated by this frozen claim; reason is explicit in the evidence bundle.,formal_evidence,,
I06,M_MECHANISTIC,Quantum tunneling is the physical mechanism by which decisions escape mental minima.,PO06,M,PASS,Frozen assumptions_and_regime supports PO06 for the M claim.,assumptions_and_regime,,
I06,M_MECHANISTIC,Quantum tunneling is the physical mechanism by which decisions escape mental minima.,PO07,M,PASS,Frozen assumptions_and_regime supports PO07 for the M claim.,assumptions_and_regime,,
I06,M_MECHANISTIC,Quantum tunneling is the physical mechanism by which decisions escape mental minima.,PO08,M,FAIL,No target tunneling mechanism evidence is supplied.,mechanism_evidence,MECHANISM_CAUSALITY,IA08_MECHANISM_SMUGGLING
I06,M_MECHANISTIC,Quantum tunneling is the physical mechanism by which decisions escape mental minima.,PO09,M,PASS,Frozen assumptions_and_regime supports PO09 for the M claim.,assumptions_and_regime,,
I06,M_MECHANISTIC,Quantum tunneling is the physical mechanism by which decisions escape mental minima.,PO10,M,PASS,Frozen parameter_calibration supports PO10 for the M claim.,parameter_calibration,,
I06,M_MECHANISTIC,Quantum tunneling is the physical mechanism by which decisions escape mental minima.,PO11,M,FAIL,No discriminating target empirical support is frozen.,empirical_bounds,EMPIRICAL,IA12_EMPIRICAL_COLLISION
I06,M_MECHANISTIC,Quantum tunneling is the physical mechanism by which decisions escape mental minima.,PO12,C,NOT_APPLICABLE,PO12 is conditional on M and is not activated by this frozen claim; reason is explicit in the evidence bundle.,uncertainty_evidence,,
I06,M_MECHANISTIC,Quantum tunneling is the physical mechanism by which decisions escape mental minima.,PO16,M,PASS,Frozen provenance_evidence supports PO16 for the M claim.,provenance_evidence,,
I07,S_STRUCTURAL,Artificial and biological networks can share high-level interacting-unit/distributed-representation structure.,PO00,M,PASS,Frozen grounding_evidence supports PO00 for the S claim.,grounding_evidence,,
I07,S_STRUCTURAL,Artificial and biological networks can share high-level interacting-unit/distributed-representation structure.,PO01,M,PASS,Frozen mapping_evidence supports PO01 for the S claim.,mapping_evidence,,
I07,S_STRUCTURAL,Artificial and biological networks can share high-level interacting-unit/distributed-representation structure.,PO02,M,PASS,Frozen mapping_evidence supports PO02 for the S claim.,mapping_evidence,,
I07,S_STRUCTURAL,Artificial and biological networks can share high-level interacting-unit/distributed-representation structure.,PO03,M,PASS,Frozen mapping_evidence supports PO03 for the S claim.,mapping_evidence,,
I07,S_STRUCTURAL,Artificial and biological networks can share high-level interacting-unit/distributed-representation structure.,PO16,M,PASS,Frozen provenance_evidence supports PO16 for the S claim.,provenance_evidence,,
I07,F_FORMAL,Transformer/ANN internal equations and units directly map to a biological circuit formalism.,PO00,M,PASS,Frozen grounding_evidence supports PO00 for the F claim.,grounding_evidence,,
I07,F_FORMAL,Transformer/ANN internal equations and units directly map to a biological circuit formalism.,PO01,M,PASS,Frozen mapping_evidence supports PO01 for the F claim.,mapping_evidence,,
I07,F_FORMAL,Transformer/ANN internal equations and units directly map to a biological circuit formalism.,PO02,M,PASS,Frozen mapping_evidence supports PO02 for the F claim.,mapping_evidence,,
I07,F_FORMAL,Transformer/ANN internal equations and units directly map to a biological circuit formalism.,PO03,M,PASS,Frozen mapping_evidence supports PO03 for the F claim.,mapping_evidence,,
I07,F_FORMAL,Transformer/ANN internal equations and units directly map to a biological circuit formalism.,PO04,M,UNKNOWN,No direct target formal mapping is supplied.,formal_evidence,FORMAL_METROLOGY,
I07,F_FORMAL,Transformer/ANN internal equations and units directly map to a biological circuit formalism.,PO05,C,NOT_APPLICABLE,PO05 is conditional on F and is not activated by this frozen claim; reason is explicit in the evidence bundle.,formal_evidence,,
I07,F_FORMAL,Transformer/ANN internal equations and units directly map to a biological circuit formalism.,PO06,M,FAIL,Artificial architecture/training assumptions are not target-verified.,assumptions_and_regime,ASSUMPTION_REGIME,IA06_ASSUMPTION_LAUNDERING
I07,F_FORMAL,Transformer/ANN internal equations and units directly map to a biological circuit formalism.,PO07,M,UNKNOWN,No supported scale/regime identity is supplied.,assumptions_and_regime,ASSUMPTION_REGIME,
I07,F_FORMAL,Transformer/ANN internal equations and units directly map to a biological circuit formalism.,PO09,C,NOT_APPLICABLE,PO09 is conditional on F and is not activated by this frozen claim; reason is explicit in the evidence bundle.,assumptions_and_regime,,
I07,F_FORMAL,Transformer/ANN internal equations and units directly map to a biological circuit formalism.,PO10,C,NOT_APPLICABLE,PO10 is conditional on F and is not activated by this frozen claim; reason is explicit in the evidence bundle.,parameter_calibration,,
I07,F_FORMAL,Transformer/ANN internal equations and units directly map to a biological circuit formalism.,PO11,C,NOT_APPLICABLE,PO11 is conditional on F and is not activated by this frozen claim; reason is explicit in the evidence bundle.,empirical_bounds,,
I07,F_FORMAL,Transformer/ANN internal equations and units directly map to a biological circuit formalism.,PO16,M,PASS,Frozen provenance_evidence supports PO16 for the F claim.,provenance_evidence,,
I07,M_MECHANISTIC,Attention units/representations are the same causal mechanism used by biological brains.,PO00,M,PASS,Frozen grounding_evidence supports PO00 for the M claim.,grounding_evidence,,
I07,M_MECHANISTIC,Attention units/representations are the same causal mechanism used by biological brains.,PO01,M,PASS,Frozen mapping_evidence supports PO01 for the M claim.,mapping_evidence,,
I07,M_MECHANISTIC,Attention units/representations are the same causal mechanism used by biological brains.,PO02,M,PASS,Frozen mapping_evidence supports PO02 for the M claim.,mapping_evidence,,
I07,M_MECHANISTIC,Attention units/representations are the same causal mechanism used by biological brains.,PO03,M,PASS,Frozen mapping_evidence supports PO03 for the M claim.,mapping_evidence,,
I07,M_MECHANISTIC,Attention units/representations are the same causal mechanism used by biological brains.,PO04,M,PASS,Frozen formal_evidence supports PO04 for the M claim.,formal_evidence,,
I07,M_MECHANISTIC,Attention units/representations are the same causal mechanism used by biological brains.,PO05,C,NOT_APPLICABLE,PO05 is conditional on M and is not activated by this frozen claim; reason is explicit in the evidence bundle.,formal_evidence,,
I07,M_MECHANISTIC,Attention units/representations are the same causal mechanism used by biological brains.,PO06,M,PASS,Frozen assumptions_and_regime supports PO06 for the M claim.,assumptions_and_regime,,
I07,M_MECHANISTIC,Attention units/representations are the same causal mechanism used by biological brains.,PO07,M,PASS,Frozen assumptions_and_regime supports PO07 for the M claim.,assumptions_and_regime,,
I07,M_MECHANISTIC,Attention units/representations are the same causal mechanism used by biological brains.,PO08,M,FAIL,Functional success does not establish biological causal identity.,mechanism_evidence,MECHANISM_CAUSALITY,IA08_MECHANISM_SMUGGLING
I07,M_MECHANISTIC,Attention units/representations are the same causal mechanism used by biological brains.,PO09,M,PASS,Frozen assumptions_and_regime supports PO09 for the M claim.,assumptions_and_regime,,
I07,M_MECHANISTIC,Attention units/representations are the same causal mechanism used by biological brains.,PO10,M,PASS,Frozen parameter_calibration supports PO10 for the M claim.,parameter_calibration,,
I07,M_MECHANISTIC,Attention units/representations are the same causal mechanism used by biological brains.,PO11,M,FAIL,Frozen biological constraints are not accounted for by the identity claim.,empirical_bounds,EMPIRICAL,IA12_EMPIRICAL_COLLISION
I07,M_MECHANISTIC,Attention units/representations are the same causal mechanism used by biological brains.,PO12,C,NOT_APPLICABLE,PO12 is conditional on M and is not activated by this frozen claim; reason is explicit in the evidence bundle.,uncertainty_evidence,,
I07,M_MECHANISTIC,Attention units/representations are the same causal mechanism used by biological brains.,PO16,M,PASS,Frozen provenance_evidence supports PO16 for the M claim.,provenance_evidence,,
I08,S_STRUCTURAL,Compartment-and-flow structure can map from epidemics to some social-diffusion states.,PO00,M,PASS,Frozen grounding_evidence supports PO00 for the S claim.,grounding_evidence,,
I08,S_STRUCTURAL,Compartment-and-flow structure can map from epidemics to some social-diffusion states.,PO01,M,PASS,Frozen mapping_evidence supports PO01 for the S claim.,mapping_evidence,,
I08,S_STRUCTURAL,Compartment-and-flow structure can map from epidemics to some social-diffusion states.,PO02,M,PASS,Frozen mapping_evidence supports PO02 for the S claim.,mapping_evidence,,
I08,S_STRUCTURAL,Compartment-and-flow structure can map from epidemics to some social-diffusion states.,PO03,M,PASS,Frozen mapping_evidence supports PO03 for the S claim.,mapping_evidence,,
I08,S_STRUCTURAL,Compartment-and-flow structure can map from epidemics to some social-diffusion states.,PO16,M,PASS,Frozen provenance_evidence supports PO16 for the S claim.,provenance_evidence,,
I08,F_FORMAL,An SIR-like ODE can be used if compartments/transition rates are redefined and fitted to the social target.,PO00,M,PASS,Frozen grounding_evidence supports PO00 for the F claim.,grounding_evidence,,
I08,F_FORMAL,An SIR-like ODE can be used if compartments/transition rates are redefined and fitted to the social target.,PO01,M,PASS,Frozen mapping_evidence supports PO01 for the F claim.,mapping_evidence,,
I08,F_FORMAL,An SIR-like ODE can be used if compartments/transition rates are redefined and fitted to the social target.,PO02,M,PASS,Frozen mapping_evidence supports PO02 for the F claim.,mapping_evidence,,
I08,F_FORMAL,An SIR-like ODE can be used if compartments/transition rates are redefined and fitted to the social target.,PO03,M,PASS,Frozen mapping_evidence supports PO03 for the F claim.,mapping_evidence,,
I08,F_FORMAL,An SIR-like ODE can be used if compartments/transition rates are redefined and fitted to the social target.,PO04,M,PASS,Frozen formal_evidence supports PO04 for the F claim.,formal_evidence,,
I08,F_FORMAL,An SIR-like ODE can be used if compartments/transition rates are redefined and fitted to the social target.,PO05,C,NOT_APPLICABLE,PO05 is conditional on F and is not activated by this frozen claim; reason is explicit in the evidence bundle.,formal_evidence,,
I08,F_FORMAL,An SIR-like ODE can be used if compartments/transition rates are redefined and fitted to the social target.,PO06,M,PASS,Frozen assumptions_and_regime supports PO06 for the F claim.,assumptions_and_regime,,
I08,F_FORMAL,An SIR-like ODE can be used if compartments/transition rates are redefined and fitted to the social target.,PO07,M,PASS,Frozen assumptions_and_regime supports PO07 for the F claim.,assumptions_and_regime,,
I08,F_FORMAL,An SIR-like ODE can be used if compartments/transition rates are redefined and fitted to the social target.,PO09,C,PASS,Frozen assumptions_and_regime supports PO09 for the F claim.,assumptions_and_regime,,
I08,F_FORMAL,An SIR-like ODE can be used if compartments/transition rates are redefined and fitted to the social target.,PO10,C,PASS,Frozen parameter_calibration supports PO10 for the F claim.,parameter_calibration,,
I08,F_FORMAL,An SIR-like ODE can be used if compartments/transition rates are redefined and fitted to the social target.,PO11,C,PASS,Frozen empirical_bounds supports PO11 for the F claim.,empirical_bounds,,
I08,F_FORMAL,An SIR-like ODE can be used if compartments/transition rates are redefined and fitted to the social target.,PO16,M,PASS,Frozen provenance_evidence supports PO16 for the F claim.,provenance_evidence,,
I08,M_MECHANISTIC,Resharing is literally biological infection; non-sharing is immunity; fitted R is the same mechanistic constant as epidemiological R0.,PO00,M,PASS,Frozen grounding_evidence supports PO00 for the M claim.,grounding_evidence,,
I08,M_MECHANISTIC,Resharing is literally biological infection; non-sharing is immunity; fitted R is the same mechanistic constant as epidemiological R0.,PO01,M,PASS,Frozen mapping_evidence supports PO01 for the M claim.,mapping_evidence,,
I08,M_MECHANISTIC,Resharing is literally biological infection; non-sharing is immunity; fitted R is the same mechanistic constant as epidemiological R0.,PO02,M,PASS,Frozen mapping_evidence supports PO02 for the M claim.,mapping_evidence,,
I08,M_MECHANISTIC,Resharing is literally biological infection; non-sharing is immunity; fitted R is the same mechanistic constant as epidemiological R0.,PO03,M,PASS,Frozen mapping_evidence supports PO03 for the M claim.,mapping_evidence,,
I08,M_MECHANISTIC,Resharing is literally biological infection; non-sharing is immunity; fitted R is the same mechanistic constant as epidemiological R0.,PO04,M,PASS,Frozen formal_evidence supports PO04 for the M claim.,formal_evidence,,
I08,M_MECHANISTIC,Resharing is literally biological infection; non-sharing is immunity; fitted R is the same mechanistic constant as epidemiological R0.,PO05,C,NOT_APPLICABLE,PO05 is conditional on M and is not activated by this frozen claim; reason is explicit in the evidence bundle.,formal_evidence,,
I08,M_MECHANISTIC,Resharing is literally biological infection; non-sharing is immunity; fitted R is the same mechanistic constant as epidemiological R0.,PO06,M,FAIL,Biological recovery/immunity assumptions are reintroduced at M despite being replaced at F.,assumptions_and_regime,ASSUMPTION_REGIME,IA06_ASSUMPTION_LAUNDERING
I08,M_MECHANISTIC,Resharing is literally biological infection; non-sharing is immunity; fitted R is the same mechanistic constant as epidemiological R0.,PO07,M,FAIL,Target social-contact/platform regime is not biologically identical.,assumptions_and_regime,ASSUMPTION_REGIME,IA07_REGIME_EXTRAPOLATION
I08,M_MECHANISTIC,Resharing is literally biological infection; non-sharing is immunity; fitted R is the same mechanistic constant as epidemiological R0.,PO08,M,FAIL,Social sharing mechanism is not established as infection mechanism.,mechanism_evidence,MECHANISM_CAUSALITY,IA08_MECHANISM_SMUGGLING
I08,M_MECHANISTIC,Resharing is literally biological infection; non-sharing is immunity; fitted R is the same mechanistic constant as epidemiological R0.,PO09,M,PASS,Frozen assumptions_and_regime supports PO09 for the M claim.,assumptions_and_regime,,
I08,M_MECHANISTIC,Resharing is literally biological infection; non-sharing is immunity; fitted R is the same mechanistic constant as epidemiological R0.,PO10,M,FAIL,Biological parameter semantics are smuggled into target fitted rates.,parameter_calibration,INVARIANT_PARAMETER,IA11_PARAMETER_SMUGGLING
I08,M_MECHANISTIC,Resharing is literally biological infection; non-sharing is immunity; fitted R is the same mechanistic constant as epidemiological R0.,PO11,M,FAIL,Target social evidence does not support literal biological semantic identity.,empirical_bounds,EMPIRICAL,IA12_EMPIRICAL_COLLISION
I08,M_MECHANISTIC,Resharing is literally biological infection; non-sharing is immunity; fitted R is the same mechanistic constant as epidemiological R0.,PO12,C,NOT_APPLICABLE,PO12 is conditional on M and is not activated by this frozen claim; reason is explicit in the evidence bundle.,uncertainty_evidence,,
I08,M_MECHANISTIC,Resharing is literally biological infection; non-sharing is immunity; fitted R is the same mechanistic constant as epidemiological R0.,PO16,M,PASS,Frozen provenance_evidence supports PO16 for the M claim.,provenance_evidence,,
I09,S_STRUCTURAL,Horizon-like causal/wave structure can occur in a moving fluid.,PO00,M,PASS,Frozen grounding_evidence supports PO00 for the S claim.,grounding_evidence,,
I09,S_STRUCTURAL,Horizon-like causal/wave structure can occur in a moving fluid.,PO01,M,PASS,Frozen mapping_evidence supports PO01 for the S claim.,mapping_evidence,,
I09,S_STRUCTURAL,Horizon-like causal/wave structure can occur in a moving fluid.,PO02,M,PASS,Frozen mapping_evidence supports PO02 for the S claim.,mapping_evidence,,
I09,S_STRUCTURAL,Horizon-like causal/wave structure can occur in a moving fluid.,PO03,M,PASS,Frozen mapping_evidence supports PO03 for the S claim.,mapping_evidence,,
I09,S_STRUCTURAL,Horizon-like causal/wave structure can occur in a moving fluid.,PO16,M,PASS,Frozen provenance_evidence supports PO16 for the S claim.,provenance_evidence,,
I09,F_FORMAL,Perturbations can obey an effective-metric/acoustic-horizon equation with a bounded analogy to curved-spacetime wave kinematics.,PO00,M,PASS,Frozen grounding_evidence supports PO00 for the F claim.,grounding_evidence,,
I09,F_FORMAL,Perturbations can obey an effective-metric/acoustic-horizon equation with a bounded analogy to curved-spacetime wave kinematics.,PO01,M,PASS,Frozen mapping_evidence supports PO01 for the F claim.,mapping_evidence,,
I09,F_FORMAL,Perturbations can obey an effective-metric/acoustic-horizon equation with a bounded analogy to curved-spacetime wave kinematics.,PO02,M,PASS,Frozen mapping_evidence supports PO02 for the F claim.,mapping_evidence,,
I09,F_FORMAL,Perturbations can obey an effective-metric/acoustic-horizon equation with a bounded analogy to curved-spacetime wave kinematics.,PO03,M,PASS,Frozen mapping_evidence supports PO03 for the F claim.,mapping_evidence,,
I09,F_FORMAL,Perturbations can obey an effective-metric/acoustic-horizon equation with a bounded analogy to curved-spacetime wave kinematics.,PO04,M,PASS,Frozen formal_evidence supports PO04 for the F claim.,formal_evidence,,
I09,F_FORMAL,Perturbations can obey an effective-metric/acoustic-horizon equation with a bounded analogy to curved-spacetime wave kinematics.,PO05,C,PASS,Frozen formal_evidence supports PO05 for the F claim.,formal_evidence,,
I09,F_FORMAL,Perturbations can obey an effective-metric/acoustic-horizon equation with a bounded analogy to curved-spacetime wave kinematics.,PO06,M,PASS,Frozen assumptions_and_regime supports PO06 for the F claim.,assumptions_and_regime,,
I09,F_FORMAL,Perturbations can obey an effective-metric/acoustic-horizon equation with a bounded analogy to curved-spacetime wave kinematics.,PO07,M,PASS,Frozen assumptions_and_regime supports PO07 for the F claim.,assumptions_and_regime,,
I09,F_FORMAL,Perturbations can obey an effective-metric/acoustic-horizon equation with a bounded analogy to curved-spacetime wave kinematics.,PO09,C,PASS,Frozen assumptions_and_regime supports PO09 for the F claim.,assumptions_and_regime,,
I09,F_FORMAL,Perturbations can obey an effective-metric/acoustic-horizon equation with a bounded analogy to curved-spacetime wave kinematics.,PO10,C,PASS,Frozen parameter_calibration supports PO10 for the F claim.,parameter_calibration,,
I09,F_FORMAL,Perturbations can obey an effective-metric/acoustic-horizon equation with a bounded analogy to curved-spacetime wave kinematics.,PO11,C,PASS,Frozen empirical_bounds supports PO11 for the F claim.,empirical_bounds,,
I09,F_FORMAL,Perturbations can obey an effective-metric/acoustic-horizon equation with a bounded analogy to curved-spacetime wave kinematics.,PO16,M,PASS,Frozen provenance_evidence supports PO16 for the F claim.,provenance_evidence,,
I09,M_MECHANISTIC,The fluid is physically equivalent to an astrophysical black hole and reproduces the full Einstein gravitational dynamics.,PO00,M,PASS,Frozen grounding_evidence supports PO00 for the M claim.,grounding_evidence,,
I09,M_MECHANISTIC,The fluid is physically equivalent to an astrophysical black hole and reproduces the full Einstein gravitational dynamics.,PO01,M,PASS,Frozen mapping_evidence supports PO01 for the M claim.,mapping_evidence,,
I09,M_MECHANISTIC,The fluid is physically equivalent to an astrophysical black hole and reproduces the full Einstein gravitational dynamics.,PO02,M,PASS,Frozen mapping_evidence supports PO02 for the M claim.,mapping_evidence,,
I09,M_MECHANISTIC,The fluid is physically equivalent to an astrophysical black hole and reproduces the full Einstein gravitational dynamics.,PO03,M,PASS,Frozen mapping_evidence supports PO03 for the M claim.,mapping_evidence,,
I09,M_MECHANISTIC,The fluid is physically equivalent to an astrophysical black hole and reproduces the full Einstein gravitational dynamics.,PO04,M,PASS,Frozen formal_evidence supports PO04 for the M claim.,formal_evidence,,
I09,M_MECHANISTIC,The fluid is physically equivalent to an astrophysical black hole and reproduces the full Einstein gravitational dynamics.,PO05,C,PASS,Frozen formal_evidence supports PO05 for the M claim.,formal_evidence,,
I09,M_MECHANISTIC,The fluid is physically equivalent to an astrophysical black hole and reproduces the full Einstein gravitational dynamics.,PO06,M,PASS,Frozen assumptions_and_regime supports PO06 for the M claim.,assumptions_and_regime,,
I09,M_MECHANISTIC,The fluid is physically equivalent to an astrophysical black hole and reproduces the full Einstein gravitational dynamics.,PO07,M,PASS,Frozen assumptions_and_regime supports PO07 for the M claim.,assumptions_and_regime,,
I09,M_MECHANISTIC,The fluid is physically equivalent to an astrophysical black hole and reproduces the full Einstein gravitational dynamics.,PO08,M,FAIL,Effective wave kinematics do not instantiate spacetime-curvature source dynamics.,mechanism_evidence,MECHANISM_CAUSALITY,IA08_MECHANISM_SMUGGLING
I09,M_MECHANISTIC,The fluid is physically equivalent to an astrophysical black hole and reproduces the full Einstein gravitational dynamics.,PO09,M,FAIL,The full gravitational field constraints/invariants are not preserved by the analogue.,assumptions_and_regime,INVARIANT_PARAMETER,IA10_INVARIANT_CONSERVATION_VIOLATION
I09,M_MECHANISTIC,The fluid is physically equivalent to an astrophysical black hole and reproduces the full Einstein gravitational dynamics.,PO10,M,FAIL,Acoustic parameters are not identical to astrophysical gravitational parameters.,parameter_calibration,INVARIANT_PARAMETER,IA11_PARAMETER_SMUGGLING
I09,M_MECHANISTIC,The fluid is physically equivalent to an astrophysical black hole and reproduces the full Einstein gravitational dynamics.,PO11,M,FAIL,Analogue evidence cannot validate full GR dynamical identity.,empirical_bounds,EMPIRICAL,IA12_EMPIRICAL_COLLISION
I09,M_MECHANISTIC,The fluid is physically equivalent to an astrophysical black hole and reproduces the full Einstein gravitational dynamics.,PO12,C,NOT_APPLICABLE,PO12 is conditional on M and is not activated by this frozen claim; reason is explicit in the evidence bundle.,uncertainty_evidence,,
I09,M_MECHANISTIC,The fluid is physically equivalent to an astrophysical black hole and reproduces the full Einstein gravitational dynamics.,PO16,M,PASS,Frozen provenance_evidence supports PO16 for the M claim.,provenance_evidence,,
I10,S_STRUCTURAL,Market and thermodynamic systems can share a loose aggregate-equilibrium structural analogy.,PO00,M,PASS,Frozen grounding_evidence supports PO00 for the S claim.,grounding_evidence,,
I10,S_STRUCTURAL,Market and thermodynamic systems can share a loose aggregate-equilibrium structural analogy.,PO01,M,PASS,Frozen mapping_evidence supports PO01 for the S claim.,mapping_evidence,,
I10,S_STRUCTURAL,Market and thermodynamic systems can share a loose aggregate-equilibrium structural analogy.,PO02,M,PASS,Frozen mapping_evidence supports PO02 for the S claim.,mapping_evidence,,
I10,S_STRUCTURAL,Market and thermodynamic systems can share a loose aggregate-equilibrium structural analogy.,PO03,M,PASS,Frozen mapping_evidence supports PO03 for the S claim.,mapping_evidence,,
I10,S_STRUCTURAL,Market and thermodynamic systems can share a loose aggregate-equilibrium structural analogy.,PO16,M,PASS,Frozen provenance_evidence supports PO16 for the S claim.,provenance_evidence,,
I10,F_FORMAL,"Prices/trades literally obey thermodynamic temperature, energy-conservation, and entropy state equations.",PO00,M,PASS,Frozen grounding_evidence supports PO00 for the F claim.,grounding_evidence,,
I10,F_FORMAL,"Prices/trades literally obey thermodynamic temperature, energy-conservation, and entropy state equations.",PO01,M,PASS,Frozen mapping_evidence supports PO01 for the F claim.,mapping_evidence,,
I10,F_FORMAL,"Prices/trades literally obey thermodynamic temperature, energy-conservation, and entropy state equations.",PO02,M,FAIL,Mapped quantities do not occupy type-compatible physical roles for the literal claim.,mapping_evidence,MAPPING_TYPE_RELATION,IA02_TYPE_ROLE_MISMATCH
I10,F_FORMAL,"Prices/trades literally obey thermodynamic temperature, energy-conservation, and entropy state equations.",PO03,M,PASS,Frozen mapping_evidence supports PO03 for the F claim.,mapping_evidence,,
I10,F_FORMAL,"Prices/trades literally obey thermodynamic temperature, energy-conservation, and entropy state equations.",PO04,M,FAIL,No valid target formal translation of thermodynamic state equations is supplied.,formal_evidence,FORMAL_METROLOGY,IA04_FORMAL_DOMAIN_ERROR
I10,F_FORMAL,"Prices/trades literally obey thermodynamic temperature, energy-conservation, and entropy state equations.",PO05,C,FAIL,Currency/price/utility are not made dimensionally equivalent to energy/temperature.,formal_evidence,FORMAL_METROLOGY,IA05_DIMENSIONAL_ERROR
I10,F_FORMAL,"Prices/trades literally obey thermodynamic temperature, energy-conservation, and entropy state equations.",PO06,M,FAIL,Closed/equilibrium thermodynamic assumptions are laundered into an adaptive open market.,assumptions_and_regime,ASSUMPTION_REGIME,IA06_ASSUMPTION_LAUNDERING
I10,F_FORMAL,"Prices/trades literally obey thermodynamic temperature, energy-conservation, and entropy state equations.",PO07,M,PASS,Frozen assumptions_and_regime supports PO07 for the F claim.,assumptions_and_regime,,
I10,F_FORMAL,"Prices/trades literally obey thermodynamic temperature, energy-conservation, and entropy state equations.",PO09,C,PASS,Frozen assumptions_and_regime supports PO09 for the F claim.,assumptions_and_regime,,
I10,F_FORMAL,"Prices/trades literally obey thermodynamic temperature, energy-conservation, and entropy state equations.",PO10,C,PASS,Frozen parameter_calibration supports PO10 for the F claim.,parameter_calibration,,
I10,F_FORMAL,"Prices/trades literally obey thermodynamic temperature, energy-conservation, and entropy state equations.",PO11,C,NOT_APPLICABLE,PO11 is conditional on F and is not activated by this frozen claim; reason is explicit in the evidence bundle.,empirical_bounds,,
I10,F_FORMAL,"Prices/trades literally obey thermodynamic temperature, energy-conservation, and entropy state equations.",PO16,M,PASS,Frozen provenance_evidence supports PO16 for the F claim.,provenance_evidence,,
I10,M_MECHANISTIC,Market equilibration is physically the same mechanism as thermodynamic equilibration.,PO00,M,PASS,Frozen grounding_evidence supports PO00 for the M claim.,grounding_evidence,,
I10,M_MECHANISTIC,Market equilibration is physically the same mechanism as thermodynamic equilibration.,PO01,M,PASS,Frozen mapping_evidence supports PO01 for the M claim.,mapping_evidence,,
I10,M_MECHANISTIC,Market equilibration is physically the same mechanism as thermodynamic equilibration.,PO02,M,PASS,Frozen mapping_evidence supports PO02 for the M claim.,mapping_evidence,,
I10,M_MECHANISTIC,Market equilibration is physically the same mechanism as thermodynamic equilibration.,PO03,M,PASS,Frozen mapping_evidence supports PO03 for the M claim.,mapping_evidence,,
I10,M_MECHANISTIC,Market equilibration is physically the same mechanism as thermodynamic equilibration.,PO04,M,PASS,Frozen formal_evidence supports PO04 for the M claim.,formal_evidence,,
I10,M_MECHANISTIC,Market equilibration is physically the same mechanism as thermodynamic equilibration.,PO05,C,PASS,Frozen formal_evidence supports PO05 for the M claim.,formal_evidence,,
I10,M_MECHANISTIC,Market equilibration is physically the same mechanism as thermodynamic equilibration.,PO06,M,PASS,Frozen assumptions_and_regime supports PO06 for the M claim.,assumptions_and_regime,,
I10,M_MECHANISTIC,Market equilibration is physically the same mechanism as thermodynamic equilibration.,PO07,M,PASS,Frozen assumptions_and_regime supports PO07 for the M claim.,assumptions_and_regime,,
I10,M_MECHANISTIC,Market equilibration is physically the same mechanism as thermodynamic equilibration.,PO08,M,FAIL,No thermalization mechanism is established.,mechanism_evidence,MECHANISM_CAUSALITY,IA08_MECHANISM_SMUGGLING
I10,M_MECHANISTIC,Market equilibration is physically the same mechanism as thermodynamic equilibration.,PO09,M,FAIL,Literal physical conservation/entropy laws are not preserved as asserted.,assumptions_and_regime,INVARIANT_PARAMETER,IA10_INVARIANT_CONSERVATION_VIOLATION
I10,M_MECHANISTIC,Market equilibration is physically the same mechanism as thermodynamic equilibration.,PO10,M,FAIL,No valid parameter/unit calibration exists.,parameter_calibration,INVARIANT_PARAMETER,IA11_PARAMETER_SMUGGLING
I10,M_MECHANISTIC,Market equilibration is physically the same mechanism as thermodynamic equilibration.,PO11,M,FAIL,Target empirical behavior does not establish literal thermodynamic law identity.,empirical_bounds,EMPIRICAL,IA12_EMPIRICAL_COLLISION
I10,M_MECHANISTIC,Market equilibration is physically the same mechanism as thermodynamic equilibration.,PO12,C,NOT_APPLICABLE,PO12 is conditional on M and is not activated by this frozen claim; reason is explicit in the evidence bundle.,uncertainty_evidence,,
I10,M_MECHANISTIC,Market equilibration is physically the same mechanism as thermodynamic equilibration.,PO16,M,PASS,Frozen provenance_evidence supports PO16 for the M claim.,provenance_evidence,,
